product_id,onsale_web,price,stock_quantity,stock_status,purchase_price,product_id_raw,id_web,id_web_raw,sku,sku_raw,total_sales,product_type,post_type,post_title,web_match_status,ca_octobre_ttc,prix_vente_ht,marge_unitaire_ht,taux_marque,taux_marge_sur_cout,marge_octobre_ht,valeur_stock_cout_ht,valeur_stock_vente_ttc,couverture_au_rythme_octobre_mois,segment_stock,prix_inhabituel_mad
3847,1,24.2,16,instock,12.88,3847,15298,15298,15298,15298,6.0,Vin,product,Pierre Jean Villa Saint-Joseph Préface 2018,both,145.2,20.166666666666668,7.286666666666667,0.36132231404958676,0.5657349896480331,43.72,206.08,387.2,2.6666666666666665,couverture_1_a_3_mois,False
3849,1,34.3,10,instock,17.54,3849,15296,15296,15296,15296,9.0,Vin,product,Pierre Jean Villa Saint-Joseph Rouge Tildé 2017,both,308.7,28.583333333333332,11.043333333333333,0.38635568513119534,0.6296085138730521,99.39,175.39999999999998,343.0,1.1111111111111112,couverture_1_a_3_mois,False
3850,1,20.8,0,outofstock,10.64,3850,15300,15300,15300,15300,0.0,Vin,product,Pierre Jean Villa Crozes-Hermitage Accroche Coeur 2018,both,0.0,17.333333333333336,6.693333333333335,0.3861538461538462,0.6290726817042608,0.0,0.0,0.0,,ni_stock_ni_vente,False
4032,1,14.1,26,instock,6.92,4032,19814,19814,19814,19814,12.0,Vin,product,Pierre Jean Villa IGP Collines Rhodaniennes Gamine 2018,both,169.2,11.75,4.83,0.41106382978723405,0.6979768786127167,57.96,179.92,366.59999999999997,2.1666666666666665,couverture_1_a_3_mois,False
4039,1,46.0,3,outofstock,23.77,4039,19815,19815,19815,19815,3.0,Vin,product,Pierre Jean Villa Côte Rôtie Carmina 2017,both,138.0,38.333333333333336,14.563333333333336,0.37991304347826094,0.6126770438928623,43.69000000000001,71.31,138.0,1.0,couverture_1_a_3_mois,False
4040,1,34.3,12,instock,18.25,4040,15303,15303,15303,15303,7.0,Vin,product,Pierre Jean Villa Saint-Joseph Saut De l'Ange 2018,both,240.09999999999997,28.583333333333332,10.333333333333332,0.36151603498542273,0.5662100456621004,72.33333333333333,219.0,411.59999999999997,1.7142857142857142,couverture_1_a_3_mois,False
4041,1,32.7,12,instock,17.57,4041,14975,14975,14975,14975,6.0,Vin,product,Pierre Gaillard Condrieu 2018,both,196.20000000000002,27.250000000000004,9.680000000000003,0.3552293577981652,0.5509391007398977,58.08000000000002,210.84,392.40000000000003,2.0,couverture_1_a_3_mois,False
4042,1,31.2,15,instock,15.48,4042,16042,16042,16042,16042,8.0,Vin,product,Pierre Gaillard Cornas 2017,both,249.6,26.0,10.52,0.4046153846153846,0.6795865633074935,84.16,232.20000000000002,468.0,1.875,couverture_1_a_3_mois,False
4043,1,60.0,0,outofstock,29.45,4043,14980,14980,14980,14980,0.0,Vin,product,Pierre Gaillard Côte Rôtie Esprit de Blonde 2017,both,0.0,50.0,20.55,0.41100000000000003,0.6977928692699491,0.0,0.0,0.0,,ni_stock_ni_vente,False
4045,1,42.6,5,instock,22.01,4045,16041,16041,16041,16041,3.0,Vin,product,Pierre Gaillard Côte Rôtie 2018,both,127.80000000000001,35.5,13.489999999999998,0.37999999999999995,0.6129032258064515,40.47,110.05000000000001,213.0,1.6666666666666667,couverture_1_a_3_mois,False
4046,1,80.0,2,instock,40.92,4046,15269,15269,15269,15269,2.0,Vin,product,Pierre Gaillard Côte Rôtie Rose Pourpre 2017,both,160.0,66.66666666666667,25.74666666666667,0.38620000000000004,0.6291951775822744,51.49333333333334,81.84,160.0,1.0,couverture_1_a_3_mois,False
4047,1,18.3,0,outofstock,9.93,4047,14977,14977,14977,14977,0.0,Vin,product,Pierre Gaillard Côtes-du-Rhône Blanc Les Gendrines 2018,both,0.0,15.250000000000002,5.320000000000002,0.34885245901639356,0.5357502517623366,0.0,0.0,0.0,,ni_stock_ni_vente,False
4048,1,22.8,24,instock,11.78,4048,16044,16044,16044,16044,12.0,Vin,product,Pierre Gaillard Saint-Joseph Rouge Clos de Cuminaille 2018,both,273.6,19.0,7.220000000000001,0.38000000000000006,0.6129032258064517,86.64000000000001,282.71999999999997,547.2,2.0,couverture_1_a_3_mois,False
4049,1,19.3,25,instock,10.27,4049,16043,16043,16043,16043,10.0,Vin,product,Pierre Gaillard Saint-Joseph Rouge 2018,both,193.0,16.083333333333336,5.813333333333336,0.36145077720207264,0.5660499837715031,58.13333333333336,256.75,482.5,2.5,couverture_1_a_3_mois,False
4050,1,21.8,42,instock,11.26,4050,16449,16449,16449,16449,12.0,Vin,product,Pierre Gaillard Saint-Joseph Blanc 2019,both,261.6,18.166666666666668,6.906666666666668,0.38018348623853215,0.6133806986382476,82.88000000000002,472.92,915.6,3.5,couverture_3_a_6_mois,False
4051,1,7.7,0,outofstock,4.14,4051,16045,16045,16045,16045,0.0,Vin,product,Jeanne Gaillard IGP Collines Rhodaniennes Syrah Terre de Mandrin 2018,both,0.0,6.416666666666667,2.2766666666666673,0.3548051948051949,0.5499194847020936,0.0,0.0,0.0,,ni_stock_ni_vente,False
4052,1,33.7,0,outofstock,18.11,4052,16030,16030,16030,16030,0.0,Vin,product,Clos du Mont-Olivet Châteauneuf-du-Pape Blanc 2019,both,0.0,28.083333333333336,9.973333333333336,0.3551335311572701,0.5507086324314376,0.0,0.0,0.0,,ni_stock_ni_vente,False
4053,1,44.3,7,instock,22.2,4053,13127,13127,13127,13127,5.0,Vin,product,Clos du Mont-Olivet Châteauneuf-du-Pape 2012,both,221.5,36.916666666666664,14.716666666666665,0.3986455981941309,0.6629129129129129,73.58333333333333,155.4,310.09999999999997,1.4,couverture_1_a_3_mois,False
4054,1,71.6,6,instock,38.47,4054,19816,19816,19816,19816,3.0,Vin,product,Clos du Mont-Olivet Châteauneuf-du-Pape Cuvée du Papet 2018,both,214.79999999999998,59.666666666666664,21.196666666666665,0.35525139664804467,0.5509921150680184,63.589999999999996,230.82,429.59999999999997,2.0,couverture_1_a_3_mois,False
4056,1,12.7,38,instock,6.36,4056,16029,16029,16029,16029,11.0,Vin,product,Clos du Mont-Olivet Côtes-du-Rhône Vieilles Vignes 2018,both,139.7,10.583333333333334,4.223333333333334,0.39905511811023625,0.6640461215932915,46.45666666666667,241.68,482.59999999999997,3.4545454545454546,couverture_3_a_6_mois,False
4057,1,8.7,29,instock,4.36,4057,16039,16039,16039,16039,14.0,Vin,product,Mourgues du Grès Costières de Nîmes Galets Dorés 2019,both,121.79999999999998,7.25,2.8899999999999997,0.3986206896551724,0.6628440366972476,40.459999999999994,126.44000000000001,252.29999999999998,2.0714285714285716,couverture_1_a_3_mois,False
4058,1,8.7,39,instock,4.72,4058,16318,16318,16318,16318,13.0,Vin,product,Mourgues du Grès Costières de Nîmes Galets Rouges 2019,both,113.1,7.25,2.5300000000000002,0.34896551724137936,0.5360169491525425,32.89,184.07999999999998,339.29999999999995,3.0,couverture_3_a_6_mois,False
4059,1,8.7,34,instock,4.32,4059,16275,16275,16275,16275,16.0,Vin,product,Mourgues du Grès Costières de Nîmes Galets Rosés 2019,both,139.2,7.25,2.9299999999999997,0.4041379310344827,0.6782407407407406,46.879999999999995,146.88,295.79999999999995,2.125,couverture_1_a_3_mois,False
4060,1,11.9,29,instock,6.33,4060,16498,16498,16498,16498,13.0,Vin,product,Mourgues du Grès Costières de Nîmes Terre d'Argence 2017,both,154.70000000000002,9.916666666666668,3.586666666666668,0.36168067226890765,0.5666140073723014,46.62666666666668,183.57,345.1,2.230769230769231,couverture_1_a_3_mois,False
4062,1,11.9,30,instock,6.27,4062,16320,16320,16320,16320,9.0,Vin,product,Mourgues du Grès IGP Pont du Gard Terre d'Argence 2018,both,107.10000000000001,9.916666666666668,3.6466666666666683,0.3677310924369749,0.5816055289739503,32.820000000000014,188.1,357.0,3.3333333333333335,couverture_3_a_6_mois,False
4063,1,14.5,33,instock,7.19,4063,16319,16319,16319,16319,12.0,Vin,product,Mourgues du Grès Costières de Nîmes Terre de Feu 2017,both,174.0,12.083333333333334,4.8933333333333335,0.4049655172413793,0.6805748725081131,58.72,237.27,478.5,2.75,couverture_1_a_3_mois,False
4064,1,14.4,32,instock,7.66,4064,15966,15966,15966,15966,10.0,Vin,product,Oratoire Saint Martin Cairanne Rouge Réserve des Seigneurs 2017,both,144.0,12.0,4.34,0.36166666666666664,0.5665796344647519,43.4,245.12,460.8,3.2,couverture_3_a_6_mois,False
4065,1,19.5,0,outofstock,9.67,4065,15022,15022,15022,15022,0.0,Vin,product,Oratoire Saint Martin Cairanne Rouge Les Douyes 2016,both,0.0,16.25,6.58,0.40492307692307694,0.6804550155118925,0.0,0.0,0.0,,ni_stock_ni_vente,False
4066,1,20.8,27,instock,10.42,4066,15967,15967,15967,15967,8.0,Vin,product,Oratoire Saint Martin Cairanne Rouge Haut Coustias 2016,both,166.4,17.333333333333336,6.913333333333336,0.3988461538461539,0.6634676903390917,55.306666666666686,281.34,561.6,3.375,couverture_3_a_6_mois,False
4067,1,22.0,22,instock,11.37,4067,15490,15490,15490,15490,7.0,Vin,product,Gilles Robin Crozes-Hermitage Rouge Albéric 2017,both,154.0,18.333333333333336,6.9633333333333365,0.37981818181818194,0.6124303723248318,48.743333333333354,250.14,484.0,3.142857142857143,couverture_3_a_6_mois,False
4068,1,16.6,25,instock,8.92,4068,16416,16416,16416,16416,12.0,Vin,product,Gilles Robin Crozes-Hermitage Rouge Papillon 2019,both,199.20000000000002,13.833333333333336,4.913333333333336,0.3551807228915664,0.5508221225710018,58.96000000000003,223.0,415.00000000000006,2.0833333333333335,couverture_1_a_3_mois,False
4069,1,60.0,4,instock,30.07,4069,11862,11862,11862,11862,3.0,Vin,product,Gilles Robin Hermitage Rouge 2012,both,180.0,50.0,19.93,0.3986,0.6627868307283006,59.79,120.28,240.0,1.3333333333333333,couverture_1_a_3_mois,False
4070,1,23.4,32,instock,12.21,4070,15444,15444,15444,15444,10.0,Vin,product,Gilles Robin Crozes-Hermitage Blanc Les Marelles 2018,both,234.0,19.5,7.289999999999999,0.37384615384615383,0.5970515970515969,72.89999999999999,390.72,748.8,3.2,couverture_3_a_6_mois,False
4071,1,33.2,19,instock,17.15,4071,15953,15953,15953,15953,10.0,Vin,product,Château de Vaudieu Châteauneuf-du-Pape Rouge 2015,both,332.0,27.66666666666667,10.516666666666673,0.380120481927711,0.613216715257532,105.16666666666673,325.84999999999997,630.8000000000001,1.9,couverture_1_a_3_mois,False
4072,1,32.0,8,instock,15.71,4072,12045,12045,12045,12045,5.0,Vin,product,Château de Vaudieu Châteauneuf-du-Pape Blanc 2015,both,160.0,26.666666666666668,10.956666666666667,0.410875,0.6974326331423721,54.78333333333333,125.68,256.0,1.6,couverture_1_a_3_mois,False
4073,1,77.8,8,instock,40.6,4073,13074,13074,13074,13074,4.0,Vin,product,Château de Vaudieu Châteauneuf-du-Pape L'Avenue 2015,both,311.2,64.83333333333333,24.233333333333327,0.3737789203084832,0.5968801313628899,96.93333333333331,324.8,622.4,2.0,couverture_1_a_3_mois,False
4074,1,12.7,30,instock,6.76,4074,15941,15941,15941,15941,12.0,Vin,product,Domaine de la Jérôme Côtes du Rhône Village 201,both,152.39999999999998,10.583333333333334,3.823333333333334,0.36125984251968507,0.5655818540433927,45.88000000000001,202.79999999999998,381.0,2.5,couverture_1_a_3_mois,False
4075,1,14.7,35,instock,7.97,4075,16069,16069,16069,16069,10.0,Vin,product,Plateau des Chênes Lirac 2015,both,147.0,12.25,4.28,0.34938775510204084,0.5370138017565872,42.800000000000004,278.95,514.5,3.5,couverture_3_a_6_mois,False
4076,1,14.05,32,instock,6.9,4076,13072,13072,13072,13072,13.0,Vin,product,Plateau des Chênes Lirac 2016,both,182.65,11.708333333333334,4.808333333333334,0.4106761565836299,0.6968599033816425,62.50833333333334,220.8,449.6,2.4615384615384617,couverture_1_a_3_mois,False
4077,1,22.9,34,instock,11.95,4077,15440,15440,15440,15440,12.0,Vin,product,Domaine des Bosquets Gigondas 2016,both,274.79999999999995,19.083333333333332,7.133333333333333,0.3737991266375546,0.596931659693166,85.6,406.29999999999995,778.5999999999999,2.8333333333333335,couverture_1_a_3_mois,False
4078,1,44.0,8,instock,22.28,4078,13435,13435,13435,13435,5.0,Vin,product,Domaine des Bosquets Gigondas La Colline 2015,both,220.0,36.66666666666667,14.38666666666667,0.3923636363636364,0.6457211250748056,71.93333333333335,178.24,352.0,1.6,couverture_1_a_3_mois,False
4079,1,37.0,0,outofstock,19.5,4079,13078,13078,13078,13078,0.0,Vin,product,Le Vieux Donjon Châteauneuf-du-Pape 2013,both,0.0,30.833333333333336,11.333333333333336,0.36756756756756764,0.5811965811965814,0.0,0.0,0.0,,ni_stock_ni_vente,False
4081,1,39.0,6,instock,19.14,4081,13117,13117,13117,13117,4.0,Vin,product,Le Vieux Donjon Châteauneuf-du-Pape 2016,both,156.0,32.5,13.36,0.41107692307692306,0.6980146290491117,53.44,114.84,234.0,1.5,couverture_1_a_3_mois,False
4083,1,17.0,21,instock,8.78,4083,16296,16296,16296,16296,9.0,Vin,product,"Rimauresq Côtes de Provence Blanc Cru Classé ""R"" 2019",both,153.0,14.166666666666668,5.3866666666666685,0.38023529411764717,0.613515565679575,48.48000000000002,184.38,357.0,2.3333333333333335,couverture_1_a_3_mois,False
4084,1,23.2,23,instock,11.63,4084,16014,16014,16014,16014,7.0,Vin,product,"Rimauresq Côtes de Provence Rouge Cru Classé ""R"" 2017",both,162.4,19.333333333333332,7.703333333333331,0.3984482758620689,0.6623674405273715,53.92333333333332,267.49,533.6,3.2857142857142856,couverture_3_a_6_mois,False
4085,1,19.0,27,instock,9.82,4085,16462,16462,16462,16462,8.0,Vin,product,Rimauresq Côtes de Provence Rouge Cru Classé 2017,both,152.0,15.833333333333334,6.013333333333334,0.3797894736842105,0.6123557365919892,48.10666666666667,265.14,513.0,3.375,couverture_3_a_6_mois,False
4086,1,16.4,30,instock,8.13,4086,16013,16013,16013,16013,11.0,Vin,product,Rimauresq Côtes de Provence Blanc Cru Classé 2019,both,180.39999999999998,13.666666666666666,5.536666666666665,0.4051219512195121,0.6810168101681014,60.90333333333332,243.90000000000003,491.99999999999994,2.727272727272727,couverture_1_a_3_mois,False
4087,1,14.4,15,instock,7.81,4087,16180,16180,16180,16180,7.0,Vin,product,Rimauresq Côtes de Provence Cru Classé Rosé 2019,both,100.8,12.0,4.19,0.3491666666666667,0.5364916773367479,29.330000000000002,117.14999999999999,216.0,2.142857142857143,couverture_1_a_3_mois,False
4094,1,13.7,20,instock,7.15,4094,15676,15676,15676,15676,7.0,Vin,product,Paul Ginglinger Gewurztraminer Wahlenbourg 2017,both,95.89999999999999,11.416666666666666,4.266666666666666,0.3737226277372262,0.5967365967365966,29.86666666666666,143.0,274.0,2.857142857142857,couverture_1_a_3_mois,False
4095,1,12.6,42,instock,6.31,4095,16120,16120,16120,16120,13.0,Vin,product,Paul Ginglinger Muscat Caroline 2018,both,163.79999999999998,10.5,4.19,0.3990476190476191,0.6640253565768622,54.470000000000006,265.02,529.1999999999999,3.230769230769231,couverture_3_a_6_mois,False
4096,1,22.8,18,instock,11.54,4096,15564,15564,15564,15564,6.0,Vin,product,Paul Ginglinger Pinot Gris Grand Cru Eichberg 2015,both,136.8,19.0,7.460000000000001,0.39263157894736844,0.6464471403812826,44.760000000000005,207.71999999999997,410.40000000000003,3.0,couverture_3_a_6_mois,False
4097,1,12.8,35,instock,6.48,4097,15675,15675,15675,15675,11.0,Vin,product,Paul Ginglinger Pinot Gris Les Prelats 2018,both,140.8,10.666666666666668,4.186666666666667,0.3925,0.6460905349794239,46.05333333333334,226.8,448.0,3.1818181818181817,couverture_3_a_6_mois,False
4098,1,22.1,17,instock,10.96,4098,15378,15378,15378,15378,8.0,Vin,product,Paul Ginglinger Pinot Noir Les Rocailles 2016,both,176.8,18.416666666666668,7.456666666666667,0.40488687782805427,0.680352798053528,59.653333333333336,186.32000000000002,375.70000000000005,2.125,couverture_1_a_3_mois,False
4099,1,12.8,40,instock,6.41,4099,15813,15813,15813,15813,14.0,Vin,product,Paul Ginglinger Riesling Drei Exa 2018,both,179.20000000000002,10.666666666666668,4.256666666666668,0.39906250000000004,0.6640665626625066,59.59333333333335,256.4,512.0,2.857142857142857,couverture_1_a_3_mois,False
4100,1,15.8,0,outofstock,8.57,4100,13416,13416,13416,13416,0.0,Vin,product,Emile Boeckel Gewurztraminer Grand Cru Zotzenberg 2016,both,0.0,13.166666666666668,4.596666666666668,0.34911392405063296,0.5363671723064957,0.0,0.0,0.0,,ni_stock_ni_vente,False
4101,1,15.8,21,instock,8.33,4101,14905,14905,14905,14905,7.0,Vin,product,Emile Boeckel Pinot Gris Grand Cru Zotzenberg 2016,both,110.60000000000001,13.166666666666668,4.836666666666668,0.3673417721518988,0.5806322529011606,33.856666666666676,174.93,331.8,3.0,couverture_3_a_6_mois,False
4102,1,16.3,16,instock,8.0,4102,15767,15767,15767,15767,7.0,Vin,product,Emile Boeckel Sylvaner Grand Cru Zotzenberg 2017,both,114.10000000000001,13.583333333333334,5.583333333333334,0.4110429447852761,0.6979166666666667,39.083333333333336,128.0,260.8,2.2857142857142856,couverture_1_a_3_mois,False
4103,1,16.3,30,instock,8.0,4103,16505,16505,16505,16505,12.0,Vin,product,Emile Boeckel Riesling Grand Cru Wiebelsberg 2016,both,195.60000000000002,13.583333333333334,5.583333333333334,0.4110429447852761,0.6979166666666667,67.0,240.0,489.0,2.5,couverture_1_a_3_mois,False
4104,1,9.7,35,instock,5.11,4104,15683,15683,15683,15683,15.0,Vin,product,Emile Boeckel Riesling Brandluft 2018,both,145.5,8.083333333333334,2.9733333333333336,0.36783505154639173,0.5818656229615133,44.6,178.85000000000002,339.5,2.3333333333333335,couverture_1_a_3_mois,False
4105,1,6.8,45,instock,3.51,4105,16504,16504,16504,16504,16.0,Vin,product,Emile Boeckel Sylvaner Vieilles Vignes 2019,both,108.8,5.666666666666667,2.156666666666667,0.3805882352941177,0.6144349477682813,34.506666666666675,157.95,306.0,2.8125,couverture_1_a_3_mois,False
4106,1,12.6,24,instock,6.64,4106,15787,15787,15787,15787,9.0,Vin,product,Emile Boeckel Pinot Noir Barriques Oberpfoeller 2018,both,113.39999999999999,10.5,3.8600000000000003,0.3676190476190476,0.5813253012048194,34.74,159.35999999999999,302.4,2.6666666666666665,couverture_1_a_3_mois,False
4107,1,35.0,8,instock,17.54,4107,14800,14800,14800,14800,5.0,Vin,product,Emile Boeckel Pinot Noir Terres Rouges 2016,both,175.0,29.166666666666668,11.626666666666669,0.3986285714285715,0.6628658304827063,58.13333333333334,140.32,280.0,1.6,couverture_1_a_3_mois,False
4108,1,31.7,13,instock,16.54,4108,15353,15353,15353,15353,7.0,Vin,product,Zind-Humbrecht Riesling Herrenweg de Turckheim 2017,both,221.9,26.416666666666668,9.876666666666669,0.37388012618296534,0.5971382507053609,69.13666666666668,215.01999999999998,412.09999999999997,1.8571428571428572,couverture_1_a_3_mois,False
4115,1,100.0,12,instock,52.7,4115,15382,15382,15382,15382,1.0,Vin,product,Zind-Humbrecht Riesling Grand Cru Rangen De Thann Clos Saint-Urbain 2017,both,100.0,83.33333333333334,30.63333333333334,0.36760000000000004,0.5812776723592664,30.63333333333334,632.4000000000001,1200.0,12.0,surstock_6_a_12_mois,True
4130,1,23.0,16,instock,12.48,4130,15339,15339,15339,15339,7.0,Vin,product,Zind-Humbrecht Pinot Gris Roche Calcaire 2017,both,161.0,19.166666666666668,6.686666666666667,0.3488695652173913,0.5357905982905984,46.80666666666667,199.68,368.0,2.2857142857142856,couverture_1_a_3_mois,False
4132,1,88.4,7,instock,44.3,4132,11668,11668,11668,11668,5.0,Vin,product,Zind-Humbrecht Pinot Gris Grand Cru Rangen De Thann Clos Saint-Urbain 2012,both,442.0,73.66666666666667,29.366666666666674,0.39864253393665167,0.6629044394281417,146.83333333333337,310.09999999999997,618.8000000000001,1.4,couverture_1_a_3_mois,True
4137,1,29.8,18,instock,15.86,4137,13209,13209,13209,13209,7.0,Vin,product,Zind-Humbrecht Muscat Grand Cru Goldert 2015,both,208.6,24.833333333333336,8.973333333333336,0.3613422818791947,0.5657839428331234,62.813333333333354,285.48,536.4,2.5714285714285716,couverture_1_a_3_mois,False
4138,1,25.7,0,outofstock,13.01,4138,15341,15341,15341,15341,0.0,Vin,product,Zind-Humbrecht Zind 2017,both,0.0,21.416666666666668,8.406666666666668,0.3925291828793775,0.6461696131181144,0.0,0.0,0.0,,ni_stock_ni_vente,False
4139,1,77.4,1,instock,39.59,4139,13217,13217,13217,13217,1.0,Vin,product,Zind-Humbrecht Gewurztraminer Grand Cru Rangen De Thann Clos Saint-Urbain 2013,both,77.4,64.50000000000001,24.91000000000001,0.38620155038759696,0.6291992927506949,24.91000000000001,39.59,77.4,1.0,couverture_1_a_3_mois,False
4141,1,39.0,123,instock,24.86,4141,304,304,304,304,8.0,Champagne,product,Champagne Gosset Grande Réserve,both,312.0,32.5,7.640000000000001,0.2350769230769231,0.30732099758648435,61.120000000000005,3057.7799999999997,4797.0,15.375,surstock_gt_12_mois,False
4142,1,53.0,125,instock,32.15,4142,11641,11641,11641,11641,4.0,Champagne,product,Champagne Gosset Grand Millésime 2006,both,212.0,44.16666666666667,12.016666666666673,0.2720754716981133,0.37376879212026975,48.06666666666669,4018.75,6625.0,31.25,surstock_gt_12_mois,False
4144,1,49.0,91,instock,27.73,4144,1662,1662,1662,1662,4.0,Champagne,product,Champagne Gosset Grand Rosé,both,196.0,40.833333333333336,13.103333333333335,0.3208979591836735,0.4725327563409064,52.41333333333334,2523.43,4459.0,22.75,surstock_gt_12_mois,False
4146,1,29.5,86,instock,17.55,4146,1360,1360,1360,1360,6.0,Champagne,product,Champagne Mailly Grand Cru Brut Réserve,both,177.0,24.583333333333336,7.033333333333335,0.2861016949152543,0.40075973409306753,42.20000000000001,1509.3,2537.0,14.333333333333334,surstock_gt_12_mois,False
4147,1,33.0,100,instock,18.48,4147,15648,15648,15648,15648,8.0,Champagne,product,Champagne Mailly Grand Cru Extra Brut Millésimé 2012,both,264.0,27.5,9.02,0.32799999999999996,0.4880952380952381,72.16,1848.0,3300.0,12.5,surstock_gt_12_mois,False
4148,1,37.5,71,instock,21.88,4148,1364,1364,1364,1364,3.0,Champagne,product,Champagne Mailly Grand Cru Brut Rosé,both,112.5,31.25,9.370000000000001,0.29984000000000005,0.4282449725776966,28.110000000000003,1553.48,2662.5,23.666666666666668,surstock_gt_12_mois,False
4149,1,69.0,101,instock,40.25,4149,7086,7086,7086,7086,5.0,Champagne,product,Champagne Mailly Grand Cru Intemporelle Rosé 2009,both,345.0,57.5,17.25,0.3,0.42857142857142855,86.25,4065.25,6969.0,20.2,surstock_gt_12_mois,False
4150,1,59.0,123,instock,35.45,4150,1366,1366,1366,1366,6.0,Champagne,product,Champagne Mailly Grand Cru Intemporelle 2010,both,354.0,49.16666666666667,13.716666666666669,0.2789830508474576,0.38692994828396804,82.30000000000001,4360.35,7257.0,20.5,surstock_gt_12_mois,False
4151,1,13.7,23,instock,7.36,4151,15140,15140,15140,15140,7.0,Vin,product,Elian Daros Côtes du Marmandais Abouriou 2016,both,95.89999999999999,11.416666666666666,4.056666666666666,0.3553284671532846,0.5511775362318839,28.39666666666666,169.28,315.09999999999997,3.2857142857142856,couverture_3_a_6_mois,False
4152,1,19.2,14,instock,9.52,4152,16238,16238,16238,16238,6.0,Vin,product,Elian Daros Côtes du Marmandais Chante Coucou 2016,both,115.19999999999999,16.0,6.48,0.405,0.680672268907563,38.88,133.28,268.8,2.3333333333333335,couverture_1_a_3_mois,False
4153,1,29.0,30,instock,15.13,4153,16237,16237,16237,16237,9.0,Vin,product,Elian Daros Côtes du Marmandais Clos Baquey 2015,both,261.0,24.166666666666668,9.036666666666667,0.3739310344827586,0.5972681207314386,81.33,453.90000000000003,870.0,3.3333333333333335,couverture_3_a_6_mois,False
4154,1,9.8,31,instock,4.91,4154,15141,15141,15141,15141,13.0,Vin,product,Elian Daros Côtes du Marmandais Le Vin Est Une Fête 2017,both,127.4,8.166666666666668,3.2566666666666677,0.3987755102040817,0.6632722335369995,42.33666666666668,152.21,303.8,2.3846153846153846,couverture_1_a_3_mois,False
4155,1,14.5,33,instock,7.27,4155,14944,14944,14944,14944,10.0,Vin,product,Elian Daros Côtes du Marmandais Le Vignoble d'Elian 2016,both,145.0,12.083333333333334,4.813333333333334,0.398344827586207,0.6620816139385605,48.13333333333334,239.91,478.5,3.3,couverture_3_a_6_mois,False
4156,1,20.35,44,instock,10.3,4156,14941,14941,14941,14941,13.0,Vin,product,Elian Daros Côtes du Marmandais Coucou Blanc 2016,both,264.55,16.958333333333336,6.658333333333335,0.39262899262899265,0.6464401294498383,86.55833333333335,453.20000000000005,895.4000000000001,3.3846153846153846,couverture_3_a_6_mois,False
4157,1,12.0,36,instock,6.45,4157,14751,14751,14751,14751,12.0,Vin,product,Planeta Sicilia Alastro 2017,both,144.0,10.0,3.55,0.355,0.5503875968992248,42.599999999999994,232.20000000000002,432.0,3.0,couverture_3_a_6_mois,False
4158,1,18.5,36,instock,9.94,4158,16093,16093,16093,16093,13.0,Vin,product,Planeta Sicilia Etna Rosso 2018,both,240.5,15.416666666666668,5.476666666666668,0.3552432432432433,0.5509725016767272,71.19666666666669,357.84,666.0,2.769230769230769,couverture_1_a_3_mois,False
4159,1,9.3,51,instock,4.9,4159,15668,15668,15668,15668,15.0,Vin,product,Planeta Sicilia La Segreta Bianco 2017,both,139.5,7.750000000000001,2.8500000000000005,0.367741935483871,0.5816326530612246,42.75000000000001,249.9,474.3,3.4,couverture_3_a_6_mois,False
4160,1,9.3,36,instock,4.85,4160,15373,15373,15373,15373,11.0,Vin,product,Planeta Sicilia La Segreta Rosso 2017,both,102.30000000000001,7.750000000000001,2.9000000000000012,0.3741935483870969,0.5979381443298972,31.900000000000013,174.6,334.8,3.272727272727273,couverture_3_a_6_mois,False
4161,1,11.6,36,instock,5.81,4161,15375,15375,15375,15375,12.0,Vin,product,Planeta Sicilia Plumbago 2017,both,139.2,9.666666666666666,3.8566666666666665,0.3989655172413793,0.663798049340218,46.28,209.16,417.59999999999997,3.0,couverture_3_a_6_mois,False
4162,1,14.3,31,instock,7.02,4162,14474,14474,14474,14474,12.0,Vin,product,Domino Romano Ribera Del Duero Camino Romano 2016,both,171.60000000000002,11.916666666666668,4.896666666666668,0.410909090909091,0.6975308641975312,58.76000000000002,217.61999999999998,443.3,2.5833333333333335,couverture_1_a_3_mois,False
4163,1,10.8,26,instock,5.8,4163,15482,15482,15482,15482,11.0,Vin,product,Parés Baltà Penedès Calcari 2018,both,118.80000000000001,9.000000000000002,3.200000000000002,0.3555555555555557,0.5517241379310348,35.200000000000024,150.79999999999998,280.8,2.3636363636363638,couverture_1_a_3_mois,False
4164,1,7.6,28,instock,4.04,4164,13453,13453,13453,13453,10.0,Vin,product,Parés Baltà Penedès Mas Petit 2015,both,76.0,6.333333333333333,2.293333333333333,0.3621052631578947,0.5676567656765675,22.93333333333333,113.12,212.79999999999998,2.8,couverture_1_a_3_mois,False
4165,1,12.0,26,instock,5.95,4165,15075,15075,15075,15075,10.0,Vin,product,Parés Baltà Penedès Indigena 2017,both,120.0,10.0,4.05,0.40499999999999997,0.6806722689075629,40.5,154.70000000000002,312.0,2.6,couverture_1_a_3_mois,False
4166,1,20.5,20,instock,10.27,4166,16124,16124,16124,16124,9.0,Vin,product,Ollieux Romanis Corbières Boutenac Atal Sia 2017,both,184.5,17.083333333333336,6.813333333333336,0.39882926829268306,0.6634209672184359,61.32000000000002,205.39999999999998,410.0,2.2222222222222223,couverture_1_a_3_mois,False
4167,1,14.3,16,instock,7.24,4167,15785,15785,15785,15785,7.0,Vin,product,Ollieux Romanis Corbières Rouge Cuvée Prestige 2017,both,100.10000000000001,11.916666666666668,4.676666666666668,0.3924475524475525,0.6459484346224679,32.73666666666667,115.84,228.8,2.2857142857142856,couverture_1_a_3_mois,False
4168,1,18.2,21,instock,9.4,4168,15784,15784,15784,15784,8.0,Vin,product,Ollieux Romanis Corbières Blanc Cuvée Prestige 2018,both,145.6,15.166666666666666,5.766666666666666,0.38021978021978015,0.6134751773049644,46.133333333333326,197.4,382.2,2.625,couverture_1_a_3_mois,False
4170,1,9.0,28,instock,4.51,4170,15786,15786,15786,15786,9.0,Vin,product,Ollieux Romanis Corbières Classique 2018,both,81.0,7.5,2.99,0.39866666666666667,0.6629711751662972,26.910000000000004,126.28,252.0,3.111111111111111,couverture_3_a_6_mois,False
4171,1,7.8,32,instock,4.15,4171,14332,14332,14332,14332,11.0,Vin,product,Le Hameau Des Ollieux Monsieur Pinot 2017,both,85.8,6.5,2.3499999999999996,0.3615384615384615,0.5662650602409637,25.849999999999994,132.8,249.6,2.909090909090909,couverture_1_a_3_mois,False
4172,1,5.7,31,instock,2.95,4172,16210,16210,16210,16210,12.0,Vin,product,Maurel Pays d'Oc Chardonnay 2019,both,68.4,4.75,1.7999999999999998,0.3789473684210526,0.6101694915254237,21.599999999999998,91.45,176.70000000000002,2.5833333333333335,couverture_1_a_3_mois,False
4173,1,5.7,49,instock,2.97,4173,16211,16211,16211,16211,15.0,Vin,product,Maurel Pays d'Oc Chenin-Colombard 2019,both,85.5,4.75,1.7799999999999998,0.3747368421052631,0.5993265993265993,26.699999999999996,145.53,279.3,3.2666666666666666,couverture_3_a_6_mois,False
4174,1,5.7,43,instock,2.92,4174,16209,16209,16209,16209,13.0,Vin,product,Maurel Cabardès Tradition 2017,both,74.10000000000001,4.75,1.83,0.38526315789473686,0.6267123287671234,23.79,125.56,245.1,3.3076923076923075,couverture_3_a_6_mois,False
4176,1,13.5,18,instock,6.63,4176,15629,15629,15629,15629,8.0,Vin,product,Domaine de l'Hortus Pic Saint-Loup La Bergerie Rouge 2018,both,108.0,11.25,4.62,0.4106666666666667,0.6968325791855204,36.96,119.34,243.0,2.25,couverture_1_a_3_mois,False
4177,1,13.5,28,instock,7.11,4177,15583,15583,15583,15583,11.0,Vin,product,Domaine de l'Hortus Val de Montferrand La Bergerie Blanc 2018,both,148.5,11.25,4.14,0.368,0.5822784810126581,45.54,199.08,378.0,2.5454545454545454,couverture_1_a_3_mois,False
4178,1,11.5,21,instock,6.18,4178,16160,16160,16160,16160,10.0,Vin,product,Domaine de l'Hortus Pic Saint-Loup La Bergerie Rosé 2019,both,115.0,9.583333333333334,3.403333333333334,0.35513043478260875,0.5507011866235169,34.033333333333346,129.78,241.5,2.1,couverture_1_a_3_mois,False
4179,1,24.0,0,outofstock,13.02,4179,16166,16166,16166,16166,6.0,Vin,product,Domaine de l'Hortus Pic Saint-Loup La Grande Cuvée 2018,both,144.0,20.0,6.98,0.34900000000000003,0.5360983102918587,41.88,0.0,0.0,0.0,rupture_potentielle,False
4180,1,24.0,19,instock,12.28,4180,15783,15783,15783,15783,7.0,Vin,product,Domaine de l'Hortus Val de Montferrand La Grande Cuvée Blanc 2018,both,168.0,20.0,7.720000000000001,0.386,0.6286644951140066,54.040000000000006,233.32,456.0,2.7142857142857144,couverture_1_a_3_mois,False
4181,1,11.9,43,instock,6.21,4181,16560,16560,16560,16560,13.0,Vin,product,Borie La Vitarèle Saint-Chinian Les Terres Blanches 2019,both,154.70000000000002,9.916666666666668,3.706666666666668,0.3737815126050421,0.5968867418142783,48.18666666666668,267.03,511.7,3.3076923076923075,couverture_3_a_6_mois,False
4182,1,16.7,43,instock,8.46,4182,15747,15747,15747,15747,13.0,Vin,product,Borie La Vitarèle Saint-Chinian Les Schistes 2017,both,217.1,13.916666666666666,5.456666666666665,0.39209580838323344,0.6449960598896767,70.93666666666665,363.78000000000003,718.1,3.3076923076923075,couverture_3_a_6_mois,False
4183,1,21.4,23,instock,10.61,4183,15746,15746,15746,15746,7.0,Vin,product,Borie La Vitarèle Saint-Chinian Les Crès 2016,both,149.79999999999998,17.833333333333332,7.223333333333333,0.4050467289719626,0.6808042726987119,50.56333333333333,244.02999999999997,492.2,3.2857142857142856,couverture_3_a_6_mois,False
4186,1,16.6,29,instock,9.01,4186,16190,16190,16190,16190,11.0,Vin,product,Le Pas de l'Escalette Terrasses du Larzac Les Clapas Rouge 2018,both,182.60000000000002,13.833333333333336,4.823333333333336,0.34867469879518087,0.5353311135775067,53.05666666666669,261.29,481.40000000000003,2.6363636363636362,couverture_1_a_3_mois,False
4187,1,13.3,26,instock,6.67,4187,16189,16189,16189,16189,8.0,Vin,product,Le Pas de l'Escalette Languedoc Les Petits Pas 2019,both,106.4,11.083333333333334,4.413333333333334,0.39819548872180455,0.6616691654172915,35.30666666666667,173.42,345.8,3.25,couverture_3_a_6_mois,False
4188,1,9.5,51,instock,5.06,4188,16265,16265,16265,16265,16.0,Vin,product,Château de La Liquière Languedoc Blanc Les Amandiers 2019,both,152.0,7.916666666666667,2.8566666666666674,0.36084210526315796,0.5645586297760212,45.70666666666668,258.06,484.5,3.1875,couverture_3_a_6_mois,False
4190,1,12.1,27,instock,6.13,4190,16191,16191,16191,16191,10.0,Vin,product,Le Pas de l'Escalette Coteaux du Languedoc Ze Rozé 2019,both,121.0,10.083333333333334,3.953333333333334,0.3920661157024794,0.6449157150625341,39.53333333333334,165.51,326.7,2.7,couverture_1_a_3_mois,False
4191,1,9.3,30,instock,4.76,4191,16263,16263,16263,16263,12.0,Vin,product,Château de La Liquière Faugères Les Amandiers Rouge 2019,both,111.60000000000001,7.750000000000001,2.990000000000001,0.38580645161290333,0.6281512605042019,35.88000000000001,142.79999999999998,279.0,2.5,couverture_1_a_3_mois,False
4192,1,17.8,32,instock,8.92,4192,15605,15605,15605,15605,10.0,Vin,product,Château de La Liquière Faugères Cistus Rouge 2017,both,178.0,14.833333333333334,5.913333333333334,0.39865168539325846,0.6629297458893872,59.13333333333334,285.44,569.6,3.2,couverture_3_a_6_mois,False
4193,1,13.5,34,instock,6.91,4193,16529,16529,16529,16529,13.0,Vin,product,Château de La Liquière Faugères Cistus Blanc 2019,both,175.5,11.25,4.34,0.3857777777777778,0.6280752532561504,56.42,234.94,459.0,2.6153846153846154,couverture_1_a_3_mois,False
4194,1,10.8,29,instock,5.58,4194,15441,15441,15441,15441,14.0,Vin,product,Château de La Liquière Faugères 2017,both,151.20000000000002,9.000000000000002,3.4200000000000017,0.3800000000000001,0.612903225806452,47.880000000000024,161.82,313.20000000000005,2.0714285714285716,couverture_1_a_3_mois,False
4196,1,27.2,0,outofstock,14.05,4196,13032,13032,13032,13032,0.0,Vin,product,Château de La Liquière Faugères Tucade 2015,both,0.0,22.666666666666668,8.616666666666667,0.3801470588235294,0.6132858837485172,0.0,0.0,0.0,,ni_stock_ni_vente,False
4197,1,9.4,32,instock,5.1,4197,16256,16256,16256,16256,13.0,Vin,product,Château de La Liquière Faugères Les Amandiers Rosé 2019,both,122.2,7.833333333333334,2.7333333333333343,0.3489361702127661,0.5359477124183009,35.533333333333346,163.2,300.8,2.4615384615384617,couverture_1_a_3_mois,False
4198,1,5.8,0,outofstock,2.97,4198,16322,16322,16322,16322,0.0,Vin,product,Moulin de Gassac IGP Pays d'Hérault Guilhem Rouge 2019,both,0.0,4.833333333333333,1.8633333333333328,0.38551724137931026,0.6273849607182939,0.0,0.0,0.0,,ni_stock_ni_vente,False
4200,0,5.8,33,instock,3.12,4200,16295,16295,16295,16295,14.0,Vin,product,Moulin de Gassac IGP Pays d'Hérault Guilhem Rosé 2019,both,81.2,4.833333333333333,1.713333333333333,0.3544827586206896,0.549145299145299,23.98666666666666,102.96000000000001,191.4,2.357142857142857,couverture_1_a_3_mois,False
4201,1,38.0,11,instock,19.24,4201,15656,15656,15656,15656,7.0,Vin,product,Mas de Daumas Gassac IGP Saint-Guilhem-le-Désert 2018,both,266.0,31.666666666666668,12.42666666666667,0.392421052631579,0.6458766458766461,86.98666666666668,211.64,418.0,1.5714285714285714,couverture_1_a_3_mois,False
4202,1,38.0,6,instock,19.63,4202,15655,15655,15655,15655,3.0,Vin,product,Mas de Daumas Gassac IGP Saint-Guilhem-le-Désert Blanc 2019,both,114.0,31.666666666666668,12.036666666666669,0.3801052631578948,0.6131771098658517,36.11000000000001,117.78,228.0,2.0,couverture_1_a_3_mois,False
4203,1,9.9,74,instock,5.01,4203,15415,15415,15415,15415,27.0,Vin,product,Mas Laval IGP Pays d'Hérault Les Pampres Blancs 2018,both,267.3,8.25,3.24,0.39272727272727276,0.6467065868263474,87.48,370.74,732.6,2.740740740740741,couverture_1_a_3_mois,False
4204,1,11.3,50,instock,5.96,4204,15414,15414,15414,15414,15.0,Vin,product,Mas Laval IGP Pays d'Hérault Les Pampres Rouges 2017,both,169.5,9.416666666666668,3.456666666666668,0.3670796460176992,0.579977628635347,51.850000000000016,298.0,565.0,3.3333333333333335,couverture_3_a_6_mois,False
4205,1,23.0,12,instock,11.65,4205,15413,15413,15413,15413,6.0,Vin,product,Mas Laval Terrasses du Larzac La Grande Cuvée 2016,both,138.0,19.166666666666668,7.5166666666666675,0.39217391304347826,0.6452074391988556,45.10000000000001,139.8,276.0,2.0,couverture_1_a_3_mois,False
4207,1,6.7,30,instock,3.63,4207,16023,16023,16023,16023,15.0,Vin,product,Domaine Montrose Côtes de Thongue Rouge 2018,both,100.5,5.583333333333334,1.953333333333334,0.3498507462686568,0.5381083562901747,29.30000000000001,108.89999999999999,201.0,2.0,couverture_1_a_3_mois,False
4208,1,7.6,35,instock,3.77,4208,16024,16024,16024,16024,10.0,Vin,product,Domaine Montrose Côtes de Thongue Rosé 2019,both,76.0,6.333333333333333,2.563333333333333,0.4047368421052631,0.6799292661361626,25.63333333333333,131.95,266.0,3.5,couverture_3_a_6_mois,False
4210,1,79.8,4,instock,39.17,4210,15720,15720,15720,15720,3.0,Vin,product,Lucien Boillot Nuits-Saint-Georges 1er Cru Les Pruliers 2017,both,239.39999999999998,66.5,27.33,0.41097744360902255,0.6977278529486851,81.99,156.68,319.2,1.3333333333333333,couverture_1_a_3_mois,False
4211,1,48.5,5,instock,25.56,4211,15714,15714,15714,15714,3.0,Vin,product,Lucien Boillot Pommard 2017,both,145.5,40.41666666666667,14.856666666666673,0.3675876288659795,0.5812467396974442,44.57000000000002,127.8,242.5,1.6666666666666667,couverture_1_a_3_mois,False
4212,1,39.8,12,instock,21.39,4212,15717,15717,15717,15717,8.0,Vin,product,Lucien Boillot Volnay 2017,both,318.4,33.166666666666664,11.776666666666664,0.35507537688442203,0.5505688016206949,94.21333333333331,256.68,477.59999999999997,1.5,couverture_1_a_3_mois,False
4213,1,58.8,10,instock,29.16,4213,15718,15718,15718,15718,6.0,Vin,product,Lucien Boillot Volnay 1er Cru Les Angles 2017,both,352.79999999999995,49.0,19.84,0.40489795918367344,0.6803840877914952,119.03999999999999,291.6,588.0,1.6666666666666667,couverture_1_a_3_mois,False
4215,1,26.5,20,instock,13.97,4215,15480,15480,15480,15480,7.0,Vin,product,Marc Colin Et Fils Saint-Aubin Blanc Luce 2017,both,185.5,22.083333333333336,8.113333333333335,0.3673962264150944,0.5807683130517777,56.793333333333344,279.40000000000003,530.0,2.857142857142857,couverture_1_a_3_mois,False
4216,1,13.4,35,instock,7.2,4216,15213,15213,15213,15213,13.0,Vin,product,Domaine de l'Ecu Muscadet Classic 2018,both,174.20000000000002,11.166666666666668,3.9666666666666677,0.355223880597015,0.550925925925926,51.56666666666668,252.0,469.0,2.6923076923076925,couverture_1_a_3_mois,False
4217,1,17.1,12,instock,9.28,4217,15672,15672,15672,15672,6.0,Vin,product,Domaine de l'Ecu Muscadet Granite 2018,both,102.60000000000001,14.250000000000002,4.970000000000002,0.3487719298245615,0.5355603448275865,29.820000000000014,111.35999999999999,205.20000000000002,2.0,couverture_1_a_3_mois,False
4219,1,16.7,25,instock,8.97,4219,12599,12599,12599,12599,12.0,Vin,product,Domaine de l'Ecu Muscadet Orthogneiss 2014,both,200.39999999999998,13.916666666666666,4.946666666666665,0.3554491017964071,0.5514678558156817,59.359999999999985,224.25000000000003,417.5,2.0833333333333335,couverture_1_a_3_mois,False
4220,1,11.6,48,instock,5.75,4220,15758,15758,15758,15758,18.0,Vin,product,Xavier Frissant Touraine Amboise Chenin Les Pierres 2018,both,208.79999999999998,9.666666666666666,3.916666666666666,0.4051724137931034,0.681159420289855,70.49999999999999,276.0,556.8,2.6666666666666665,couverture_1_a_3_mois,False
4221,1,12.8,42,instock,6.48,4221,15829,15829,15829,15829,13.0,Vin,product,Xavier Frissant Touraine Les Roses du Clos 2018,both,166.4,10.666666666666668,4.186666666666667,0.3925,0.6460905349794239,54.42666666666668,272.16,537.6,3.230769230769231,couverture_3_a_6_mois,False
4222,1,8.9,45,instock,4.74,4222,15759,15759,15759,15759,14.0,Vin,product,Xavier Frissant Touraine Amboise M de La Touche 2016,both,124.60000000000001,7.416666666666667,2.6766666666666667,0.36089887640449436,0.5646976090014064,37.473333333333336,213.3,400.5,3.2142857142857144,couverture_3_a_6_mois,False
4223,1,9.7,42,instock,4.81,4223,16585,16585,16585,16585,15.0,Vin,product,Xavier Frissant Touraine Sauvignon 2019,both,145.5,8.083333333333334,3.2733333333333343,0.4049484536082475,0.6805266805266807,49.100000000000016,202.01999999999998,407.4,2.8,couverture_1_a_3_mois,False
4224,1,17.2,21,instock,8.53,4224,15306,15306,15306,15306,9.0,Vin,product,Pierre Martin Sancerre Chavignol Rouge 2017,both,154.79999999999998,14.333333333333334,5.803333333333335,0.4048837209302326,0.6803438843298165,52.23000000000001,179.13,361.2,2.3333333333333335,couverture_1_a_3_mois,False
4225,1,16.9,27,instock,9.08,4225,16497,16497,16497,16497,13.0,Vin,product,Pierre Martin Sancerre Chavignol Blanc 2019,both,219.7,14.083333333333332,5.003333333333332,0.35526627218934903,0.5510279001468428,65.04333333333332,245.16,456.29999999999995,2.076923076923077,couverture_1_a_3_mois,False
4227,1,12.6,24,instock,6.77,4227,15261,15261,15261,15261,8.0,Vin,product,La Cotelleraie Saint-Nicolas-de-Bourgueil La Croisée 2018,both,100.8,10.5,3.7300000000000004,0.3552380952380953,0.5509601181683901,29.840000000000003,162.48,302.4,3.0,couverture_3_a_6_mois,False
4228,1,29.9,30,instock,16.07,4228,12657,12657,12657,12657,9.0,Vin,product,Domaine de Bellivière Jasnières Les Rosiers 2015,both,269.09999999999997,24.916666666666668,8.846666666666668,0.3550501672240803,0.5505081933208879,79.62,482.1,897.0,3.3333333333333335,couverture_3_a_6_mois,False
4229,1,9.6,28,instock,4.96,4229,15403,15403,15403,15403,11.0,Vin,product,Mérieau Touraine L'Arpent des Vaudons 2018,both,105.6,8.0,3.04,0.38,0.6129032258064516,33.44,138.88,268.8,2.5454545454545454,couverture_1_a_3_mois,False
4231,1,11.1,22,instock,5.85,4231,15461,15461,15461,15461,10.0,Vin,product,Argentine Mendoza Alamos Malbec 2018,both,111.0,9.25,3.4000000000000004,0.3675675675675676,0.5811965811965812,34.0,128.7,244.2,2.2,couverture_1_a_3_mois,False
4232,1,11.1,37,instock,5.62,4232,16269,16269,16269,16269,12.0,Vin,product,Argentine Mendoza Alamos Chardonnay 2019,both,133.2,9.25,3.63,0.3924324324324324,0.6459074733096085,43.56,207.94,410.7,3.0833333333333335,couverture_3_a_6_mois,False
4235,1,17.1,41,instock,9.01,4235,13905,13905,13905,13905,13.0,Vin,product,Maroc Graillot/Thaleb Tandem Syrah 2015,both,222.3,14.250000000000002,5.240000000000002,0.3677192982456141,0.5815760266370702,68.12000000000003,369.40999999999997,701.1,3.1538461538461537,couverture_3_a_6_mois,False
4239,1,28.0,27,instock,14.76,4239,16567,16567,16567,16567,10.0,Vin,product,Domaine Augustin Collioure Blanc Adéodat 2019,both,280.0,23.333333333333336,8.573333333333336,0.3674285714285715,0.5808491418247518,85.73333333333336,398.52,756.0,2.7,couverture_1_a_3_mois,False
4240,1,28.0,29,instock,14.47,4240,15436,15436,15436,15436,9.0,Vin,product,Domaine Augustin Collioure Rouge Adéodat 2017,both,252.0,23.333333333333336,8.863333333333335,0.3798571428571429,0.6125316747293251,79.77000000000001,419.63,812.0,3.2222222222222223,couverture_3_a_6_mois,False
4241,1,8.9,0,outofstock,4.37,4241,14725,14725,14725,14725,15.0,Vin,product,Parcé Frères IGP Côtes Catalanes Hommage à Fernand Blanc 2019,both,133.5,7.416666666666667,3.046666666666667,0.4107865168539326,0.6971777269260107,45.7,0.0,0.0,0.0,rupture_potentielle,False
4242,1,8.6,30,instock,4.22,4242,15310,15310,15310,15310,14.0,Vin,product,Parcé Frères Côtes du Roussillon Villages Zoé Rouge 2018,both,120.39999999999999,7.166666666666667,2.946666666666667,0.4111627906976745,0.6982622432859401,41.253333333333345,126.6,258.0,2.142857142857143,couverture_1_a_3_mois,False
4244,1,13.5,39,instock,6.63,4244,15770,15770,15770,15770,13.0,Vin,product,La Préceptorie Côtes du Roussillon Coume Marie 2018,both,175.5,11.25,4.62,0.4106666666666667,0.6968325791855204,60.06,258.57,526.5,3.0,couverture_3_a_6_mois,False
4245,1,8.9,27,instock,4.69,4245,16097,16097,16097,16097,9.0,Vin,product,Parcé Frères IGP Pays d'Oc Zoé Viognier 2019,both,80.10000000000001,7.416666666666667,2.7266666666666666,0.36764044943820223,0.5813788201847903,24.54,126.63000000000001,240.3,3.0,couverture_3_a_6_mois,False
4246,1,15.3,29,instock,8.14,4246,15428,15428,15428,15428,9.0,Vin,product,Domaine Saint-Denis Mâcon Lugny 2017,both,137.70000000000002,12.750000000000002,4.610000000000001,0.36156862745098045,0.5663390663390665,41.49000000000001,236.06,443.70000000000005,3.2222222222222223,couverture_3_a_6_mois,False
4248,1,14.8,38,instock,7.49,4248,15033,15033,15033,15033,12.0,Vin,product,Domaine Saint-Denis Mâcon Chardonnay 2017,both,177.60000000000002,12.333333333333334,4.843333333333334,0.3927027027027027,0.6466399643969738,58.120000000000005,284.62,562.4,3.1666666666666665,couverture_3_a_6_mois,False
4250,1,19.5,24,instock,9.97,4250,16317,16317,16317,16317,11.0,Vin,product,Domaine Saint-Denis Bourgogne Rouge Clos de la Coque 2018,both,214.5,16.25,6.279999999999999,0.3864615384615384,0.6298896690070209,69.08,239.28000000000003,468.0,2.1818181818181817,couverture_1_a_3_mois,False
4251,1,14.1,31,instock,7.65,4251,15032,15032,15032,15032,11.0,Vin,product,Domaine Saint-Denis Bourgogne Rouge Le Clos 2017,both,155.1,11.75,4.1,0.3489361702127659,0.5359477124183006,45.099999999999994,237.15,437.09999999999997,2.8181818181818183,couverture_1_a_3_mois,False
4253,1,59.6,5,instock,30.18,4253,6616,6616,6616,6616,5.0,Vin,product,Domaine Huet Vouvray Le Clos du Bourg Moelleux Première Trie 2008,both,298.0,49.66666666666667,19.48666666666667,0.3923489932885907,0.6456814667550256,97.43333333333337,150.9,298.0,1.0,couverture_1_a_3_mois,False
4254,1,26.9,20,instock,14.59,4254,12203,12203,12203,12203,9.0,Vin,product,Domaine Huet Vouvray Haut-Lieu Demi-Sec 2015,both,242.1,22.416666666666668,7.826666666666668,0.34914498141263944,0.5364404843500116,70.44000000000001,291.8,538.0,2.2222222222222223,couverture_1_a_3_mois,False
4256,1,24.4,0,outofstock,12.61,4256,14253,14253,14253,14253,9.0,Vin,product,Domaine Huet Vouvray Haut-Lieu Sec 2017,both,219.6,20.333333333333332,7.723333333333333,0.3798360655737705,0.6124768702088289,69.50999999999999,0.0,0.0,0.0,rupture_potentielle,False
4257,1,31.7,16,instock,17.2,4257,12476,12476,12476,12476,10.0,Vin,product,Domaine Huet Vouvray Le Mont Moelleux 2015,both,317.0,26.416666666666668,9.216666666666669,0.34889589905362783,0.5358527131782947,92.16666666666669,275.2,507.2,1.6,couverture_1_a_3_mois,False
4258,1,32.1,12,instock,17.25,4258,14485,14485,14485,14485,8.0,Vin,product,Domaine Huet Vouvray Le Mont Sec 2017,both,256.8,26.750000000000004,9.500000000000004,0.35514018691588795,0.5507246376811596,76.00000000000003,207.0,385.20000000000005,1.5,couverture_1_a_3_mois,False
4260,1,12.2,31,instock,6.37,4260,14945,14945,14945,14945,13.0,Vin,product,Chermette Domaine du Vissoux Beaujolais Blanc Collonge 2017,both,158.6,10.166666666666666,3.796666666666666,0.37344262295081965,0.596023024594453,49.356666666666655,197.47,378.2,2.3846153846153846,couverture_1_a_3_mois,False
4261,1,9.9,48,instock,5.01,4261,15662,15662,15662,15662,15.0,Vin,product,Chermette Domaine du Vissoux Beaujolais Griottes 2018,both,148.5,8.25,3.24,0.39272727272727276,0.6467065868263474,48.6,240.48,475.20000000000005,3.2,couverture_3_a_6_mois,False
4262,1,15.8,43,instock,8.33,4262,15663,15663,15663,15663,13.0,Vin,product,Chermette Domaine du Vissoux Brouilly Pierreux 2018,both,205.4,13.166666666666668,4.836666666666668,0.3673417721518988,0.5806322529011606,62.87666666666668,358.19,679.4,3.3076923076923075,couverture_3_a_6_mois,False
4263,1,15.8,18,instock,8.49,4263,15664,15664,15664,15664,9.0,Vin,product,Chermette Domaine du Vissoux Fleurie Poncié 2018,both,142.20000000000002,13.166666666666668,4.676666666666668,0.35518987341772157,0.5508441303494308,42.09000000000001,152.82,284.40000000000003,2.0,couverture_1_a_3_mois,False
4264,1,17.8,16,instock,9.2,4264,15665,15665,15665,15665,7.0,Vin,product,Chermette Domaine du Vissoux Moulin à Vent Les Trois Roches 2018,both,124.60000000000001,14.833333333333334,5.633333333333335,0.37977528089887647,0.6123188405797103,39.433333333333344,147.2,284.8,2.2857142857142856,couverture_1_a_3_mois,False
4265,1,9.6,27,instock,4.81,4265,15136,15136,15136,15136,12.0,Vin,product,Domaine Bulliat Beaujolais Villages Bibine 2018,both,115.19999999999999,8.0,3.1900000000000004,0.39875000000000005,0.6632016632016633,38.28,129.86999999999998,259.2,2.25,couverture_1_a_3_mois,False
4267,1,19.0,26,instock,9.33,4267,16537,16537,16537,16537,12.0,Vin,product,Domaine Bulliat Morgon Amphore Cou de Jus 2019,both,228.0,15.833333333333334,6.503333333333334,0.4107368421052632,0.6970346552340122,78.04,242.58,494.0,2.1666666666666665,couverture_1_a_3_mois,False
4268,1,15.2,15,instock,7.54,4268,16307,16307,16307,16307,7.0,Vin,product,Domaine Bulliat Morgon Le Colombier 2019,both,106.39999999999999,12.666666666666666,5.126666666666666,0.4047368421052631,0.6799292661361626,35.88666666666666,113.1,228.0,2.142857142857143,couverture_1_a_3_mois,False
4269,1,10.2,28,instock,5.32,4269,16244,16244,16244,16244,12.0,Vin,product,Domaine Sérol Côte Roannaise Les Originelles 2019,both,122.39999999999999,8.5,3.1799999999999997,0.3741176470588235,0.5977443609022556,38.16,148.96,285.59999999999997,2.3333333333333335,couverture_1_a_3_mois,False
4270,1,15.5,22,instock,8.25,4270,15839,15839,15839,15839,10.0,Vin,product,Domaine Sérol Côte Roannaise Les Millerands 2018,both,155.0,12.916666666666668,4.666666666666668,0.3612903225806452,0.5656565656565657,46.66666666666668,181.5,341.0,2.2,couverture_1_a_3_mois,False
4271,1,16.6,23,instock,8.32,4271,13460,13460,13460,13460,10.0,Vin,product,Domaine Sérol Côte Roannaise Perdrizière 2016,both,166.0,13.833333333333336,5.513333333333335,0.39855421686746995,0.6626602564102566,55.133333333333354,191.36,381.8,2.3,couverture_1_a_3_mois,False
4272,1,9.2,26,instock,4.85,4272,13089,13089,13089,13089,13.0,Vin,product,Domaine Sérol Côte Roannaise Rosé Cabochard 2016,both,119.6,7.666666666666666,2.8166666666666664,0.3673913043478261,0.5807560137457045,36.61666666666666,126.1,239.2,2.0,couverture_1_a_3_mois,False
4274,1,12.9,0,outofstock,6.33,4274,12942,12942,12942,12942,8.0,Vin,product,Domaine Sérol Vin Mousseux Rosé Turbullent Méthode Ancestrale,both,103.2,10.75,4.42,0.4111627906976744,0.69826224328594,35.36,0.0,0.0,0.0,rupture_potentielle,False
4275,1,14.9,62,instock,7.78,4275,14864,14864,14864,14864,24.0,Vin,product,I Fabbri Chianti Classico Lamole 2017,both,357.6,12.416666666666668,4.636666666666668,0.37342281879194633,0.5959725792630678,111.28000000000003,482.36,923.8000000000001,2.5833333333333335,couverture_1_a_3_mois,False
4276,1,17.6,17,instock,9.46,4276,14527,14527,14527,14527,7.0,Vin,product,I Fabbri Chianti Classico Terra Di Lamole 2015,both,123.20000000000002,14.666666666666668,5.206666666666667,0.355,0.5503875968992248,36.44666666666667,160.82000000000002,299.20000000000005,2.4285714285714284,couverture_1_a_3_mois,False
4277,1,24.8,28,instock,12.69,4277,14865,14865,14865,14865,9.0,Vin,product,I Fabbri Chianti Classico Riserva 2015,both,223.20000000000002,20.666666666666668,7.976666666666668,0.38596774193548394,0.6285789335434727,71.79000000000002,355.32,694.4,3.111111111111111,couverture_3_a_6_mois,False
4280,1,18.9,37,instock,9.57,4280,15690,15690,15690,15690,12.0,Vin,product,Château de Cazeneuve Languedoc Blanc 2016,both,226.79999999999998,15.75,6.18,0.3923809523809524,0.6457680250783698,74.16,354.09000000000003,699.3,3.0833333333333335,couverture_3_a_6_mois,False
4281,1,11.6,30,instock,5.69,4281,16330,16330,16330,16330,12.0,Vin,product,Château de Cazeneuve Val de Montferrand Rouge Caza Sorix 2019,both,139.2,9.666666666666666,3.9766666666666657,0.4113793103448275,0.6988869361452839,47.719999999999985,170.70000000000002,348.0,2.5,couverture_1_a_3_mois,False
4283,1,27.0,0,outofstock,13.25,4283,16154,16154,16154,16154,8.0,Vin,product,Château de Cazeneuve Pic Saint-Loup Le Roc Des Mates 2017,both,216.0,22.5,9.25,0.4111111111111111,0.6981132075471698,74.0,0.0,0.0,0.0,rupture_potentielle,False
4285,1,41.0,5,instock,22.03,4285,16153,16153,16153,16153,4.0,Vin,product,Château de Cazeneuve Pic Saint-Loup Le Sang Du Calvaire 2017,both,164.0,34.16666666666667,12.13666666666667,0.355219512195122,0.550915418368891,48.54666666666668,110.15,205.0,1.25,couverture_1_a_3_mois,False
4286,1,69.8,6,instock,36.06,4286,16066,16066,16066,16066,3.0,Vin,product,Domaine Hauvette Les Baux de Provence Amethyste 2017,both,209.39999999999998,58.166666666666664,22.106666666666662,0.3800573065902578,0.6130523202070621,66.32,216.36,418.79999999999995,2.0,couverture_1_a_3_mois,False
4287,1,38.6,8,instock,20.34,4287,16065,16065,16065,16065,7.0,Vin,product,Domaine Hauvette Les Baux de Provence Cornaline 2014,both,270.2,32.16666666666667,11.826666666666672,0.36766839378238353,0.5814487053425109,82.7866666666667,162.72,308.8,1.1428571428571428,couverture_1_a_3_mois,False
4288,1,26.7,26,instock,14.48,4288,15292,15292,15292,15292,8.0,Vin,product,Domaine Hauvette IGP Alpilles Jaspe 2017,both,213.6,22.25,7.77,0.34921348314606737,0.5366022099447514,62.16,376.48,694.1999999999999,3.25,couverture_3_a_6_mois,False
4297,1,19.0,33,instock,10.31,4297,16246,16246,16246,16246,10.0,Vin,product,Domaine de La Tour Du Bon Bandol Blanc 2019,both,190.0,15.833333333333334,5.523333333333333,0.3488421052631579,0.5357258325250566,55.233333333333334,340.23,627.0,3.3,couverture_3_a_6_mois,False
4298,1,23.2,17,instock,11.99,4298,16501,16501,16501,16501,6.0,Vin,product,Domaine de La Tour Du Bon Bandol Rouge 2018,both,139.2,19.333333333333332,7.343333333333332,0.3798275862068965,0.6124548234639976,44.05999999999999,203.83,394.4,2.8333333333333335,couverture_1_a_3_mois,False
4299,1,39.1,10,instock,19.19,4299,16578,16578,16578,16578,8.0,Vin,product,Domaine de La Tour Du Bon Bandol Rouge Saint Ferréol 2018,both,312.8,32.583333333333336,13.393333333333334,0.41104859335038363,0.6979329511898559,107.14666666666668,191.9,391.0,1.25,couverture_1_a_3_mois,False
4300,1,44.0,2,instock,23.42,4300,15567,15567,15567,15567,2.0,Vin,product,Domaine de La Tour Du Bon Bandol Rouge En Sol 2017,both,88.0,36.66666666666667,13.24666666666667,0.3612727272727273,0.5656134358098492,26.49333333333334,46.84,88.0,1.0,couverture_1_a_3_mois,False
4301,1,17.5,19,instock,9.49,4301,16553,16553,16553,16553,7.0,Vin,product,Domaine de La Tour Du Bon Bandol Rosé 2019,both,122.5,14.583333333333334,5.093333333333334,0.3492571428571429,0.5367053038285915,35.653333333333336,180.31,332.5,2.7142857142857144,couverture_1_a_3_mois,False
4303,1,30.0,15,instock,15.19,4303,13172,13172,13172,13172,10.0,Vin,product,Rimauresq Côtes de Provence Rouge Cru Classé Quintessence 2015,both,300.0,25.0,9.81,0.3924,0.6458196181698487,98.10000000000001,227.85,450.0,1.5,couverture_1_a_3_mois,False
4304,1,8.1,45,instock,4.19,4304,15120,15120,15120,15120,14.0,Vin,product,Domaine de l'Idylle Savoie Cruet 2018,both,113.39999999999999,6.75,2.5599999999999996,0.3792592592592592,0.610978520286396,35.839999999999996,188.55,364.5,3.2142857142857144,couverture_3_a_6_mois,False
4306,1,10.7,52,instock,5.31,4306,15949,15949,15949,15949,15.0,Vin,product,Domaine de l'Idylle Roussette de Savoie Anne de Chypre 2018,both,160.5,8.916666666666666,3.6066666666666665,0.40448598130841124,0.6792215944758317,54.099999999999994,276.12,556.4,3.466666666666667,couverture_3_a_6_mois,False
4307,1,10.9,37,instock,5.8,4307,15946,15946,15946,15946,14.0,Vin,product,Domaine de l'Idylle Savoie Mondeuse Le Tithonien 2018,both,152.6,9.083333333333334,3.283333333333334,0.36146788990825696,0.5660919540229886,45.966666666666676,214.6,403.3,2.642857142857143,couverture_1_a_3_mois,False
4334,1,49.0,142,instock,30.01,4334,7818,7818,7818,7818,7.0,Champagne,product,Champagne Gosset Grand Blanc de Blancs,both,343.0,40.833333333333336,10.823333333333334,0.2650612244897959,0.3606575585915806,75.76333333333334,4261.42,6958.0,20.285714285714285,surstock_gt_12_mois,False
4336,1,35.5,73,instock,21.12,4336,13599,13599,13599,13599,6.0,Champagne,product,Champagne Mailly Grand Cru Blanc de Pinot Noir,both,213.0,29.583333333333336,8.463333333333335,0.2860845070422535,0.40072601010101017,50.78000000000001,1541.76,2591.5,12.166666666666666,surstock_gt_12_mois,False
4337,1,83.0,145,instock,48.9,4337,4679,4679,4679,4679,0.0,Champagne,product,Champagne Mailly Grand Cru Les Echansons 2007,both,0.0,69.16666666666667,20.266666666666673,0.29301204819277116,0.41445126107702807,0.0,7090.5,12035.0,,stock_sans_vente_octobre,True
4348,1,59.0,125,instock,34.76,4348,12586,12586,12586,12586,5.0,Champagne,product,Champagne Egly-Ouriet Grand Cru Brut Tradition,both,295.0,49.16666666666667,14.406666666666673,0.2930169491525425,0.41446106635980073,72.03333333333336,4345.0,7375.0,25.0,surstock_gt_12_mois,False
4350,1,79.5,145,instock,47.3,4350,12588,12588,12588,12588,7.0,Champagne,product,Champagne Egly-Ouriet Grand Cru Extra Brut V.P.,both,556.5,66.25,18.950000000000003,0.2860377358490567,0.40063424947145887,132.65000000000003,6858.5,11527.5,20.714285714285715,surstock_gt_12_mois,False
4352,1,225.0,0,outofstock,137.81,4352,15940,15940,15940,15940,11.0,Champagne,product,Champagne Egly-Ouriet Grand Cru Millésimé 2008,both,2475.0,187.5,49.69,0.2650133333333333,0.36056889920905594,546.5899999999999,0.0,0.0,0.0,rupture_potentielle,True
4353,1,79.5,127,instock,45.91,4353,12587,12587,12587,12587,14.0,Champagne,product,Champagne Egly-Ouriet Grand Cru Brut Rosé,both,1113.0,66.25,20.340000000000003,0.30701886792452837,0.4430407318666958,284.76000000000005,5830.57,10096.5,9.071428571428571,surstock_6_a_12_mois,False
4355,1,12.65,97,instock,77.48,4355,12589,12589,12589,12589,0.0,Champagne,product,Champagne Egly-Ouriet Grand Cru Blanc de Noirs,both,0.0,10.541666666666668,-66.93833333333333,-6.3498814229249,-0.8639433832386852,-0.0,7515.56,1227.05,,stock_sans_vente_octobre,False
4356,1,51.6,81,instock,31.0,4356,12585,12585,12585,12585,3.0,Champagne,product,Champagne Egly-Ouriet Premier Cru Les Vignes de Vrigny,both,154.8,43.0,12.0,0.27906976744186046,0.3870967741935484,36.0,2511.0,4179.6,27.0,surstock_gt_12_mois,False
4357,1,39.0,115,instock,22.3,4357,9562,9562,9562,9562,5.0,Champagne,product,Champagne Larmandier-Bernier Latitude,both,195.0,32.5,10.2,0.31384615384615383,0.4573991031390134,51.0,2564.5,4485.0,23.0,surstock_gt_12_mois,False
4358,1,77.0,81,instock,47.16,4358,13854,13854,13854,13854,8.0,Champagne,product,Champagne Larmandier-Bernier Grand Cru Vieilles Vignes du Levant 2008,both,616.0,64.16666666666667,17.006666666666675,0.26503896103896113,0.36061634153237226,136.0533333333334,3819.9599999999996,6237.0,10.125,surstock_6_a_12_mois,False
4359,1,85.6,112,instock,51.93,4359,13853,13853,13853,13853,7.0,Champagne,product,Champagne Larmandier-Bernier Grand Cru Les Chemins d'Avize 2011,both,599.1999999999999,71.33333333333333,19.40333333333333,0.27200934579439245,0.3736440079594325,135.8233333333333,5816.16,9587.199999999999,16.0,surstock_gt_12_mois,True
4364,1,49.5,4,instock,23.6,4364,11585,11585,11585,11585,3.0,Whisky,product,Wemyss Malts Blended Malt Scotch Whisky The Hive,both,148.5,41.25,17.65,0.42787878787878786,0.7478813559322033,52.949999999999996,94.4,198.0,1.3333333333333333,couverture_1_a_3_mois,False
4391,1,49.5,7,instock,22.01,4391,11467,11467,11467,11467,5.0,Whisky,product,Wemyss Malts Blended Malt Scotch Whisky Peat Chimney,both,247.5,41.25,19.24,0.4664242424242424,0.8741481144934119,96.19999999999999,154.07000000000002,346.5,1.4,couverture_1_a_3_mois,False
4392,1,49.5,3,instock,22.01,4392,11586,11586,11586,11586,3.0,Whisky,product,Wemyss Malts Blended Malt Scotch Whisky Spice King,both,148.5,41.25,19.24,0.4664242424242424,0.8741481144934119,57.72,66.03,148.5,1.0,couverture_1_a_3_mois,False
4393,1,57.0,5,instock,26.13,4393,13765,13765,13765,13765,3.0,Whisky,product,Wemyss Malts Blended Malt Scotch Whisky Vanilla Burst,both,171.0,47.5,21.37,0.4498947368421053,0.8178339073861463,64.11,130.65,285.0,1.6666666666666667,couverture_1_a_3_mois,False
4394,1,59.8,3,instock,27.96,4394,13766,13766,13766,13766,2.0,Whisky,product,Wemyss Malts Blended Malt Scotch Whisky Treacle Chest,both,119.6,49.833333333333336,21.873333333333335,0.4389297658862876,0.7823080591320934,43.74666666666667,83.88,179.39999999999998,1.5,couverture_1_a_3_mois,False
4395,1,27.5,9,instock,13.11,4395,11587,11587,11587,11587,7.0,Whisky,product,Wemyss Malts Blended Scotch Whisky Lord Elcho,both,192.5,22.916666666666668,9.806666666666668,0.42792727272727277,0.7480294940249176,68.64666666666668,117.99,247.5,1.2857142857142858,couverture_1_a_3_mois,False
4396,1,62.0,0,outofstock,28.42,4396,9636,9636,9636,9636,0.0,Whisky,product,Wemyss Malts Blended Malt Scotch Whisky The Hive 12 ans,both,0.0,51.66666666666667,23.24666666666667,0.44993548387096777,0.8179685667370397,0.0,0.0,0.0,,ni_stock_ni_vente,False
4397,1,59.0,5,instock,27.31,4397,12639,12639,12639,12639,3.0,Whisky,product,Wemyss Malts Blended Malt Scotch Whisky The Hive Batch Strength,both,177.0,49.16666666666667,21.856666666666673,0.444542372881356,0.80031734407421,65.57000000000002,136.54999999999998,295.0,1.6666666666666667,couverture_1_a_3_mois,False
4398,1,59.0,10,instock,28.39,4398,12641,12641,12641,12641,7.0,Whisky,product,Wemyss Malts Blended Malt Scotch Whisky Peat Chimney Batch Strength,both,413.0,49.16666666666667,20.77666666666667,0.4225762711864407,0.7318304567335918,145.4366666666667,283.9,590.0,1.4285714285714286,couverture_1_a_3_mois,False
4399,1,59.0,10,instock,28.12,4399,12640,12640,12640,12640,6.0,Whisky,product,Wemyss Malts Blended Malt Scotch Whisky Spice King Batch Strength,both,354.0,49.16666666666667,21.04666666666667,0.4280677966101695,0.7484589853010907,126.28000000000003,281.2,590.0,1.6666666666666667,couverture_1_a_3_mois,False
4400,1,44.0,12,instock,21.18,4400,14768,14768,14768,14768,9.0,Cognac,product,Cognac Frapin 1270,both,396.0,36.66666666666667,15.486666666666672,0.42236363636363644,0.7311929493232612,139.38000000000005,254.16,528.0,1.3333333333333333,couverture_1_a_3_mois,False
4401,1,62.5,5,instock,27.21,4401,3506,3506,3506,3506,3.0,Cognac,product,Cognac Frapin VSOP,both,187.5,52.083333333333336,24.873333333333335,0.477568,0.9141247090530442,74.62,136.05,312.5,1.6666666666666667,couverture_1_a_3_mois,False
4402,1,176.0,11,instock,78.25,4402,3510,3510,3510,3510,3.0,Cognac,product,Cognac Frapin VIP XO,both,528.0,146.66666666666669,68.41666666666669,0.4664772727272728,0.8743343982960599,205.25000000000006,860.75,1936.0,3.6666666666666665,couverture_3_a_6_mois,True
4404,1,108.5,17,instock,52.22,4404,3507,3507,3507,3507,4.0,Cognac,product,Cognac Frapin Château de Fontpinot XO,both,434.0,90.41666666666667,38.19666666666667,0.42245161290322586,0.7314566577301163,152.7866666666667,887.74,1844.5,4.25,couverture_3_a_6_mois,True
4405,1,68.1,15,instock,32.46,4405,13230,13230,13230,13230,7.0,Cognac,product,Cognac Frapin Château de Fontpinot XO 1/2,both,476.69999999999993,56.75,24.29,0.42801762114537445,0.748305606900801,170.03,486.90000000000003,1021.4999999999999,2.142857142857143,couverture_1_a_3_mois,False
4406,1,157.0,12,instock,69.08,4406,7819,7819,7819,7819,4.0,Cognac,product,Cognac Frapin Château de Fontpinot 1989 20 Ans d'Age,both,628.0,130.83333333333334,61.753333333333345,0.47200000000000003,0.8939393939393941,247.01333333333338,828.96,1884.0,3.0,couverture_3_a_6_mois,True
4407,1,104.0,14,instock,46.71,4407,3509,3509,3509,3509,5.0,Cognac,product,Cognac Frapin Cigar Blend,both,520.0,86.66666666666667,39.95666666666667,0.46103846153846156,0.8554199671733391,199.78333333333336,653.94,1456.0,2.8,couverture_1_a_3_mois,True
4558,1,28.1,23,instock,15.24,4558,15426,15426,15426,15426,9.0,Vin,product,Domaine de Montcalmès Terrasses du Larzac Rouge 2017,both,252.9,23.416666666666668,8.176666666666668,0.3491814946619217,0.5365266841644795,73.59,350.52,646.3000000000001,2.5555555555555554,couverture_1_a_3_mois,False
4564,1,21.7,28,instock,11.66,4564,15621,15621,15621,15621,10.0,Vin,product,Domaine Giudicelli Vin de France Eté Rouge 2018,both,217.0,18.083333333333332,6.423333333333332,0.35520737327188934,0.5508862206975413,64.23333333333332,326.48,607.6,2.8,couverture_1_a_3_mois,False
4566,1,28.5,19,instock,15.31,4566,15457,15457,15457,15457,8.0,Vin,product,Domaine de Montcalmès Coteaux du Languedoc Blanc 2017,both,228.0,23.75,8.44,0.35536842105263156,0.551273677335075,67.52,290.89,541.5,2.375,couverture_1_a_3_mois,False
4573,1,67.2,12,instock,36.46,4573,13604,13604,13604,13604,8.0,Vin,product,Château de Meursault Beaune-Grèves Les Trois Journaux 1er Cru 2015,both,537.6,56.00000000000001,19.540000000000006,0.3489285714285715,0.5359297860669228,156.32000000000005,437.52,806.4000000000001,1.5,couverture_1_a_3_mois,False
4582,1,109.6,18,instock,53.8,4582,12857,12857,12857,12857,1.0,Vin,product,Château de Meursault Puligny-Montrachet 1er Cru Champ Canet 2014,both,109.6,91.33333333333333,37.53333333333333,0.41094890510948906,0.6976456009913259,37.53333333333333,968.4,1972.8,18.0,surstock_gt_12_mois,True
4596,1,43.9,7,instock,22.91,4596,15476,15476,15476,15476,5.0,Vin,product,Marc Colin Et Fils Chassagne-Montrachet Blanc Margot 2017,both,219.5,36.583333333333336,13.673333333333336,0.3737585421412301,0.5968281681943839,68.36666666666667,160.37,307.3,1.4,couverture_1_a_3_mois,False
4597,1,61.6,7,instock,33.42,4597,14000,14000,14000,14000,4.0,Vin,product,Marc Colin Et Fils Chassagne-Montrachet Blanc Les Vide-Bourses 1er Cru 2016,both,246.4,51.333333333333336,17.913333333333334,0.34896103896103897,0.5360063834031518,71.65333333333334,233.94,431.2,1.75,couverture_1_a_3_mois,False
4598,1,41.8,5,instock,21.38,4598,15478,15478,15478,15478,5.0,Vin,product,Marc Colin Et Fils Saint-Aubin Blanc En Montceau 2017,both,209.0,34.833333333333336,13.453333333333337,0.38622009569377996,0.629248518864983,67.26666666666668,106.89999999999999,209.0,1.0,couverture_1_a_3_mois,False
4600,1,26.5,15,instock,13.14,4600,15475,15475,15475,15475,7.0,Vin,product,Marc Colin Et Fils Chassagne-Montrachet Rouge Vieilles Vignes 2017,both,185.5,22.083333333333336,8.943333333333335,0.40498113207547176,0.6806189751395232,62.603333333333346,197.10000000000002,397.5,2.142857142857143,couverture_1_a_3_mois,False
4601,1,16.1,24,instock,8.57,4601,16151,16151,16151,16151,7.0,Vin,product,Catherine et Claude Maréchal Bourgogne Aligoté 2018,both,112.70000000000002,13.416666666666668,4.846666666666668,0.36124223602484473,0.5655387008945937,33.92666666666668,205.68,386.40000000000003,3.4285714285714284,couverture_3_a_6_mois,False
4602,1,31.5,8,instock,16.93,4602,15659,15659,15659,15659,4.0,Vin,product,Catherine et Claude Maréchal Chorey-Lès-Beaune 2017,both,126.0,26.25,9.32,0.35504761904761906,0.5505020673360899,37.28,135.44,252.0,2.0,couverture_1_a_3_mois,False
4603,1,31.5,8,instock,15.95,4603,15147,15147,15147,15147,6.0,Vin,product,Catherine et Claude Maréchal Ladoix Rouge Les Chaillots 2017,both,189.0,26.25,10.3,0.3923809523809524,0.64576802507837,61.800000000000004,127.6,252.0,1.3333333333333333,couverture_1_a_3_mois,False
4604,1,49.0,5,instock,25.06,4604,15660,15660,15660,15660,4.0,Vin,product,Catherine et Claude Maréchal Pommard La Chanière 2016,both,196.0,40.833333333333336,15.773333333333337,0.38628571428571434,0.6294227188081939,63.09333333333335,125.3,245.0,1.25,couverture_1_a_3_mois,False
4605,1,32.2,9,instock,16.47,4605,15148,15148,15148,15148,9.0,Vin,product,Catherine et Claude Maréchal Savigny-Lès-Beaune Rouge 2016,both,289.8,26.833333333333336,10.363333333333337,0.3862111801242237,0.6292248532685694,93.27000000000004,148.23,289.8,1.0,couverture_1_a_3_mois,False
4606,1,50.1,0,outofstock,24.59,4606,15149,15149,15149,15149,0.0,Vin,product,Catherine et Claude Maréchal Volnay 2017,both,0.0,41.75,17.16,0.4110179640718563,0.697844652297682,0.0,0.0,0.0,,ni_stock_ni_vente,False
4607,1,13.4,41,instock,7.13,4607,15146,15146,15146,15146,12.0,Vin,product,François Bergeret Hautes Côtes de Beaune Vieilles Vignes Rondo 2017,both,160.8,11.166666666666668,4.036666666666668,0.3614925373134329,0.5661524076671344,48.44000000000001,292.33,549.4,3.4166666666666665,couverture_3_a_6_mois,False
4609,1,11.8,40,instock,6.04,4609,15145,15145,15145,15145,14.0,Vin,product,François Bergeret Hautes Côtes de Beaune Rouge 2017,both,165.20000000000002,9.833333333333334,3.793333333333334,0.3857627118644068,0.6280353200883003,53.106666666666676,241.6,472.0,2.857142857142857,couverture_1_a_3_mois,False
4610,1,13.1,34,instock,6.5,4610,15801,15801,15801,15801,10.0,Vin,product,François Bergeret Hautes Côtes de Beaune Blanc 2018,both,131.0,10.916666666666666,4.416666666666666,0.4045801526717557,0.6794871794871794,44.16666666666666,221.0,445.4,3.4,couverture_3_a_6_mois,False
4611,1,26.2,29,instock,13.67,4611,15452,15452,15452,15452,11.0,Vin,product,Gilbert Picq Chablis Vosgros 1er Cru 2017,both,288.2,21.833333333333332,8.163333333333332,0.3738931297709923,0.5971714216044867,89.79666666666665,396.43,759.8,2.6363636363636362,couverture_1_a_3_mois,False
4612,1,20.6,0,outofstock,10.22,4612,15038,15038,15038,15038,5.0,Vin,product,Gilbert Picq Chablis Vieilles Vignes 2017,both,103.0,17.166666666666668,6.946666666666667,0.4046601941747573,0.6797129810828441,34.733333333333334,0.0,0.0,0.0,rupture_potentielle,False
4613,1,16.9,23,instock,8.38,4613,15030,15030,15030,15030,11.0,Vin,product,Gilbert Picq Chablis 2017,both,185.89999999999998,14.083333333333332,5.703333333333331,0.40497041420118335,0.680588703261734,62.73666666666664,192.74,388.7,2.090909090909091,couverture_1_a_3_mois,False
4614,1,19.0,23,instock,10.31,4614,15875,15875,15875,15875,7.0,Vin,product,Gilbert Picq Chablis En Vaudécorse 2017,both,133.0,15.833333333333334,5.523333333333333,0.3488421052631579,0.5357258325250566,38.663333333333334,237.13000000000002,437.0,3.2857142857142856,couverture_3_a_6_mois,False
4615,1,24.0,16,instock,12.28,4615,16186,16186,16186,16186,7.0,Vin,product,Alphonse Mellot Sancerre Blanc La Moussière 2018,both,168.0,20.0,7.720000000000001,0.386,0.6286644951140066,54.040000000000006,196.48,384.0,2.2857142857142856,couverture_1_a_3_mois,False
4616,1,57.0,10,instock,27.98,4616,14371,14371,14371,14371,6.0,Vin,product,Alphonse Mellot Sancerre Rouge La Demoiselle 2015,both,342.0,47.5,19.52,0.4109473684210526,0.6976411722659042,117.12,279.8,570.0,1.6666666666666667,couverture_1_a_3_mois,False
4617,1,67.5,6,instock,35.57,4617,10459,10459,10459,10459,4.0,Vin,product,Alphonse Mellot Sancerre Rouge Génération XIX 2011,both,270.0,56.25,20.68,0.36764444444444444,0.5813888107956142,82.72,213.42000000000002,405.0,1.5,couverture_1_a_3_mois,False
4618,1,30.6,0,outofstock,16.44,4618,14372,14372,14372,14372,0.0,Vin,product,Alphonse Mellot Sancerre Rouge La Moussière 2014,both,0.0,25.500000000000004,9.060000000000002,0.35529411764705887,0.551094890510949,0.0,0.0,0.0,,ni_stock_ni_vente,False
4619,1,59.0,8,instock,32.01,4619,11049,11049,11049,11049,4.0,Vin,product,Alphonse Mellot Sancerre Rouge En Grands Champs 2012,both,236.0,49.16666666666667,17.156666666666673,0.34894915254237296,0.5359783401020517,68.6266666666667,256.08,472.0,2.0,couverture_1_a_3_mois,False
4620,1,11.9,28,instock,6.03,4620,15850,15850,15850,15850,13.0,Vin,product,Bernard Baudry Chinon Rouge Les Granges 2018,both,154.70000000000002,9.916666666666668,3.8866666666666676,0.39193277310924374,0.6445550027639582,50.52666666666668,168.84,333.2,2.1538461538461537,couverture_1_a_3_mois,False
4621,1,16.5,36,instock,8.53,4621,15849,15849,15849,15849,12.0,Vin,product,Bernard Baudry Chinon Rouge Les Grézeaux 2017,both,198.0,13.75,5.220000000000001,0.37963636363636366,0.6119577960140681,62.64000000000001,307.08,594.0,3.0,couverture_3_a_6_mois,False
4625,1,52.4,4,instock,28.16,4625,812,812,812,812,3.0,Vin,product,Marcel Windholtz Eau de Vie de Sureau,both,157.2,43.666666666666664,15.506666666666664,0.3551145038167939,0.5506628787878787,46.519999999999996,112.64,209.6,1.3333333333333333,couverture_1_a_3_mois,False
4626,1,52.9,4,instock,27.88,4626,807,807,807,807,2.0,Vin,product,Marcel Windholtz Eau de Vie de Prunelle Sauvage,both,105.8,44.083333333333336,16.203333333333337,0.3675614366729679,0.5811812529890006,32.40666666666667,111.52,211.6,2.0,couverture_1_a_3_mois,False
4627,1,58.3,2,instock,28.62,4627,805,805,805,805,2.0,Vin,product,Marcel Windholtz Eau de Vie de Poire Williams Réserve Particulière,both,116.6,48.583333333333336,19.963333333333335,0.4109090909090909,0.6975308641975309,39.92666666666667,57.24,116.6,1.0,couverture_1_a_3_mois,False
4628,1,39.6,8,instock,21.07,4628,802,802,802,802,5.0,Vin,product,Marcel Windholtz Eau de Vie de Marc de Muscat,both,198.0,33.0,11.93,0.3615151515151515,0.5662078785002372,59.65,168.56,316.8,1.6,couverture_1_a_3_mois,False
4629,1,52.4,7,instock,27.07,4629,2534,2534,2534,2534,4.0,Vin,product,Marcel Windholtz Eau de Vie de Fraise,both,209.6,43.666666666666664,16.596666666666664,0.38007633587786255,0.613101834749415,66.38666666666666,189.49,366.8,1.75,couverture_1_a_3_mois,False
4630,1,62.4,1,instock,33.21,4630,793,793,793,793,1.0,Vin,product,Marcel Windholtz Eau de Vie de Coing,both,62.4,52.0,18.79,0.3613461538461538,0.5657934357121348,18.79,33.21,62.4,1.0,couverture_1_a_3_mois,False
4631,1,76.8,1,instock,38.49,4631,791,791,791,791,1.0,Vin,product,Marcel Windholtz Eau de Vie de Baie de Houx,both,76.8,64.0,25.509999999999998,0.39859374999999997,0.6627695505326058,25.509999999999998,38.49,76.8,1.0,couverture_1_a_3_mois,False
4632,1,50.0,9,instock,26.87,4632,2179,2179,2179,2179,7.0,Vin,product,Marcel Windholtz Eau de Vie de Quetsch d'Alsace Réserve Particulière,both,350.0,41.66666666666667,14.79666666666667,0.35512000000000005,0.550676094777323,103.5766666666667,241.83,450.0,1.2857142857142858,couverture_1_a_3_mois,False
4633,1,52.4,5,instock,27.61,4633,804,804,804,804,3.0,Vin,product,Marcel Windholtz Eau de Vie de Mirabelle d'Alsace Réserve Particulière,both,157.2,43.666666666666664,16.056666666666665,0.36770992366412214,0.5815525775685138,48.169999999999995,138.05,262.0,1.6666666666666667,couverture_1_a_3_mois,False
4634,1,41.0,11,instock,20.12,4634,41,41,41,41,6.0,Vin,product,Marcel Windholtz Eau de Vie de Marc de Gewurztraminer,both,246.0,34.16666666666667,14.04666666666667,0.4111219512195122,0.6981444665341288,84.28000000000003,221.32000000000002,451.0,1.8333333333333333,couverture_1_a_3_mois,False
4635,1,62.4,12,instock,31.92,4635,798,798,798,798,8.0,Vin,product,Marcel Windholtz Eau de Vie de Kirsch d'Alsace Réserve Particulière,both,499.2,52.0,20.08,0.3861538461538461,0.6290726817042606,160.64,383.04,748.8,1.5,couverture_1_a_3_mois,False
4636,1,50.0,0,outofstock,25.58,4636,2361,2361,2361,2361,4.0,Vin,product,Marcel Windholtz Eau de Vie de Framboise d'Alsace,both,200.0,41.66666666666667,16.086666666666673,0.3860800000000001,0.6288767266093305,64.34666666666669,0.0,0.0,0.0,rupture_potentielle,False
4646,1,21.5,27,instock,10.89,4646,15848,15848,15848,15848,10.0,Vin,product,Bernard Baudry Chinon Rouge Le Clos Guillot 2017,both,215.0,17.916666666666668,7.026666666666667,0.3921860465116279,0.645240281603918,70.26666666666668,294.03000000000003,580.5,2.7,couverture_1_a_3_mois,False
4647,1,28.5,45,instock,14.14,4647,16525,16525,16525,16525,22.0,Vin,product,Bernard Baudry Chinon Rouge La Croix Boissée 2017,both,627.0,23.75,9.61,0.4046315789473684,0.6796322489391796,211.42,636.3000000000001,1282.5,2.0454545454545454,couverture_1_a_3_mois,False
4648,1,24.3,22,instock,12.68,4648,16262,16262,16262,16262,9.0,Vin,product,Bernard Baudry Chinon Blanc La Croix Boissée 2018,both,218.70000000000002,20.25,7.57,0.3738271604938272,0.5970031545741326,68.13,278.96,534.6,2.4444444444444446,couverture_1_a_3_mois,False
4649,1,16.5,18,instock,8.1,4649,16261,16261,16261,16261,7.0,Vin,product,Bernard Baudry Chinon Blanc 2018,both,115.5,13.75,5.65,0.41090909090909095,0.697530864197531,39.550000000000004,145.79999999999998,297.0,2.5714285714285716,couverture_1_a_3_mois,False
4650,1,25.3,20,instock,13.07,4650,15206,15206,15206,15206,9.0,Vin,product,Thierry Germain Saumur Blanc L'Insolite 2018,both,227.70000000000002,21.083333333333336,8.013333333333335,0.38007905138339926,0.6131089007906148,72.12000000000002,261.4,506.0,2.2222222222222223,couverture_1_a_3_mois,False
4651,1,49.0,7,instock,24.81,4651,11849,11849,11849,11849,7.0,Vin,product,Thierry Germain Saumur Blanc Terres 2014,both,343.0,40.833333333333336,16.023333333333337,0.3924081632653062,0.6458417304850197,112.16333333333336,173.67,343.0,1.0,couverture_1_a_3_mois,False
4653,1,36.2,8,instock,19.64,4653,13515,13515,13515,13515,8.0,Vin,product,Thierry Germain Saumur-Champigny Franc De Pied 2016,both,289.6,30.16666666666667,10.52666666666667,0.348950276243094,0.5359809911744741,84.21333333333337,157.12,289.6,1.0,couverture_1_a_3_mois,False
4654,1,33.4,14,instock,17.43,4654,13514,13514,13514,13514,9.0,Vin,product,Thierry Germain Saumur-Champigny La Marginale 2016,both,300.59999999999997,27.833333333333332,10.403333333333332,0.3737724550898203,0.5968636450564161,93.63,244.01999999999998,467.59999999999997,1.5555555555555556,couverture_1_a_3_mois,False
4655,1,40.2,7,instock,20.35,4655,13516,13516,13516,13516,7.0,Vin,product,Thierry Germain Saumur-Champigny Les Mémoires 2016,both,281.40000000000003,33.50000000000001,13.150000000000006,0.39253731343283593,0.6461916461916464,92.05000000000004,142.45000000000002,281.40000000000003,1.0,couverture_1_a_3_mois,False
4656,1,43.0,13,instock,22.88,4656,10814,10814,10814,10814,7.0,Vin,product,Thierry Germain Saumur-Champigny Outre Terre 2013,both,301.0,35.833333333333336,12.953333333333337,0.3614883720930233,0.5661421911421913,90.67333333333336,297.44,559.0,1.8571428571428572,couverture_1_a_3_mois,False
4657,1,43.0,3,instock,21.55,4657,11847,11847,11847,11847,3.0,Vin,product,Thierry Germain Saumur-Champigny Outre Terre 2014,both,129.0,35.833333333333336,14.283333333333335,0.3986046511627907,0.6627996906419181,42.85000000000001,64.65,129.0,1.0,couverture_1_a_3_mois,False
4658,1,48.8,4,instock,25.97,4658,13517,13517,13517,13517,3.0,Vin,product,Thierry Germain Saumur-Champigny Outre Terre 2016,both,146.39999999999998,40.666666666666664,14.696666666666665,0.3613934426229508,0.5659093826209729,44.089999999999996,103.88,195.2,1.3333333333333333,couverture_1_a_3_mois,False
4662,1,20.8,13,instock,10.96,4662,16081,16081,16081,16081,6.0,Vin,product,Pierre Martin Sancerre Les Monts Damnés 2018,both,124.80000000000001,17.333333333333336,6.373333333333335,0.3676923076923077,0.5815085158150852,38.24000000000001,142.48000000000002,270.40000000000003,2.1666666666666665,couverture_1_a_3_mois,False
4664,1,16.4,20,instock,8.39,4664,15402,15402,15402,15402,9.0,Vin,product,La Cotelleraie Saint-Nicolas-de-Bourgueil Le Vau Jaumier 2016,both,147.6,13.666666666666666,5.2766666666666655,0.3860975609756097,0.628923321414382,47.48999999999999,167.8,328.0,2.2222222222222223,couverture_1_a_3_mois,False
4665,1,14.4,39,instock,7.59,4665,15404,15404,15404,15404,13.0,Vin,product,Vincent Carême Vouvray Sec 2018,both,187.20000000000002,12.0,4.41,0.3675,0.5810276679841897,57.33,296.01,561.6,3.0,couverture_3_a_6_mois,False
4666,1,21.0,24,instock,11.18,4666,13647,13647,13647,13647,11.0,Vin,product,Vincent Carême Vouvray Moelleux 2015,both,231.0,17.5,6.32,0.36114285714285715,0.5652951699463328,69.52000000000001,268.32,504.0,2.1818181818181817,couverture_1_a_3_mois,False
4668,1,12.3,21,instock,6.23,4668,14657,14657,14657,14657,10.0,Vin,product,Xavier Frissant Touraine Amboise L'Orée des Frênes 2015,both,123.0,10.250000000000002,4.020000000000001,0.3921951219512196,0.6452648475120387,40.20000000000002,130.83,258.3,2.1,couverture_1_a_3_mois,False
4669,1,20.2,21,instock,10.65,4669,16053,16053,16053,16053,7.0,Vin,product,Domaine Pellé Menetou Salon Blanc Le Carroir 2018,both,141.4,16.833333333333332,6.183333333333332,0.36732673267326726,0.5805946791862283,43.283333333333324,223.65,424.2,3.0,couverture_3_a_6_mois,False
4670,1,17.0,30,instock,8.96,4670,15525,15525,15525,15525,12.0,Vin,product,Domaine Pellé Menetou Salon Blanc Morogues 2018,both,204.0,14.166666666666668,5.206666666666667,0.3675294117647059,0.5811011904761905,62.480000000000004,268.8,510.0,2.5,couverture_1_a_3_mois,False
4671,1,21.9,28,instock,11.32,4671,15527,15527,15527,15527,10.0,Vin,product,Domaine Pellé Menetou Salon Rouge Les Cris 2015,both,219.0,18.25,6.93,0.37972602739726025,0.612190812720848,69.3,316.96000000000004,613.1999999999999,2.8,couverture_1_a_3_mois,False
4672,1,17.8,36,instock,9.56,4672,14676,14676,14676,14676,13.0,Vin,product,Domaine Pellé Menetou Salon Rouge Morogues 2017,both,231.4,14.833333333333334,5.273333333333333,0.35550561797752805,0.5516039051603905,68.55333333333334,344.16,640.8000000000001,2.769230769230769,couverture_1_a_3_mois,False
4673,1,19.8,17,instock,10.33,4673,16057,16057,16057,16057,5.0,Vin,product,Domaine Pellé Sancerre Rouge La Croix Au Garde 2017,both,99.0,16.5,6.17,0.37393939393939396,0.5972894482090997,30.85,175.61,336.6,3.4,couverture_3_a_6_mois,False
4674,1,19.0,24,instock,9.91,4674,16056,16056,16056,16056,7.0,Vin,product,Domaine Pellé Sancerre Blanc La Croix Au Garde 2018,both,133.0,15.833333333333334,5.923333333333334,0.3741052631578948,0.5977127480659267,41.46333333333334,237.84,456.0,3.4285714285714284,couverture_3_a_6_mois,False
4675,1,10.7,31,instock,5.64,4675,13762,13762,13762,13762,9.0,Vin,product,Domaine Rotier Gaillac Blanc Sec Renaissance 2015,both,96.3,8.916666666666666,3.2766666666666664,0.3674766355140187,0.5809692671394799,29.49,174.84,331.7,3.4444444444444446,couverture_3_a_6_mois,False
4676,1,12.9,28,instock,6.93,4676,15280,15280,15280,15280,11.0,Vin,product,Domaine Rotier Gaillac Blanc Doux Les Gravels 2016,both,141.9,10.75,3.8200000000000003,0.3553488372093023,0.5512265512265513,42.02,194.04,361.2,2.5454545454545454,couverture_1_a_3_mois,False
4677,1,9.5,25,instock,4.91,4677,15282,15282,15282,15282,9.0,Vin,product,Domaine Rotier Gaillac Rouge Les Gravels 2016,both,85.5,7.916666666666667,3.006666666666667,0.3797894736842105,0.6123557365919892,27.060000000000002,122.75,237.5,2.7777777777777777,couverture_1_a_3_mois,False
4678,1,29.8,31,instock,15.09,4678,15281,15281,15281,15281,9.0,Vin,product,Domaine Rotier Gaillac Rouge L'Ame 2016,both,268.2,24.833333333333336,9.743333333333336,0.3923489932885907,0.6456814667550256,87.69000000000003,467.79,923.8000000000001,3.4444444444444446,couverture_3_a_6_mois,False
4679,1,13.2,32,instock,6.55,4679,15283,15283,15283,15283,12.0,Vin,product,Domaine Rotier Gaillac Rouge Renaissance 2016,both,158.39999999999998,11.0,4.45,0.40454545454545454,0.6793893129770993,53.400000000000006,209.6,422.4,2.6666666666666665,couverture_1_a_3_mois,False
4680,1,6.3,35,instock,3.29,4680,15934,15934,15934,15934,12.0,Vin,product,Domaine de Joy Côtes de Gascogne Envie de Joy 2018,both,75.6,5.25,1.96,0.37333333333333335,0.5957446808510638,23.52,115.15,220.5,2.9166666666666665,couverture_1_a_3_mois,False
4681,1,7.1,33,instock,3.56,4681,15933,15933,15933,15933,12.0,Vin,product,Domaine de Joy Côtes de Gascogne Blanc Moelleux Saint-André 2018,both,85.19999999999999,5.916666666666667,2.356666666666667,0.3983098591549296,0.6619850187265918,28.28,117.48,234.29999999999998,2.75,couverture_1_a_3_mois,False
4682,1,9.1,34,instock,4.84,4682,15575,15575,15575,15575,11.0,Vin,product,Château Plaisance Fronton Rouge 2017,both,100.1,7.583333333333333,2.743333333333333,0.3617582417582417,0.5668044077134986,30.176666666666666,164.56,309.4,3.090909090909091,couverture_3_a_6_mois,False
4683,1,9.1,43,instock,4.84,4683,16239,16239,16239,16239,15.0,Vin,product,Château Plaisance Fronton Rosé 2019,both,136.5,7.583333333333333,2.743333333333333,0.3617582417582417,0.5668044077134986,41.15,208.12,391.3,2.8666666666666667,couverture_1_a_3_mois,False
4684,1,18.1,28,instock,9.45,4684,14451,14451,14451,14451,10.0,Vin,product,Château Plaisance Fronton To Co Que Cal 2015,both,181.0,15.083333333333336,5.633333333333336,0.3734806629834256,0.5961199294532632,56.333333333333364,264.59999999999997,506.80000000000007,2.8,couverture_1_a_3_mois,False
4686,1,14.0,23,instock,7.31,4686,16324,16324,16324,16324,7.0,Vin,product,Cosse Maisonneuve Cahors Solis 2018,both,98.0,11.666666666666668,4.356666666666668,0.3734285714285715,0.5959872321021434,30.496666666666677,168.13,322.0,3.2857142857142856,couverture_3_a_6_mois,False
4687,1,30.1,10,instock,15.4,4687,15582,15582,15582,15582,7.0,Vin,product,Cosse-Maisonneuve Cahors Le Sid 2014,both,210.70000000000002,25.083333333333336,9.683333333333335,0.38604651162790704,0.6287878787878789,67.78333333333335,154.0,301.0,1.4285714285714286,couverture_1_a_3_mois,False
4689,1,12.8,38,instock,6.68,4689,13736,13736,13736,13736,13.0,Vin,product,Domaine Plageoles Côtes du Tarn Blanc Sec Ondenc,both,166.4,10.666666666666668,3.986666666666668,0.3737500000000001,0.5968063872255491,51.82666666666668,253.83999999999997,486.40000000000003,2.923076923076923,couverture_1_a_3_mois,False
4690,1,12.8,23,instock,6.94,4690,13659,13659,13659,13659,11.0,Vin,product,Domaine Plageoles Vin de France Contre-Pied 2016,both,140.8,10.666666666666668,3.7266666666666675,0.34937500000000005,0.5369836695485112,40.99333333333334,159.62,294.40000000000003,2.090909090909091,couverture_1_a_3_mois,False
4703,1,19.8,42,instock,9.72,4703,15465,15465,15465,15465,12.0,Vin,product,Albert Mann Crémant d'Alsace Extra Brut 2017,both,237.60000000000002,16.5,6.779999999999999,0.4109090909090909,0.6975308641975307,81.35999999999999,408.24,831.6,3.5,couverture_3_a_6_mois,False
4704,1,18.2,30,instock,9.22,4704,15004,15004,15004,15004,9.0,Vin,product,Albert Mann Gewurztraminer 2017,both,163.79999999999998,15.166666666666666,5.946666666666665,0.39208791208791205,0.6449746926970352,53.51999999999999,276.6,546.0,3.3333333333333335,couverture_3_a_6_mois,False
4705,1,31.6,9,instock,17.14,4705,14699,14699,14699,14699,6.0,Vin,product,Albert Mann Gewurztraminer Grand Cru Steingrubler 2016,both,189.60000000000002,26.333333333333336,9.193333333333335,0.34911392405063296,0.5363671723064957,55.16000000000001,154.26,284.40000000000003,1.5,couverture_1_a_3_mois,False
4706,1,16.8,0,outofstock,8.68,4706,15349,15349,15349,15349,10.0,Vin,product,Albert Mann Muscat 2018,both,168.0,14.000000000000002,5.320000000000002,0.3800000000000001,0.6129032258064518,53.20000000000002,0.0,0.0,0.0,rupture_potentielle,False
4707,1,22.8,21,instock,11.54,4707,15466,15466,15466,15466,7.0,Vin,product,Albert Mann Pinot Gris Cuvée Albert 2017,both,159.6,19.0,7.460000000000001,0.39263157894736844,0.6464471403812826,52.220000000000006,242.33999999999997,478.8,3.0,couverture_3_a_6_mois,False
4708,1,32.6,3,instock,17.35,4708,14700,14700,14700,14700,3.0,Vin,product,Albert Mann Pinot Gris Grand Cru Furstentum 2016,both,97.80000000000001,27.166666666666668,9.816666666666666,0.3613496932515337,0.5658021133525456,29.45,52.050000000000004,97.80000000000001,1.0,couverture_1_a_3_mois,False
4709,1,44.0,7,instock,22.05,4709,10775,10775,10775,10775,6.0,Vin,product,Albert Mann Pinot Gris Vendanges Tardives Altenbourg 2011,both,264.0,36.66666666666667,14.61666666666667,0.3986363636363637,0.6628873771730917,87.70000000000002,154.35,308.0,1.1666666666666667,couverture_1_a_3_mois,False
4711,1,55.4,6,instock,29.77,4711,16119,16119,16119,16119,4.0,Vin,product,Albert Mann Riesling Grand Cru Schlossberg 2018,both,221.6,46.166666666666664,16.396666666666665,0.35516245487364617,0.5507781883327735,65.58666666666666,178.62,332.4,1.5,couverture_1_a_3_mois,False
4712,1,15.8,27,instock,8.57,4712,15667,15667,15667,15667,13.0,Vin,product,Domaine Schoenheitz Crémant d'Alsace Mémoire de Granit Extra Brut,both,205.4,13.166666666666668,4.596666666666668,0.34911392405063296,0.5363671723064957,59.756666666666675,231.39000000000001,426.6,2.076923076923077,couverture_1_a_3_mois,False
4713,1,18.4,25,instock,9.22,4713,14746,14746,14746,14746,9.0,Vin,product,Domaine Schoenheitz Gewurztraminer Lisenberg 2015,both,165.6,15.333333333333332,6.1133333333333315,0.39869565217391295,0.6630513376717279,55.01999999999998,230.50000000000003,459.99999999999994,2.7777777777777777,couverture_1_a_3_mois,False
4714,1,13.3,26,instock,7.22,4714,15361,15361,15361,15361,13.0,Vin,product,Domaine Schoenheitz Muscat 2017,both,172.9,11.083333333333334,3.863333333333334,0.34857142857142864,0.5350877192982457,50.22333333333334,187.72,345.8,2.0,couverture_1_a_3_mois,False
4715,1,11.1,23,instock,5.91,4715,15196,15196,15196,15196,11.0,Vin,product,Domaine Schoenheitz Pinot Blanc Val Saint Grégoire 2017,both,122.1,9.25,3.34,0.36108108108108106,0.5651438240270727,36.739999999999995,135.93,255.29999999999998,2.090909090909091,couverture_1_a_3_mois,False
4716,1,18.6,32,instock,9.23,4716,15657,15657,15657,15657,11.0,Vin,product,Domaine Schoenheitz Pinot Gris Herrenreben 2017,both,204.60000000000002,15.500000000000002,6.270000000000001,0.4045161290322581,0.6793066088840738,68.97000000000001,295.36,595.2,2.909090909090909,couverture_1_a_3_mois,False
4717,1,23.4,20,instock,11.73,4717,15658,15658,15658,15658,7.0,Vin,product,Domaine Schoenheitz Pinot Noir Herrenreben 2017,both,163.79999999999998,19.5,7.77,0.3984615384615384,0.6624040920716112,54.39,234.60000000000002,468.0,2.857142857142857,couverture_1_a_3_mois,False
4718,1,18.2,35,instock,9.78,4718,15670,15670,15670,15670,12.0,Vin,product,Domaine Schoenheitz Pinot Noir Val Saint Grégoire 2017,both,218.39999999999998,15.166666666666666,5.386666666666667,0.35516483516483516,0.5507839127471029,64.64,342.29999999999995,637.0,2.9166666666666665,couverture_1_a_3_mois,False
4719,1,12.5,23,instock,6.46,4719,16527,16527,16527,16527,11.0,Vin,product,Domaine Schoenheitz Pinot Noir Tradition 2019,both,137.5,10.416666666666668,3.956666666666668,0.37984000000000007,0.6124871001031994,43.52333333333335,148.58,287.5,2.090909090909091,couverture_1_a_3_mois,False
4720,1,15.9,31,instock,8.46,4720,16513,16513,16513,16513,13.0,Vin,product,Domaine Schoenheitz Riesling Herrenreben 2018,both,206.70000000000002,13.25,4.789999999999999,0.3615094339622641,0.5661938534278959,62.26999999999999,262.26000000000005,492.90000000000003,2.3846153846153846,couverture_1_a_3_mois,False
4722,1,13.7,18,instock,6.72,4722,15880,15880,15880,15880,8.0,Vin,product,François Baur Pinot Gris Herrenweg de Turckheim 2018,both,109.6,11.416666666666666,4.696666666666666,0.4113868613138686,0.6989087301587301,37.57333333333333,120.96,246.6,2.25,couverture_1_a_3_mois,False
4723,1,29.0,19,instock,15.43,4723,15879,15879,15879,15879,6.0,Vin,product,François Baur Pinot Noir Sang Du Dragon 2017,both,174.0,24.166666666666668,8.736666666666668,0.3615172413793104,0.5662130049686759,52.42000000000001,293.17,551.0,3.1666666666666665,couverture_3_a_6_mois,False
4725,1,23.4,13,instock,12.33,4725,16010,16010,16010,16010,6.0,Vin,product,François Baur Riesling Grand Cru Brand Clos De La Treille 2017,both,140.39999999999998,19.5,7.17,0.3676923076923077,0.5815085158150851,43.019999999999996,160.29,304.2,2.1666666666666665,couverture_1_a_3_mois,False
4726,1,12.7,0,outofstock,6.82,4726,14950,14950,14950,14950,22.0,Vin,product,François Baur Pinot Noir Schlittweg 2017,both,279.4,10.583333333333334,3.7633333333333336,0.3555905511811024,0.5518084066471164,82.79333333333334,0.0,0.0,0.0,rupture_potentielle,False
4727,1,26.0,15,instock,12.9,4727,16540,16540,16540,16540,5.0,Vin,product,Paul Ginglinger Riesling Grand Cru Pfersigberg 2018,both,130.0,21.666666666666668,8.766666666666667,0.40461538461538465,0.6795865633074936,43.833333333333336,193.5,390.0,3.0,couverture_3_a_6_mois,False
4728,1,29.5,14,instock,14.48,4728,15729,15729,15729,15729,5.0,Vin,product,Maurice Schoech Gewurztraminer Vendanges Tardives 2017,both,147.5,24.583333333333336,10.103333333333335,0.4109830508474577,0.6977440147329651,50.51666666666668,202.72,413.0,2.8,couverture_1_a_3_mois,False
4729,1,8.6,26,instock,4.22,4729,38,38,38,38,10.0,Vin,product,Emile Boeckel Crémant Brut Blanc de Blancs,both,86.0,7.166666666666667,2.946666666666667,0.4111627906976745,0.6982622432859401,29.466666666666672,109.72,223.6,2.6,couverture_1_a_3_mois,False
4730,1,14.3,31,instock,7.24,4730,5646,5646,5646,5646,11.0,Vin,product,Domaine Muré Crémant d'Alsace Cuvée Prestige,both,157.3,11.916666666666668,4.676666666666668,0.3924475524475525,0.6459484346224679,51.44333333333334,224.44,443.3,2.8181818181818183,couverture_1_a_3_mois,False
4731,1,22.0,42,instock,11.03,4731,8344,8344,8344,8344,12.0,Vin,product,Domaine Muré Crémant d'Alsace Rosé,both,264.0,18.333333333333336,7.303333333333336,0.3983636363636365,0.6621335750982172,87.64000000000004,463.26,924.0,3.5,couverture_3_a_6_mois,False
4733,1,16.8,38,instock,8.42,4733,15576,15576,15576,15576,11.0,Vin,product,Camin Larredya Jurançon Sec La Part Davant 2018,both,184.8,14.000000000000002,5.580000000000002,0.39857142857142863,0.6627078384798102,61.380000000000024,319.96,638.4,3.4545454545454546,couverture_3_a_6_mois,False
4734,1,15.3,27,instock,8.22,4734,16138,16138,16138,16138,8.0,Vin,product,Camin Larredya Jurançon Moelleux Costat Darrer 2018,both,122.4,12.750000000000002,4.530000000000001,0.35529411764705887,0.551094890510949,36.24000000000001,221.94000000000003,413.1,3.375,couverture_3_a_6_mois,False
4739,1,7.4,30,instock,3.75,4739,14366,14366,14366,14366,9.0,Vin,product,Jean-Paul Brun Beaujolais Le Ronsay 2016,both,66.60000000000001,6.166666666666667,2.416666666666667,0.39189189189189194,0.6444444444444445,21.750000000000004,112.5,222.0,3.3333333333333335,couverture_3_a_6_mois,False
4740,1,9.7,31,instock,5.21,4740,13412,13412,13412,13412,9.0,Vin,product,Jean-Paul Brun Beaujolais L'Ancien 2016,both,87.3,8.083333333333334,2.873333333333334,0.3554639175257732,0.5515035188739604,25.860000000000007,161.51,300.7,3.4444444444444446,couverture_3_a_6_mois,False
4748,1,14.5,35,instock,7.42,4748,14632,14632,14632,14632,11.0,Vin,product,Jean-Paul Brun Saint-Amour 2017,both,159.5,12.083333333333334,4.663333333333334,0.3859310344827587,0.6284815813117701,51.296666666666674,259.7,507.5,3.1818181818181817,couverture_3_a_6_mois,False
4749,1,11.9,38,instock,6.46,4749,15315,15315,15315,15315,12.0,Vin,product,Domaine de Montgilet Anjou Blanc 2016,both,142.8,9.916666666666668,3.456666666666668,0.34857142857142864,0.5350877192982458,41.48000000000002,245.48,452.2,3.1666666666666665,couverture_3_a_6_mois,False
4750,1,16.4,24,instock,8.3,4750,13627,13627,13627,13627,11.0,Vin,product,Domaine de Montgilet Anjou Rouge Les Yvonnais 2015,both,180.39999999999998,13.666666666666666,5.366666666666665,0.3926829268292682,0.6465863453815259,59.03333333333332,199.20000000000002,393.59999999999997,2.1818181818181817,couverture_1_a_3_mois,False
4752,1,27.9,23,instock,13.69,4752,14184,14184,14184,14184,7.0,Vin,product,Domaine de Montgilet Coteaux de l'Aubance Les Trois Schistes 2016,both,195.29999999999998,23.25,9.56,0.41118279569892474,0.6983199415631849,66.92,314.87,641.6999999999999,3.2857142857142856,couverture_3_a_6_mois,False
4753,1,12.0,23,instock,6.51,4753,15429,15429,15429,15429,10.0,Vin,product,Domaine de Montgilet Coteaux de l'Aubance 2017,both,120.0,10.0,3.49,0.34900000000000003,0.5360983102918587,34.900000000000006,149.73,276.0,2.3,couverture_1_a_3_mois,False
4755,1,7.4,47,instock,3.98,4755,16132,16132,16132,16132,14.0,Vin,product,Domaine de Montgilet Vin de France Grolleau 2019,both,103.60000000000001,6.166666666666667,2.186666666666667,0.35459459459459464,0.5494137353433837,30.613333333333337,187.06,347.8,3.357142857142857,couverture_3_a_6_mois,False
4757,1,26.5,21,instock,13.01,4757,14680,14680,14680,14680,7.0,Vin,product,Domaine Saint-Nicolas Fiefs Vendéens Blanc Le Haut des Clous 2017,both,185.5,22.083333333333336,9.073333333333336,0.41086792452830195,0.6974122469894954,63.51333333333335,273.21,556.5,3.0,couverture_3_a_6_mois,False
4758,1,24.3,35,instock,12.93,4758,15859,15859,15859,15859,12.0,Vin,product,Domaine Saint-Nicolas Fiefs Vendéens Rouge Cuvée Jacques 2016,both,291.6,20.25,7.32,0.3614814814814815,0.5661252900232019,87.84,452.55,850.5,2.9166666666666665,couverture_1_a_3_mois,False
4759,1,16.9,26,instock,8.3,4759,16229,16229,16229,16229,13.0,Vin,product,Domaine Saint-Nicolas Fiefs Vendéens Rouge Reflets 2018,both,219.7,14.083333333333332,5.783333333333331,0.4106508875739644,0.6967871485943772,75.18333333333331,215.8,439.4,2.0,couverture_1_a_3_mois,False
4776,1,6.8,42,instock,3.48,4776,14302,14302,14302,14302,12.0,Vin,product,Château de La Liquière Pays d'Hérault Blanc A Mi Chemin 2017,both,81.6,5.666666666666667,2.186666666666667,0.3858823529411765,0.628352490421456,26.240000000000002,146.16,285.59999999999997,3.5,couverture_3_a_6_mois,False
4778,1,13.9,20,instock,6.89,4778,16072,16072,16072,16072,9.0,Vin,product,Clos du Mont-Olivet Lirac Rosé Farel 2019,both,125.10000000000001,11.583333333333334,4.693333333333334,0.405179856115108,0.6811804547653606,42.24000000000001,137.79999999999998,278.0,2.2222222222222223,couverture_1_a_3_mois,False
4779,1,7.8,36,instock,4.07,4779,14300,14300,14300,14300,11.0,Vin,product,Clos du Mont-Olivet Vin de France La Sabonite,both,85.8,6.5,2.4299999999999997,0.37384615384615383,0.5970515970515969,26.729999999999997,146.52,280.8,3.272727272727273,couverture_3_a_6_mois,False
4780,1,13.7,32,instock,6.72,4780,13096,13096,13096,13096,10.0,Vin,product,Maurice Schoech Crémant d'Alsace Brut Rosé Bulles de Granite,both,137.0,11.416666666666666,4.696666666666666,0.4113868613138686,0.6989087301587301,46.96666666666666,215.04,438.4,3.2,couverture_3_a_6_mois,False
4782,1,9.8,19,instock,5.01,4782,16564,16564,16564,16564,9.0,Vin,product,Paul Ginglinger Pinot Blanc 2017,both,88.2,8.166666666666668,3.156666666666668,0.3865306122448981,0.6300731869594148,28.41000000000001,95.19,186.20000000000002,2.111111111111111,couverture_1_a_3_mois,False
4783,1,29.5,16,instock,15.85,4783,13754,13754,13754,13754,8.0,Vin,product,Maurice Schoech Pinot Gris Vendanges Tardives 2015,both,236.0,24.583333333333336,8.733333333333336,0.35525423728813565,0.5509989484752894,69.86666666666669,253.6,472.0,2.0,couverture_1_a_3_mois,False
4784,1,28.5,21,instock,14.28,4784,15734,15734,15734,15734,10.0,Vin,product,Maurice Schoech Riesling Vendanges Tardives 2017,both,285.0,23.75,9.47,0.39873684210526317,0.6631652661064427,94.7,299.88,598.5,2.1,couverture_1_a_3_mois,False
4785,1,10.1,20,instock,4.96,4785,15448,15448,15448,15448,9.0,Vin,product,Maurice Schoech Pinot Auxerrois Vieilles Vignes 2018,both,90.89999999999999,8.416666666666666,3.456666666666666,0.41069306930693067,0.6969086021505375,31.109999999999996,99.2,202.0,2.2222222222222223,couverture_1_a_3_mois,False
4786,1,12.1,32,instock,6.56,4786,15881,15881,15881,15881,12.0,Vin,product,Maurice Schoech Gewurztraminer 2018,both,145.2,10.083333333333334,3.5233333333333343,0.3494214876033059,0.5370934959349596,42.280000000000015,209.92,387.2,2.6666666666666665,couverture_1_a_3_mois,False
4788,1,12.3,10,instock,6.29,4788,15731,15731,15731,15731,3.0,Vin,product,Maurice Schoech Pinot Gris 2018,both,36.900000000000006,10.250000000000002,3.9600000000000017,0.38634146341463427,0.6295707472178063,11.880000000000006,62.9,123.0,3.3333333333333335,couverture_3_a_6_mois,False
4789,1,11.1,27,instock,5.96,4789,15316,15316,15316,15316,8.0,Vin,product,Maurice Schoech Pinot Noir 2018,both,88.8,9.25,3.29,0.3556756756756757,0.552013422818792,26.32,160.92,299.7,3.375,couverture_3_a_6_mois,False
4790,1,11.1,22,instock,5.62,4790,15732,15732,15732,15732,10.0,Vin,product,Maurice Schoech Riesling 2018,both,111.0,9.25,3.63,0.3924324324324324,0.6459074733096085,36.3,123.64,244.2,2.2,couverture_1_a_3_mois,False
4791,1,13.6,27,instock,7.38,4791,14599,14599,14599,14599,8.0,Vin,product,Maurice Schoech Pinot Noir Pièce de Chêne 2016,both,108.8,11.333333333333334,3.953333333333334,0.34882352941176475,0.5356820234869016,31.626666666666672,199.26,367.2,3.375,couverture_3_a_6_mois,False
4792,1,21.0,29,instock,11.28,4792,15733,15733,15733,15733,12.0,Vin,product,Maurice Schoech Riesling Grand Cru Kaefferkopf 2018,both,252.0,17.5,6.220000000000001,0.3554285714285715,0.5514184397163121,74.64000000000001,327.12,609.0,2.4166666666666665,couverture_1_a_3_mois,False
4793,1,18.7,15,instock,9.37,4793,15730,15730,15730,15730,7.0,Vin,product,Maurice Schoech Pinot Gris Grand Cru Schlossberg 2017,both,130.9,15.583333333333334,6.213333333333335,0.39871657754010703,0.6631092138029173,43.49333333333334,140.54999999999998,280.5,2.142857142857143,couverture_1_a_3_mois,False
4794,1,41.6,14,instock,22.14,4794,12771,12771,12771,12771,9.0,Vin,product,Maurice Schoech Riesling Grand Cru Rangen de Thann 2014,both,374.40000000000003,34.66666666666667,12.52666666666667,0.36134615384615393,0.565793435712135,112.74000000000004,309.96000000000004,582.4,1.5555555555555556,couverture_1_a_3_mois,False
4795,1,12.0,32,instock,6.08,4795,3568,3568,3568,3568,13.0,Vin,product,Emile Boeckel Crémant Brut Rosé,both,156.0,10.0,3.92,0.392,0.6447368421052632,50.96,194.56,384.0,2.4615384615384617,couverture_1_a_3_mois,False
4797,1,78.0,5,instock,42.32,4797,14506,14506,14506,14506,5.0,Vin,product,Domaine Peyre Rose Clos des Cistes 2008,both,390.0,65.0,22.68,0.3489230769230769,0.5359168241965974,113.4,211.6,390.0,1.0,couverture_1_a_3_mois,False
4799,1,14.9,23,instock,7.39,4799,15811,15811,15811,15811,7.0,Vin,product,Domaine de la Monardière Vacqueyras Les Deux Monardes 2017,both,104.3,12.416666666666668,5.026666666666668,0.40483221476510073,0.6801984663960309,35.186666666666675,169.97,342.7,3.2857142857142856,couverture_3_a_6_mois,False
4858,1,6.5,0,outofstock,3.19,4858,16342,16342,16342,16342,5.0,Vin,product,Château Turcaud Bordeaux Rosé 2019,both,32.5,5.416666666666667,2.226666666666667,0.4110769230769231,0.6980146290491119,11.133333333333335,0.0,0.0,0.0,rupture_potentielle,False
4860,1,8.7,29,instock,4.63,4860,16292,16292,16292,16292,9.0,Vin,product,Philippe Nusswitz Duché d'Uzès Orénia Rosé 2019,both,78.3,7.25,2.62,0.3613793103448276,0.5658747300215983,23.580000000000002,134.27,252.29999999999998,3.2222222222222223,couverture_3_a_6_mois,False
4861,1,8.5,36,instock,4.17,4861,15307,15307,15307,15307,15.0,Vin,product,Philippe Nusswitz Duché d'Uzès Orénia Rouge 2017,both,127.5,7.083333333333334,2.913333333333334,0.41129411764705887,0.6986410871302959,43.70000000000001,150.12,306.0,2.4,couverture_1_a_3_mois,False
4862,1,9.9,35,instock,4.86,4862,16047,16047,16047,16047,13.0,Vin,product,Philippe Nusswitz Duché d'Uzès Orénia Blanc 2018,both,128.70000000000002,8.25,3.3899999999999997,0.4109090909090909,0.6975308641975307,44.06999999999999,170.10000000000002,346.5,2.6923076923076925,couverture_1_a_3_mois,False
4863,1,8.2,54,instock,4.11,4863,16255,16255,16255,16255,16.0,Vin,product,Château Ollieux Romanis Corbières Rosé Classique 2019,both,131.2,6.833333333333333,2.7233333333333327,0.39853658536585357,0.662611516626115,43.57333333333332,221.94000000000003,442.79999999999995,3.375,couverture_3_a_6_mois,False
4865,1,9.8,48,instock,5.16,4865,16274,16274,16274,16274,15.0,Vin,product,Mourgues du Grès Costières de Nîmes Capitelles Rosé 2018,both,147.0,8.166666666666668,3.0066666666666677,0.36816326530612253,0.5826873385012922,45.100000000000016,247.68,470.40000000000003,3.2,couverture_3_a_6_mois,False
4867,1,9.9,121,instock,4.86,4867,16148,16148,16148,16148,36.0,Vin,product,Château De La Selve IGP Coteaux de l'Ardèche Maguelonne Rosé 2019,both,356.40000000000003,8.25,3.3899999999999997,0.4109090909090909,0.6975308641975307,122.03999999999999,588.0600000000001,1197.9,3.361111111111111,couverture_3_a_6_mois,False
4870,1,9.3,0,outofstock,4.81,4870,16149,16149,16149,16149,16.0,Vin,product,Triennes IGP Méditerranée Rosé 2019,both,148.8,7.750000000000001,2.9400000000000013,0.37935483870967757,0.6112266112266116,47.04000000000002,0.0,0.0,0.0,rupture_potentielle,False
4876,1,22.8,0,outofstock,11.9,4876,16289,16289,16289,16289,0.0,Vin,product,Tempier Bandol Rosé 2019,both,0.0,19.0,7.1,0.3736842105263158,0.5966386554621849,0.0,0.0,0.0,,ni_stock_ni_vente,False
4885,1,18.7,0,instock,9.66,4885,14981,14981,14981,14981,10.0,Vin,product,Saumaize-Michelin Mâcon Vergisson Sur La Roche 2017,both,187.0,15.583333333333334,5.923333333333334,0.38010695187165777,0.6131815044858524,59.233333333333334,0.0,0.0,0.0,rupture_potentielle,False
4886,1,28.4,14,instock,14.53,4886,15773,15773,15773,15773,5.0,Vin,product,Saumaize-Michelin Pouilly-Fuissé Clos sur la Roche 2018,both,142.0,23.666666666666668,9.136666666666668,0.3860563380281691,0.6288139481532463,45.683333333333344,203.42,397.59999999999997,2.8,couverture_1_a_3_mois,False
4888,1,27.9,17,instock,14.85,4888,15776,15776,15776,15776,6.0,Vin,product,Saumaize-Michelin Pouilly-Fuissé Les Ronchevats 2018,both,167.39999999999998,23.25,8.4,0.3612903225806452,0.5656565656565657,50.400000000000006,252.45,474.29999999999995,2.8333333333333335,couverture_1_a_3_mois,False
4889,1,25.3,16,instock,12.55,4889,16037,16037,16037,16037,6.0,Vin,product,Saumaize-Michelin Pouilly-Fuissé Vignes Blanches 2018,both,151.8,21.083333333333336,8.533333333333335,0.4047430830039526,0.6799468791500665,51.20000000000001,200.8,404.8,2.6666666666666665,couverture_1_a_3_mois,False
4890,1,17.0,19,instock,8.78,4890,16038,16038,16038,16038,8.0,Vin,product,Saumaize-Michelin Saint-Véran 2018,both,136.0,14.166666666666668,5.3866666666666685,0.38023529411764717,0.613515565679575,43.09333333333335,166.82,323.0,2.375,couverture_1_a_3_mois,False
4891,1,27.9,8,instock,14.7,4891,15807,15807,15807,15807,4.0,Vin,product,Jacqueson Rully Blanc 1er Cru La Pucelle 2018,both,111.6,23.25,8.55,0.367741935483871,0.5816326530612246,34.2,117.6,223.2,2.0,couverture_1_a_3_mois,False
4892,1,20.1,30,instock,10.9,4892,15952,15952,15952,15952,9.0,Vin,product,Jacqueson Rully Rouge Les Chaponnières 2018,both,180.9,16.750000000000004,5.850000000000003,0.3492537313432837,0.5366972477064222,52.65000000000003,327.0,603.0,3.3333333333333335,couverture_3_a_6_mois,False
4893,1,27.9,21,instock,14.99,4893,15808,15808,15808,15808,10.0,Vin,product,Jacqueson Rully Rouge 1er Cru Les Cloux 2018,both,279.0,23.25,8.26,0.3552688172043011,0.5510340226817878,82.6,314.79,585.9,2.1,couverture_1_a_3_mois,False
4899,1,21.2,18,instock,11.17,4899,16062,16062,16062,16062,6.0,Vin,product,Domaine Brintet Mercurey Blanc Vieilles Vignes 2018,both,127.19999999999999,17.666666666666668,6.496666666666668,0.36773584905660384,0.5816174276335423,38.980000000000004,201.06,381.59999999999997,3.0,couverture_3_a_6_mois,False
4900,1,20.8,11,instock,10.75,4900,16063,16063,16063,16063,5.0,Vin,product,Domaine Brintet Mercurey Rouge Vieilles Vignes 2018,both,104.0,17.333333333333336,6.583333333333336,0.3798076923076924,0.612403100775194,32.91666666666668,118.25,228.8,2.2,couverture_1_a_3_mois,False
4901,1,41.0,17,instock,20.76,4901,14802,14802,14802,14802,9.0,Vin,product,Domaine Des Croix Beaune 1er Cru Les Cent Vignes 2017,both,369.0,34.16666666666667,13.40666666666667,0.39239024390243904,0.6457931920359667,120.66000000000003,352.92,697.0,1.8888888888888888,couverture_1_a_3_mois,False
4902,1,46.0,15,instock,23.53,4902,13052,13052,13052,13052,8.0,Vin,product,Domaine Des Croix Savigny-Lès-Beaune 1er Cru Les Peuillets 2015,both,368.0,38.333333333333336,14.803333333333335,0.38617391304347826,0.6291259385182038,118.42666666666668,352.95000000000005,690.0,1.875,couverture_1_a_3_mois,False
4903,1,102.3,12,instock,51.8,4903,14805,14805,14805,14805,2.0,Vin,product,Domaine Des Croix Corton Grand Cru Les Grèves 2017,both,204.6,85.25,33.45,0.392375366568915,0.6457528957528959,66.9,621.5999999999999,1227.6,6.0,surstock_6_a_12_mois,True
4904,1,137.0,9,instock,67.95,4904,14220,14220,14220,14220,3.0,Vin,product,Domaine Des Croix Corton Charlemagne Grand Cru 2016,both,411.0,114.16666666666667,46.21666666666667,0.4048175182481752,0.6801569781702232,138.65,611.5500000000001,1233.0,3.0,couverture_3_a_6_mois,True
4907,1,22.9,32,instock,12.42,4907,14374,14374,14374,14374,10.0,Vin,product,Alphonse Mellot Coteaux Charitois Rouge Les Pénitents 2015,both,229.0,19.083333333333332,6.663333333333332,0.34917030567685586,0.5365002683843263,66.63333333333333,397.44,732.8,3.2,couverture_3_a_6_mois,False
4908,1,53.2,7,instock,26.11,4908,14395,14395,14395,14395,5.0,Vin,product,Alphonse Mellot Sancerre Blanc Edmond 2016,both,266.0,44.333333333333336,18.223333333333336,0.4110526315789474,0.6979445933869528,91.11666666666667,182.76999999999998,372.40000000000003,1.4,couverture_1_a_3_mois,False
4909,1,25.9,14,instock,12.85,4909,15614,15614,15614,15614,6.0,Vin,product,Antoine-Marie Arena Vin de France Bianco Gentile 2018,both,155.39999999999998,21.583333333333332,8.733333333333333,0.4046332046332046,0.6796368352788585,52.39999999999999,179.9,362.59999999999997,2.3333333333333335,couverture_1_a_3_mois,False
4910,1,17.3,23,instock,8.76,4910,13809,13809,13809,13809,8.0,Vin,product,Antoine-Marie Arena Vin de France Rouge San Giovanni 2017,both,138.4,14.416666666666668,5.656666666666668,0.3923699421965319,0.6457382039573822,45.253333333333345,201.48,397.90000000000003,2.875,couverture_1_a_3_mois,False
4912,1,25.9,34,instock,12.98,4912,15612,15612,15612,15612,10.0,Vin,product,Jean-Baptiste Arena Patrimonio Rouge Grotte Di Sole 2018,both,259.0,21.583333333333332,8.603333333333332,0.3986100386100386,0.6628145865434,86.03333333333332,441.32,880.5999999999999,3.4,couverture_3_a_6_mois,False
4913,1,28.0,23,instock,14.76,4913,13814,13814,13814,13814,8.0,Vin,product,Jean-Batiste Arena Muscat du Cap Corse 2015,both,224.0,23.333333333333336,8.573333333333336,0.3674285714285715,0.5808491418247518,68.58666666666669,339.48,644.0,2.875,couverture_1_a_3_mois,False
4914,1,25.9,24,instock,12.98,4914,15613,15613,15613,15613,7.0,Vin,product,Antoine-Marie Arena Patrimonio Hauts de Carco 2018,both,181.29999999999998,21.583333333333332,8.603333333333332,0.3986100386100386,0.6628145865434,60.22333333333332,311.52,621.5999999999999,3.4285714285714284,couverture_3_a_6_mois,False
4915,1,25.9,28,instock,13.38,4915,15615,15615,15615,15615,11.0,Vin,product,Jean-Baptiste Arena Patrimonio Blanc Morta Maio,both,284.9,21.583333333333332,8.203333333333331,0.38007722007722,0.61310413552566,90.23666666666665,374.64000000000004,725.1999999999999,2.5454545454545454,couverture_1_a_3_mois,False
4918,1,37.2,15,instock,18.64,4918,15533,15533,15533,15533,8.0,Vin,product,Alain Graillot Crozes-Hermitage Rouge La Guiraude 2016,both,297.6,31.000000000000004,12.360000000000003,0.39870967741935487,0.663090128755365,98.88000000000002,279.6,558.0,1.875,couverture_1_a_3_mois,False
4919,1,24.4,10,instock,12.86,4919,15531,15531,15531,15531,5.0,Vin,product,Alain Graillot Crozes-Hermitage Rouge 2017,both,122.0,20.333333333333332,7.473333333333333,0.36754098360655735,0.581130119232763,37.36666666666666,128.6,244.0,2.0,couverture_1_a_3_mois,False
4920,1,24.4,16,instock,12.86,4920,15530,15530,15530,15530,6.0,Vin,product,Alain Graillot Crozes-Hermitage Blanc 2018,both,146.39999999999998,20.333333333333332,7.473333333333333,0.36754098360655735,0.581130119232763,44.839999999999996,205.76,390.4,2.6666666666666665,couverture_1_a_3_mois,False
4923,1,7.0,0,outofstock,3.65,4923,15928,15928,15928,15928,0.0,Vin,product,Cave de Castelmaure Corbières Rouge Vigneron 2018,both,0.0,5.833333333333334,2.183333333333334,0.3742857142857144,0.5981735159817354,0.0,0.0,0.0,,ni_stock_ni_vente,False
4924,1,12.8,24,instock,6.28,4924,16276,16276,16276,16276,7.0,Vin,product,Cave de Castelmaure Corbières Rouge Grande Cuvée 2017,both,89.60000000000001,10.666666666666668,4.386666666666668,0.41125000000000006,0.6985138004246285,30.706666666666674,150.72,307.20000000000005,3.4285714285714284,couverture_3_a_6_mois,False
4925,1,23.2,38,instock,11.39,4925,16277,16277,16277,16277,11.0,Vin,product,Cave de Castelmaure Corbières Rouge N°3 2017,both,255.2,19.333333333333332,7.943333333333332,0.4108620689655172,0.6973953760608719,87.37666666666665,432.82000000000005,881.6,3.4545454545454546,couverture_3_a_6_mois,False
4926,1,7.9,40,instock,4.04,4926,15456,15456,15456,15456,15.0,Vin,product,Domaine La Croix Belle Côtes de Thongue Blanc Champ des Lys 2018,both,118.5,6.583333333333334,2.543333333333334,0.38632911392405067,0.6295379537953797,38.150000000000006,161.6,316.0,2.6666666666666665,couverture_1_a_3_mois,False
4927,1,6.5,39,instock,3.29,4927,15425,15425,15425,15425,13.0,Vin,product,Domaine La Croix Belle Côtes de Thongue Rouge La Caringole 2018,both,84.5,5.416666666666667,2.126666666666667,0.39261538461538464,0.6464032421479231,27.64666666666667,128.31,253.5,3.0,couverture_3_a_6_mois,False
4928,1,7.9,28,instock,3.88,4928,15047,15047,15047,15047,12.0,Vin,product,Domaine La Croix Belle Côtes de Thongue Rouge Le Champ du Coq 2016,both,94.80000000000001,6.583333333333334,2.703333333333334,0.41063291139240515,0.6967353951890036,32.44000000000001,108.64,221.20000000000002,2.3333333333333335,couverture_1_a_3_mois,False
4929,1,16.7,26,instock,8.28,4929,15927,15927,15927,15927,8.0,Vin,product,Domaine La Croix Belle Côtes de Thongue Rouge N°7 2017,both,133.6,13.916666666666666,5.636666666666667,0.4050299401197605,0.6807568438003221,45.093333333333334,215.27999999999997,434.2,3.25,couverture_3_a_6_mois,False
4930,1,17.5,29,instock,9.31,4930,16155,16155,16155,16155,12.0,Vin,product,Domaine La Croix Belle Côtes de Thongue Blanc N°7 2018,both,210.0,14.583333333333334,5.273333333333333,0.3616,0.5664160401002506,63.28,269.99,507.5,2.4166666666666665,couverture_1_a_3_mois,False
4931,1,27.8,34,instock,15.08,4931,16280,16280,16280,16280,10.0,Vin,product,Marcel Richaud Cairanne Rouge L'Ebrescade 2017,both,278.0,23.166666666666668,8.086666666666668,0.3490647482014389,0.5362511052166226,80.86666666666667,512.72,945.2,3.4,couverture_3_a_6_mois,False
4932,1,25.7,5,instock,12.75,4932,9937,9937,9937,9937,2.0,Vin,product,Marcel Richaud Cairanne Rouge Les Estrambords 2011,both,51.4,21.416666666666668,8.666666666666668,0.4046692607003891,0.6797385620915034,17.333333333333336,63.75,128.5,2.5,couverture_1_a_3_mois,False
4933,1,18.4,24,instock,9.22,4933,16281,16281,16281,16281,11.0,Vin,product,Marcel Richaud Cairanne Rouge 2018,both,202.39999999999998,15.333333333333332,6.1133333333333315,0.39869565217391295,0.6630513376717279,67.24666666666664,221.28000000000003,441.59999999999997,2.1818181818181817,couverture_1_a_3_mois,False
4934,1,22.2,28,instock,11.93,4934,15554,15554,15554,15554,9.0,Vin,product,Marcel Richaud Rasteau Rouge 2017,both,199.79999999999998,18.5,6.57,0.35513513513513517,0.550712489522213,59.13,334.03999999999996,621.6,3.111111111111111,couverture_3_a_6_mois,False
4936,1,11.1,25,instock,5.68,4936,15106,15106,15106,15106,10.0,Vin,product,Domaine Rouge Garance Côtes du Rhône Blanc De Garance 2018,both,111.0,9.25,3.5700000000000003,0.385945945945946,0.6285211267605635,35.7,142.0,277.5,2.5,couverture_1_a_3_mois,False
4937,1,9.9,26,instock,4.86,4937,16283,16283,16283,16283,11.0,Vin,product,Domaine Rouge Garance Côtes du Rhône Feuille de Garance 2019,both,108.9,8.25,3.3899999999999997,0.4109090909090909,0.6975308641975307,37.29,126.36000000000001,257.40000000000003,2.3636363636363638,couverture_1_a_3_mois,False
4938,1,12.5,32,instock,6.46,4938,13379,13379,13379,13379,13.0,Vin,product,Domaine Rouge Garance Côtes du Rhône Villages Garances 2016,both,162.5,10.416666666666668,3.956666666666668,0.37984000000000007,0.6124871001031994,51.43666666666668,206.72,400.0,2.4615384615384617,couverture_1_a_3_mois,False
4939,1,12.9,23,instock,6.53,4939,15338,15338,15338,15338,7.0,Vin,product,Oratoire Saint Martin Cairanne Blanc Réserve des Seigneurs 2018,both,90.3,10.75,4.22,0.3925581395348837,0.6462480857580397,29.54,150.19,296.7,3.2857142857142856,couverture_3_a_6_mois,False
4940,1,20.5,39,instock,11.02,4940,15337,15337,15337,15337,12.0,Vin,product,Oratoire Saint Martin Cairanne Blanc Haut-Coustias 2017,both,246.0,17.083333333333336,6.063333333333336,0.3549268292682928,0.5502117362371448,72.76000000000003,429.78,799.5,3.25,couverture_3_a_6_mois,False
4954,1,25.0,23,instock,13.3,4954,bon-cadeau-25-euros,bon-cadeau-25-euros,bon-cadeau-25-euros,bon-cadeau-25-euros,7.0,,product,Bon cadeau de 25€,both,175.0,20.833333333333336,7.533333333333335,0.36160000000000003,0.5664160401002507,52.73333333333335,305.90000000000003,575.0,3.2857142857142856,couverture_3_a_6_mois,False
4962,1,11.3,23,instock,5.55,4962,15737,15737,15737,15737,8.0,Vin,product,Château Turcaud Bordeaux Blanc Cuvée Majeure 2018,both,90.4,9.416666666666668,3.866666666666668,0.4106194690265488,0.696696696696697,30.933333333333344,127.64999999999999,259.90000000000003,2.875,couverture_1_a_3_mois,False
4963,1,7.0,41,instock,3.44,4963,15958,15958,15958,15958,13.0,Vin,product,Château Turcaud Bordeaux Rouge 2016,both,91.0,5.833333333333334,2.393333333333334,0.41028571428571436,0.6957364341085274,31.11333333333334,141.04,287.0,3.1538461538461537,couverture_3_a_6_mois,False
4964,1,12.1,23,instock,6.5,4964,16515,16515,16515,16515,10.0,Vin,product,Château Turcaud Bordeaux Rouge Cuvée Majeure 2018,both,121.0,10.083333333333334,3.583333333333334,0.3553719008264463,0.5512820512820513,35.83333333333334,149.5,278.3,2.3,couverture_1_a_3_mois,False
4965,1,7.1,24,instock,3.67,4965,16586,16586,16586,16586,9.0,Vin,product,Château Turcaud Entre-Deux-Mers 2019,both,63.9,5.916666666666667,2.246666666666667,0.37971830985915495,0.6121707538601273,20.220000000000002,88.08,170.39999999999998,2.6666666666666665,couverture_1_a_3_mois,False
4970,1,49.5,100,instock,28.59,4970,11225,11225,11225,11225,6.0,Champagne,product,Champagne Larmandier-Bernier Terre de Vertus Premier Cru 2011,both,297.0,41.25,12.66,0.3069090909090909,0.4428121720881427,75.96000000000001,2859.0,4950.0,16.666666666666668,surstock_gt_12_mois,False
4974,1,23.0,10,instock,12.12,4974,16004,16004,16004,16004,5.0,Vin,product,Château du Couvent Pomerol 2017,both,115.0,19.166666666666668,7.046666666666669,0.36765217391304356,0.5814081408140817,35.23333333333334,121.19999999999999,230.0,2.0,couverture_1_a_3_mois,False
4975,1,23.7,19,instock,12.73,4975,14756,14756,14756,14756,9.0,Vin,product,Château Cordet Margaux 2013,both,213.29999999999998,19.75,7.02,0.3554430379746835,0.5514532600157108,63.17999999999999,241.87,450.3,2.111111111111111,couverture_1_a_3_mois,False
4976,1,16.45,0,outofstock,8.07,4976,16005,16005,16005,16005,7.0,Vin,product,Château Lafont Menaut Pessac-Leognan Rouge 2017,both,115.14999999999999,13.708333333333334,5.638333333333334,0.41130699088145894,0.6986782321354812,39.468333333333334,0.0,0.0,0.0,rupture_potentielle,False
4977,1,16.3,31,instock,8.84,4977,14930,14930,14930,14930,12.0,Vin,product,Château Lafont Menaut Pessac-Leognan Blanc 2017,both,195.60000000000002,13.583333333333334,4.743333333333334,0.3492024539877301,0.5365761689291102,56.92000000000001,274.04,505.3,2.5833333333333335,couverture_1_a_3_mois,False
4978,1,18.5,23,instock,9.46,4978,13313,13313,13313,13313,8.0,Vin,product,Château Dutruch Grand Poujeaux Moulis 2016,both,148.0,15.416666666666668,5.956666666666667,0.38637837837837835,0.6296687808315715,47.653333333333336,217.58,425.5,2.875,couverture_1_a_3_mois,False
4980,1,26.5,18,instock,14.1,4980,15229,15229,15229,15229,8.0,Vin,product,Château La Tour l'Aspic Pauillac 2014,both,212.0,22.083333333333336,7.983333333333336,0.36150943396226426,0.5661938534278962,63.86666666666669,253.79999999999998,477.0,2.25,couverture_1_a_3_mois,False
4994,1,78.0,11,instock,40.7,4994,14507,14507,14507,14507,6.0,Vin,product,Domaine Peyre Rose Syrah Léone 2008,both,468.0,65.0,24.299999999999997,0.37384615384615383,0.5970515970515969,145.79999999999998,447.70000000000005,858.0,1.8333333333333333,couverture_1_a_3_mois,False
4995,1,78.0,6,instock,42.32,4995,14509,14509,14509,14509,4.0,Vin,product,Domaine Peyre Rose Oro Blanc 2002,both,312.0,65.0,22.68,0.3489230769230769,0.5359168241965974,90.72,253.92000000000002,468.0,1.5,couverture_1_a_3_mois,False
4996,1,78.0,6,instock,40.7,4996,14508,14508,14508,14508,4.0,Vin,product,Domaine Peyre Rose Marlène N°3 2008,both,312.0,65.0,24.299999999999997,0.37384615384615383,0.5970515970515969,97.19999999999999,244.20000000000002,468.0,1.5,couverture_1_a_3_mois,False
5000,1,27.3,26,instock,14.53,5000,15868,15868,15868,15868,8.0,Vin,product,David Duband Côtes de Nuits Villages 2017,both,218.4,22.75,8.22,0.36131868131868133,0.5657260839642121,65.76,377.78,709.8000000000001,3.25,couverture_3_a_6_mois,False
5001,1,217.5,18,instock,116.87,5001,14581,14581,14581,14581,2.0,Vin,product,David Duband Charmes-Chambertin Grand Cru 2014,both,435.0,181.25,64.38,0.35519999999999996,0.5508684863523573,128.76,2103.66,3915.0,9.0,surstock_6_a_12_mois,True
5002,1,64.9,4,instock,34.54,5002,14580,14580,14580,14580,3.0,Vin,product,David Duband Morey-Saint-Denis 1er Cru Les Broc 2016,both,194.70000000000002,54.08333333333334,19.543333333333344,0.36135593220338996,0.5658174097664547,58.63000000000003,138.16,259.6,1.3333333333333333,couverture_1_a_3_mois,False
5003,1,48.7,4,instock,24.16,5003,15869,15869,15869,15869,2.0,Vin,product,David Duband Morey-Saint-Denis 2017,both,97.4,40.583333333333336,16.423333333333336,0.4046817248459959,0.6797737306843268,32.84666666666667,96.64,194.8,2.0,couverture_1_a_3_mois,False
5004,1,59.4,4,instock,29.77,5004,15871,15871,15871,15871,2.0,Vin,product,David Duband Vosne Romanée 2017,both,118.8,49.5,19.73,0.3985858585858586,0.6627477326167283,39.46,119.08,237.6,2.0,couverture_1_a_3_mois,False
5006,1,48.7,5,instock,24.91,5006,15870,15870,15870,15870,4.0,Vin,product,David Duband Nuits-Saint-Georges 2017,both,194.8,40.583333333333336,15.673333333333336,0.3862012320328542,0.6291984477452162,62.69333333333334,124.55,243.5,1.25,couverture_1_a_3_mois,False
5007,1,105.0,15,instock,55.88,5007,12791,12791,12791,12791,3.0,Vin,product,Domaine des Comtes Lafon Volnay 1er Cru Santenots du Milieu 2014,both,315.0,87.5,31.619999999999997,0.36137142857142857,0.5658554044380816,94.85999999999999,838.2,1575.0,5.0,couverture_3_a_6_mois,True
5008,1,105.0,12,instock,56.42,5008,11602,11602,11602,11602,7.0,Vin,product,Domaine des Comtes Lafon Volnay 1er Cru Santenots du Milieu 2013,both,735.0,87.5,31.08,0.35519999999999996,0.5508684863523573,217.56,677.04,1260.0,1.7142857142857142,couverture_1_a_3_mois,True
5010,1,55.6,6,instock,30.16,5010,15073,15073,15073,15073,4.0,Vin,product,Domaine des Comtes Lafon Monthélie 1er Cru Les Duresses 2017,both,222.4,46.333333333333336,16.173333333333336,0.3490647482014389,0.5362511052166226,64.69333333333334,180.96,333.6,1.5,couverture_1_a_3_mois,False
5016,1,9.3,40,instock,4.81,5016,14839,14839,14839,14839,15.0,Vin,product,Château Tour Des Gendres Bergerac Blanc Cuvée Des Conti 2017,both,139.5,7.750000000000001,2.9400000000000013,0.37935483870967757,0.6112266112266116,44.10000000000002,192.39999999999998,372.0,2.6666666666666665,couverture_1_a_3_mois,False
5019,1,19.8,45,instock,10.43,5019,14696,14696,14696,14696,13.0,Vin,product,Château Tour Des Gendres Bergerac Blanc Moulin Des Dames 2016,both,257.40000000000003,16.5,6.07,0.3678787878787879,0.5819750719079578,78.91,469.34999999999997,891.0,3.4615384615384617,couverture_3_a_6_mois,False
5024,1,45.0,103,instock,27.04,5024,11996,11996,11996,11996,6.0,Champagne,product,Champagne Agrapart &amp; Fils Les 7 Crus Brut Blanc de Blancs,both,270.0,37.5,10.46,0.27893333333333337,0.3868343195266273,62.760000000000005,2785.12,4635.0,17.166666666666668,surstock_gt_12_mois,False
5025,1,112.0,136,instock,68.6,5025,13914,13914,13914,13914,6.0,Champagne,product,Champagne Agrapart &amp; Fils L'Avizoise Extra Brut Blanc de Blancs Grand Cru 2012,both,672.0,93.33333333333334,24.73333333333335,0.2650000000000001,0.36054421768707506,148.4000000000001,9329.599999999999,15232.0,22.666666666666668,surstock_gt_12_mois,True
5026,1,86.8,101,instock,50.13,5026,13913,13913,13913,13913,9.0,Champagne,product,Champagne Agrapart &amp; Fils Minéral Extra Brut Blanc de Blancs Grand Cru 2012,both,781.1999999999999,72.33333333333333,22.203333333333326,0.306958525345622,0.44291508743932423,199.82999999999993,5063.13,8766.8,11.222222222222221,surstock_6_a_12_mois,True
5027,1,62.1,79,instock,38.04,5027,11997,11997,11997,11997,6.0,Champagne,product,Champagne Agrapart &amp; Fils Terroirs Brut Blanc de Blancs Grand Cru,both,372.6,51.75,13.71,0.2649275362318841,0.360410094637224,82.26,3005.16,4905.900000000001,13.166666666666666,surstock_gt_12_mois,False
5047,1,22.5,76,instock,13.78,5047,531,531,531,531,8.0,Champagne,product,Champagne Petit Lebrun &amp; Fils Blanc de Blancs Grand Cru,both,180.0,18.75,4.970000000000001,0.26506666666666673,0.36066763425254,39.760000000000005,1047.28,1710.0,9.5,surstock_6_a_12_mois,False
5056,1,7.5,27,instock,3.95,5056,13531,13531,13531,13531,10.0,Vin,product,Domaine de Montgilet Anjou Rouge 2016,both,75.0,6.25,2.3,0.368,0.5822784810126581,23.0,106.65,202.5,2.7,couverture_1_a_3_mois,False
5061,1,52.6,5,instock,27.99,5061,15711,15711,15711,15711,3.0,Vin,product,Lucien Boillot Gevrey Chambertin Les Evocelles 2017,both,157.8,43.833333333333336,15.843333333333337,0.36144486692015215,0.566035488865071,47.530000000000015,139.95,263.0,1.6666666666666667,couverture_1_a_3_mois,False
5062,1,45.0,12,instock,23.25,5062,15713,15713,15713,15713,9.0,Vin,product,Lucien Boillot Gevrey Chambertin 2017,both,405.0,37.5,14.25,0.38,0.6129032258064516,128.25,279.0,540.0,1.3333333333333333,couverture_1_a_3_mois,False
5063,1,67.0,1,instock,33.92,5063,15715,15715,15715,15715,1.0,Vin,product,Lucien Boillot Pommard 1er Cru Les Croix Noires 2017,both,67.0,55.833333333333336,21.913333333333334,0.3924776119402985,0.6460298742138365,21.913333333333334,33.92,67.0,1.0,couverture_1_a_3_mois,False
5067,1,59.9,3,instock,30.95,5067,15346,15346,15346,15346,2.0,Vin,product,Albert Mann Pinot Noir Grand H 2017,both,119.8,49.916666666666664,18.966666666666665,0.37996661101836393,0.6128163704900377,37.93333333333333,92.85,179.7,1.5,couverture_1_a_3_mois,False
5068,1,59.9,6,instock,32.5,5068,15345,15345,15345,15345,3.0,Vin,product,Albert Mann Pinot Noir Grand P 2017,both,179.7,49.916666666666664,17.416666666666664,0.34891485809682804,0.5358974358974358,52.24999999999999,195.0,359.4,2.0,couverture_1_a_3_mois,False
5069,1,65.0,14,instock,35.26,5069,15344,15344,15344,15344,7.0,Vin,product,Albert Mann Pinot Noir Les Saintes Claires 2017,both,455.0,54.16666666666667,18.906666666666673,0.34904615384615395,0.5362072225373419,132.34666666666672,493.64,910.0,2.0,couverture_1_a_3_mois,False
5375,1,15.2,41,instock,8.09,5375,15755,15755,15755,15755,12.0,Vin,product,David-Beaupère Juliénas Les Trois Verres 2018,both,182.39999999999998,12.666666666666666,4.576666666666666,0.3613157894736842,0.5657189946435929,54.919999999999995,331.69,623.1999999999999,3.4166666666666665,couverture_3_a_6_mois,False
5377,1,19.0,39,instock,10.01,5377,15677,15677,15677,15677,12.0,Vin,product,Argentine Alamos Catena Malbec 2017,both,228.0,15.833333333333334,5.823333333333334,0.36778947368421055,0.5817515817515818,69.88000000000001,390.39,741.0,3.25,couverture_3_a_6_mois,False
5379,1,11.1,33,instock,5.68,5379,14561,14561,14561,14561,11.0,Vin,product,Argentine Mendoza Alamos Torrontes 2017,both,122.1,9.25,3.5700000000000003,0.385945945945946,0.6285211267605635,39.27,187.44,366.3,3.0,couverture_3_a_6_mois,False
5380,1,18.0,27,instock,9.77,5380,16022,16022,16022,16022,10.0,Vin,product,Nouvelle-Zélande Marlborough Momo Sauvignon Blanc 2018,both,180.0,15.0,5.23,0.3486666666666667,0.5353121801432958,52.300000000000004,263.78999999999996,486.0,2.7,couverture_1_a_3_mois,False
5382,1,22.8,30,instock,11.54,5382,16011,16011,16011,16011,10.0,Vin,product,Nouvelle-Zélande Marlborough Momo Pinot Noir 2016,both,228.0,19.0,7.460000000000001,0.39263157894736844,0.6464471403812826,74.60000000000001,346.2,684.0,3.0,couverture_3_a_6_mois,False
5383,1,19.5,10,instock,10.18,5383,3383,3383,3383,3383,3.0,Vin,product,Nouvelle-Zélande Marlborough Kim Crawford Sauvignon Blanc 2015,both,58.5,16.25,6.07,0.37353846153846154,0.5962671905697446,18.21,101.8,195.0,3.3333333333333335,couverture_3_a_6_mois,False
5384,1,28.8,0,outofstock,15.18,5384,14149,14149,14149,14149,0.0,Vin,product,Liban Vallée de la Békaa Château Marsyas 2012,both,0.0,24.0,8.82,0.3675,0.5810276679841897,0.0,0.0,0.0,,ni_stock_ni_vente,False
5389,1,16.1,23,instock,8.32,5389,13904,13904,13904,13904,9.0,Vin,product,Australie Maverick Breechens Blend 2012,both,144.9,13.416666666666668,5.096666666666668,0.3798757763975156,0.6125801282051283,45.870000000000005,191.36,370.3,2.5555555555555554,couverture_1_a_3_mois,False
5391,1,24.2,34,instock,13.0,5391,14141,14141,14141,14141,12.0,Vin,product,Australie Maverick Trial Hill Riesling 2010,both,290.4,20.166666666666668,7.166666666666668,0.3553719008264463,0.5512820512820513,86.00000000000001,442.0,822.8,2.8333333333333335,couverture_1_a_3_mois,False
5393,1,35.3,7,instock,18.06,5393,12494,12494,12494,12494,4.0,Vin,product,Australie Harkham Wines Old Vines 2011,both,141.2,29.416666666666664,11.356666666666666,0.38606232294617565,0.6288298265042451,45.42666666666666,126.41999999999999,247.09999999999997,1.75,couverture_1_a_3_mois,False
5394,1,10.7,29,instock,5.25,5394,15462,15462,15462,15462,9.0,Vin,product,Chili Valdivieso Merlot 2017,both,96.3,8.916666666666666,3.666666666666666,0.41121495327102797,0.6984126984126983,32.99999999999999,152.25,310.29999999999995,3.2222222222222223,couverture_3_a_6_mois,False
5395,1,12.7,24,instock,6.82,5395,15095,15095,15095,15095,10.0,Vin,product,Chili Errazuriz Cabernet Sauvignon 2016,both,127.0,10.583333333333334,3.7633333333333336,0.3555905511811024,0.5518084066471164,37.63333333333334,163.68,304.79999999999995,2.4,couverture_1_a_3_mois,False
5396,1,17.1,14,instock,8.48,5396,14626,14626,14626,14626,7.0,Vin,product,Chili De Martino Gallardia Cinsault 2017,both,119.70000000000002,14.250000000000002,5.770000000000001,0.40491228070175445,0.6804245283018869,40.39000000000001,118.72,239.40000000000003,2.0,couverture_1_a_3_mois,False
5397,1,24.0,24,instock,12.4,5397,12496,12496,12496,12496,8.0,Vin,product,Chili De Martino Viejas Tinajas Cinsault 2013,both,192.0,20.0,7.6,0.38,0.6129032258064515,60.8,297.6,576.0,3.0,couverture_3_a_6_mois,False
5398,1,39.0,8,instock,21.16,5398,12315,12315,12315,12315,6.0,Vin,product,Chili Montsecano (Ostertag) Pinot Noir 2013,both,234.0,32.5,11.34,0.3489230769230769,0.5359168241965974,68.03999999999999,169.28,312.0,1.3333333333333333,couverture_1_a_3_mois,False
5439,1,13.2,46,instock,6.68,5439,15649,15649,15649,15649,14.0,Vin,product,La Préceptorie Maury Sec Rouge Copain Comme Cochon 2018,both,184.79999999999998,11.0,4.32,0.39272727272727276,0.6467065868263474,60.480000000000004,307.28,607.1999999999999,3.2857142857142856,couverture_3_a_6_mois,False
5443,1,23.6,32,instock,12.56,5443,14809,14809,14809,14809,10.0,Vin,product,La Rectorie Banyuls Léon Parcé 2016,both,236.0,19.666666666666668,7.106666666666667,0.36135593220338985,0.5658174097664543,71.06666666666668,401.92,755.2,3.2,couverture_3_a_6_mois,False
5444,1,15.5,40,instock,7.69,5444,15155,15155,15155,15155,13.0,Vin,product,La Préceptorie Maury Rouge Cuvée Aurélie 2017,both,201.5,12.916666666666668,5.2266666666666675,0.40464516129032263,0.6796705678370178,67.94666666666667,307.6,620.0,3.076923076923077,couverture_3_a_6_mois,False
5445,1,16.3,18,instock,8.0,5445,12194,12194,12194,12194,8.0,Vin,product,La Préceptorie Maury Blanc 2015,both,130.4,13.583333333333334,5.583333333333334,0.4110429447852761,0.6979166666666667,44.66666666666667,144.0,293.40000000000003,2.25,couverture_1_a_3_mois,False
5446,1,16.2,28,instock,8.29,5446,16328,16328,16328,16328,9.0,Vin,product,Parcé Frères Banyuls Rimage 2018,both,145.79999999999998,13.5,5.210000000000001,0.385925925925926,0.6284680337756334,46.89000000000001,232.11999999999998,453.59999999999997,3.111111111111111,couverture_3_a_6_mois,False
5448,1,7.2,42,instock,3.76,5448,14469,14469,14469,14469,15.0,Vin,product,Parcé Frères Côtes du Roussillon Villages Hommage à Fernand 2017,both,108.0,6.0,2.24,0.37333333333333335,0.5957446808510639,33.6,157.92,302.40000000000003,2.8,couverture_1_a_3_mois,False
5465,1,54.8,12,instock,28.6,5465,16034,16034,16034,16034,8.0,Vin,product,Clos du Mont-Olivet Châteauneuf-du-Pape 2007,both,438.4,45.666666666666664,17.066666666666663,0.3737226277372262,0.5967365967365966,136.5333333333333,343.20000000000005,657.5999999999999,1.5,couverture_1_a_3_mois,False
5474,1,42.0,11,instock,22.57,5474,14679,14679,14679,14679,8.0,Vin,product,Domaine Saint-Nicolas Fiefs Vendéens Rouge La Grande Pièce 2013,both,336.0,35.0,12.43,0.35514285714285715,0.5507310589277802,99.44,248.27,462.0,1.375,couverture_1_a_3_mois,False
5477,1,19.8,18,instock,10.43,5477,15526,15526,15526,15526,6.0,Vin,product,Domaine Pellé Menetou Salon Blanc Les Vignes de Ratier 2018,both,118.80000000000001,16.5,6.07,0.3678787878787879,0.5819750719079578,36.42,187.74,356.40000000000003,3.0,couverture_3_a_6_mois,False
5479,1,10.2,38,instock,5.16,5479,16305,16305,16305,16305,12.0,Vin,product,Domaine Bulliat Beaujolais Blanc 2019,both,122.39999999999999,8.5,3.34,0.39294117647058824,0.6472868217054263,40.08,196.08,387.59999999999997,3.1666666666666665,couverture_3_a_6_mois,False
5480,1,10.4,23,instock,5.21,5480,16306,16306,16306,16306,10.0,Vin,product,Domaine Bulliat Chiroubles Cuvée Félix 2019,both,104.0,8.666666666666668,3.456666666666668,0.3988461538461539,0.6634676903390917,34.56666666666668,119.83,239.20000000000002,2.3,couverture_1_a_3_mois,False
5481,1,11.5,25,instock,5.64,5481,15138,15138,15138,15138,9.0,Vin,product,Domaine Bulliat Moulin-à-Vent 2017,both,103.5,9.583333333333334,3.9433333333333342,0.4114782608695653,0.6991725768321515,35.49000000000001,141.0,287.5,2.7777777777777777,couverture_1_a_3_mois,False
5483,1,17.9,31,instock,9.71,5483,15753,15753,15753,15753,13.0,Vin,product,David-Beaupère Juliénas La Bottière Vieilles Vignes 2018,both,232.7,14.916666666666666,5.206666666666665,0.34905027932960886,0.5362169584620664,67.68666666666665,301.01000000000005,554.9,2.3846153846153846,couverture_1_a_3_mois,False
5484,1,21.6,25,instock,11.61,5484,15756,15756,15756,15756,8.0,Vin,product,David-Beaupère Juliénas Vayolette 2017,both,172.8,18.000000000000004,6.390000000000004,0.35500000000000015,0.5503875968992252,51.12000000000003,290.25,540.0,3.125,couverture_3_a_6_mois,False
5485,1,33.4,14,instock,16.57,5485,16131,16131,16131,16131,10.0,Vin,product,Decelle-Villa Savigny-Lès-Beaune Blanc 2018,both,334.0,27.833333333333332,11.263333333333332,0.4046706586826347,0.6797425065379198,112.63333333333333,231.98000000000002,467.59999999999997,1.4,couverture_1_a_3_mois,False
5486,1,49.5,9,instock,26.09,5486,16130,16130,16130,16130,5.0,Vin,product,Decelle-Villa Meursault 2018,both,247.5,41.25,15.16,0.3675151515151515,0.5810655423533921,75.8,234.81,445.5,1.8,couverture_1_a_3_mois,False
5487,1,43.5,0,outofstock,23.37,5487,16129,16129,16129,16129,9.0,Vin,product,Decelle-Villa Nuits-Saint-Georges Rouge 2016,both,391.5,36.25,12.879999999999999,0.35531034482758617,0.5511339323919554,115.91999999999999,0.0,0.0,0.0,rupture_potentielle,False
5488,1,43.5,11,instock,22.7,5488,14712,14712,14712,14712,6.0,Vin,product,Decelle-Villa Beaune Rouge 2015,both,261.0,36.25,13.55,0.3737931034482759,0.5969162995594715,81.30000000000001,249.7,478.5,1.8333333333333333,couverture_1_a_3_mois,False
5491,1,26.5,18,instock,13.01,5491,15481,15481,15481,15481,8.0,Vin,product,Marc Colin Et Fils Santenay Rouge 2017,both,212.0,22.083333333333336,9.073333333333336,0.41086792452830195,0.6974122469894954,72.58666666666669,234.18,477.0,2.25,couverture_1_a_3_mois,False
5504,1,13.8,19,instock,6.77,5504,16146,16146,16146,16146,8.0,Vin,product,Château de la Selve Coteaux de l'Ardèche Blanc Saint-Régis Blanc 2019,both,110.4,11.500000000000002,4.730000000000002,0.4113043478260871,0.6986706056129989,37.84000000000002,128.63,262.2,2.375,couverture_1_a_3_mois,False
5506,1,18.2,24,instock,9.59,5506,14192,14192,14192,14192,11.0,Vin,product,Château de la Selve Coteaux de l'Ardèche Rouge Serre de Berty 2014,both,200.2,15.166666666666666,5.576666666666666,0.36769230769230765,0.5815085158150851,61.34333333333333,230.16,436.79999999999995,2.1818181818181817,couverture_1_a_3_mois,False
5519,1,12.9,35,instock,7.0,5519,15860,15860,15860,15860,13.0,Vin,product,Domaine Chambeyron Côtes du Rhône 2017,both,167.70000000000002,10.75,3.75,0.3488372093023256,0.5357142857142857,48.75,245.0,451.5,2.6923076923076925,couverture_1_a_3_mois,False
5520,1,38.6,12,instock,19.15,5520,15863,15863,15863,15863,9.0,Vin,product,Domaine Chambeyron Côte Rôtie La Chavarine 2017,both,347.40000000000003,32.16666666666667,13.016666666666673,0.4046632124352333,0.6797214969538733,117.15000000000006,229.79999999999998,463.20000000000005,1.3333333333333333,couverture_1_a_3_mois,False
5522,1,48.4,8,instock,26.26,5522,15861,15861,15861,15861,4.0,Vin,product,Domaine Chambeyron Côte Rôtie L'Angéline 2017,both,193.6,40.333333333333336,14.073333333333334,0.34892561983471077,0.5359228230515359,56.29333333333334,210.08,387.2,2.0,couverture_1_a_3_mois,False
5523,1,60.4,9,instock,31.83,5523,15862,15862,15862,15862,6.0,Vin,product,Domaine Chambeyron Côte Rôtie Lancement 2017,both,362.4,50.333333333333336,18.503333333333337,0.36761589403973516,0.5813174154361714,111.02000000000002,286.46999999999997,543.6,1.5,couverture_1_a_3_mois,False
5524,1,38.6,9,instock,19.74,5524,15864,15864,15864,15864,6.0,Vin,product,Domaine Chambeyron Condrieu Vernon 2018,both,231.60000000000002,32.16666666666667,12.426666666666673,0.3863212435233162,0.6295170550489703,74.56000000000003,177.66,347.40000000000003,1.5,couverture_1_a_3_mois,False
5525,1,12.0,23,instock,6.26,5525,14819,14819,14819,14819,11.0,Vin,product,Domaine Chambeyron Vin de Pays des Collines Rhodaniennes Viognier 2016,both,132.0,10.0,3.74,0.374,0.5974440894568691,41.14,143.98,276.0,2.090909090909091,couverture_1_a_3_mois,False
5544,1,61.6,0,outofstock,31.51,5544,14828,14828,14828,14828,0.0,Vin,product,Marc Colin Et Fils Chassagne-Montrachet Blanc Les Vide-Bourses 1er Cru 2016,both,0.0,51.333333333333336,19.823333333333334,0.38616883116883116,0.6291124510737331,0.0,0.0,0.0,,ni_stock_ni_vente,False
5545,1,65.9,13,instock,32.35,5545,14827,14827,14827,14827,7.0,Vin,product,Marc Colin Et Fils Chassagne-Montrachet Blanc Les Caillerets 1er Cru 2016,both,461.30000000000007,54.91666666666667,22.56666666666667,0.4109256449165402,0.6975785677485833,157.9666666666667,420.55,856.7,1.8571428571428572,couverture_1_a_3_mois,False
5546,1,15.2,18,instock,7.93,5546,15202,15202,15202,15202,7.0,Vin,product,Thierry Germain Saumur-Champigny Cuvée Domaine 2018,both,106.39999999999999,12.666666666666666,4.736666666666666,0.37394736842105264,0.5973097940311055,33.156666666666666,142.74,273.59999999999997,2.5714285714285716,couverture_1_a_3_mois,False
5547,1,24.6,16,instock,12.71,5547,13959,13959,13959,13959,5.0,Vin,product,Thierry Germain Saumur-Champigny Terres Chaudes 2017,both,123.0,20.500000000000004,7.790000000000003,0.38000000000000006,0.6129032258064517,38.95000000000002,203.36,393.6,3.2,couverture_3_a_6_mois,False
5548,1,48.8,5,instock,26.47,5548,13965,13965,13965,13965,3.0,Vin,product,Thierry Germain Saumur-Champigny Outre Terre 2017,both,146.39999999999998,40.666666666666664,14.196666666666665,0.3490983606557377,0.5363304369726735,42.589999999999996,132.35,244.0,1.6666666666666667,couverture_1_a_3_mois,False
5550,1,34.3,8,instock,17.9,5550,13958,13958,13958,13958,4.0,Vin,product,Thierry Germain Saumur-Champigny La Marginale 2017,both,137.2,28.583333333333332,10.683333333333334,0.37376093294460644,0.5968342644320298,42.733333333333334,143.2,274.4,2.0,couverture_1_a_3_mois,False
5551,1,36.3,6,instock,17.82,5551,13957,13957,13957,13957,3.0,Vin,product,Thierry Germain Saumur-Champigny Franc De Pied 2017,both,108.89999999999999,30.25,12.43,0.4109090909090909,0.6975308641975309,37.29,106.92,217.79999999999998,2.0,couverture_1_a_3_mois,False
5552,1,57.7,5,instock,30.11,5552,13520,13520,13520,13520,3.0,Vin,product,Thierry Germain Saumur Blanc Clos Roman 2016,both,173.10000000000002,48.083333333333336,17.973333333333336,0.37379549393414213,0.5969223956603565,53.92000000000001,150.55,288.5,1.6666666666666667,couverture_1_a_3_mois,False
5554,1,38.0,13,instock,19.83,5554,13969,13969,13969,13969,7.0,Vin,product,Thierry Germain Saumur-Champigny Clos de l'Echelier 2017,both,266.0,31.666666666666668,11.83666666666667,0.3737894736842106,0.5969070432005381,82.85666666666668,257.78999999999996,494.0,1.8571428571428572,couverture_1_a_3_mois,False
5561,1,58.0,8,instock,30.27,5561,19820,19820,19820,19820,6.0,Vin,product,Tempier Bandol Migoua 2017,both,348.0,48.333333333333336,18.063333333333336,0.37372413793103454,0.5967404470873253,108.38000000000002,242.16,464.0,1.3333333333333333,couverture_1_a_3_mois,False
5563,1,58.0,16,instock,29.07,5563,19821,19821,19821,19821,8.0,Vin,product,Tempier Bandol Tourtine 2017,both,464.0,48.333333333333336,19.263333333333335,0.39855172413793105,0.6626533654397432,154.10666666666668,465.12,928.0,2.0,couverture_1_a_3_mois,False
5564,1,30.8,10,instock,16.07,5564,15748,15748,15748,15748,9.0,Vin,product,Tempier Bandol Rouge 2017,both,277.2,25.666666666666668,9.596666666666668,0.3738961038961039,0.5971790085044597,86.37,160.7,308.0,1.1111111111111112,couverture_1_a_3_mois,False
5565,1,92.0,0,outofstock,46.11,5565,19822,19822,19822,19822,1.0,Vin,product,Tempier Bandol Cabassaou 2017,both,92.0,76.66666666666667,30.556666666666672,0.3985652173913044,0.6626906672449939,30.556666666666672,0.0,0.0,0.0,rupture_potentielle,True
5566,1,27.5,12,instock,14.63,5566,16192,16192,16192,16192,5.0,Vin,product,Le Pas de l'Escalette Terrasses du Larzac Le Grand Pas 2018,both,137.5,22.916666666666668,8.286666666666667,0.3616,0.5664160401002506,41.43333333333334,175.56,330.0,2.4,couverture_1_a_3_mois,False
5573,1,34.7,22,instock,17.39,5573,14729,14729,14729,14729,12.0,Vin,product,Domaine Huet Vouvray Le Clos du Bourg Demi-Sec 2017,both,416.40000000000003,28.91666666666667,11.52666666666667,0.3986167146974064,0.6628330458117694,138.32000000000005,382.58000000000004,763.4000000000001,1.8333333333333333,couverture_1_a_3_mois,False
5574,1,59.6,2,instock,30.18,5574,8463,8463,8463,8463,2.0,Vin,product,Domaine Huet Vouvray Le Mont Moelleux Première Trie 2008,both,119.2,49.66666666666667,19.48666666666667,0.3923489932885907,0.6456814667550256,38.97333333333334,60.36,119.2,1.0,couverture_1_a_3_mois,False
5580,1,83.7,4,instock,41.08,5580,13982,13982,13982,13982,2.0,Vin,product,Lucien Boillot Puligny-Montrachet 1er Cru Les Perrières 2016,both,167.4,69.75,28.67,0.4110394265232975,0.697906523855891,57.34,164.32,334.8,2.0,couverture_1_a_3_mois,True
5608,1,30.5,11,instock,15.29,5608,15944,15944,15944,15944,6.0,Vin,product,Domaine Weinbach Gewurztraminer Cuvée Théo 2018,both,183.0,25.416666666666668,10.126666666666669,0.3984262295081968,0.6623065184216265,60.76000000000001,168.19,335.5,1.8333333333333333,couverture_1_a_3_mois,False
5609,1,38.6,7,instock,20.54,5609,15930,15930,15930,15930,5.0,Vin,product,Domaine Weinbach Riesling Cuvée Colette 2018,both,193.0,32.16666666666667,11.626666666666672,0.36145077720207264,0.5660499837715031,58.13333333333336,143.78,270.2,1.4,couverture_1_a_3_mois,False
5610,1,18.0,29,instock,9.02,5610,14912,14912,14912,14912,11.0,Vin,product,Domaine Weinbach Pinot Blanc 2017,both,198.0,15.0,5.98,0.39866666666666667,0.6629711751662972,65.78,261.58,522.0,2.6363636363636362,couverture_1_a_3_mois,False
5611,1,63.4,14,instock,33.74,5611,15945,15945,15945,15945,8.0,Vin,product,Domaine Weinbach Riesling Grand Cru Schlossberg Cuvée Ste Catherine 2018,both,507.2,52.833333333333336,19.093333333333334,0.3613880126182965,0.5658960679707568,152.74666666666667,472.36,887.6,1.75,couverture_1_a_3_mois,False
5612,1,124.8,19,instock,66.41,5612,14915,14915,14915,14915,1.0,Vin,product,Domaine Weinbach Gewurztraminer Grand Cru Furstentum SGN 2010 1/2,both,124.8,104.0,37.59,0.36144230769230773,0.5660292124680019,37.59,1261.79,2371.2,19.0,surstock_gt_12_mois,True
5613,1,19.2,28,instock,10.22,5613,14855,14855,14855,14855,11.0,Vin,product,Albert Boxler Chasselas 2016,both,211.2,16.0,5.779999999999999,0.36124999999999996,0.5655577299412915,63.57999999999999,286.16,537.6,2.5454545454545454,couverture_1_a_3_mois,False
5614,1,19.2,17,instock,9.42,5614,14856,14856,14856,14856,8.0,Vin,product,Albert Boxler Crémant d'Alsace Brut 2014,both,153.6,16.0,6.58,0.41125,0.6985138004246285,52.64,160.14,326.4,2.125,couverture_1_a_3_mois,False
5615,1,56.4,5,instock,30.6,5615,15923,15923,15923,15923,4.0,Vin,product,"Albert Boxler Pinot Gris Grand Cru Sommerberg ""W"" 2016",both,225.6,47.0,16.4,0.3489361702127659,0.5359477124183006,65.6,153.0,282.0,1.25,couverture_1_a_3_mois,False
5616,1,38.4,7,instock,19.05,5616,14845,14845,14845,14845,4.0,Vin,product,"Albert Boxler Pinot Noir ""S"" 2016",both,153.6,32.0,12.95,0.4046875,0.6797900262467191,51.8,133.35,268.8,1.75,couverture_1_a_3_mois,False
5617,1,27.8,0,outofstock,14.65,5617,14844,14844,14844,14844,9.0,Vin,product,Albert Boxler Pinot Gris Réserve 2016,both,250.20000000000002,23.166666666666668,8.516666666666667,0.36762589928057554,0.5813424345847554,76.65,0.0,0.0,0.0,rupture_potentielle,False
5618,1,71.3,5,instock,36.84,5618,15921,15921,15921,15921,4.0,Vin,product,"Albert Boxler Riesling Grand Cru Sommerberg ""D"" 2018",both,285.2,59.416666666666664,22.57666666666666,0.37997194950911634,0.6128302569670646,90.30666666666664,184.20000000000002,356.5,1.25,couverture_1_a_3_mois,False
5619,1,71.3,10,instock,38.31,5619,15922,15922,15922,15922,5.0,Vin,product,"Albert Boxler Riesling Grand Cru Sommerberg ""E"" 2018",both,356.5,59.416666666666664,21.106666666666662,0.35523141654978957,0.5509440529017662,105.5333333333333,383.1,713.0,2.0,couverture_1_a_3_mois,False
5628,1,25.0,15,instock,12.79,5628,12366,12366,12366,12366,5.0,Vin,product,Parés Baltà Penedès Hisenda Miret 2013,both,125.0,20.833333333333336,8.043333333333337,0.3860800000000001,0.6288767266093305,40.21666666666668,191.85,375.0,3.0,couverture_3_a_6_mois,False
5629,1,10.3,28,instock,5.06,5629,8365,8365,8365,8365,13.0,Vin,product,Parés Baltà Cava Brut Nature,both,133.9,8.583333333333334,3.5233333333333343,0.410485436893204,0.6963109354413705,45.80333333333335,141.67999999999998,288.40000000000003,2.1538461538461537,couverture_1_a_3_mois,False
5630,1,28.0,23,instock,14.61,5630,12365,12365,12365,12365,10.0,Vin,product,Parés Baltà Penedès Electio 2013,both,280.0,23.333333333333336,8.723333333333336,0.37385714285714294,0.5970796258270593,87.23333333333336,336.03,644.0,2.3,couverture_1_a_3_mois,False
5690,1,44.6,9,instock,21.89,5690,14647,14647,14647,14647,8.0,Vin,product,Domaine Hauvette IGP Alpilles Dolia 2012,both,356.8,37.16666666666667,15.27666666666667,0.4110313901345292,0.6978833561748137,122.21333333333337,197.01,401.40000000000003,1.125,couverture_1_a_3_mois,False
5693,1,13.0,29,instock,6.52,5693,15812,15812,15812,15812,9.0,Vin,product,Philippe Nusswitz Duché d'Uzès Orénia Blanc Réserve 2018,both,117.0,10.833333333333334,4.313333333333334,0.39815384615384625,0.6615541922290391,38.82000000000001,189.07999999999998,377.0,3.2222222222222223,couverture_3_a_6_mois,False
5694,1,12.7,25,instock,6.23,5694,14661,14661,14661,14661,9.0,Vin,product,Philippe Nusswitz Duché d'Uzès Orénia Rouge Réserve 2016,both,114.3,10.583333333333334,4.3533333333333335,0.41133858267716533,0.6987693953986088,39.18,155.75,317.5,2.7777777777777777,couverture_1_a_3_mois,False
5695,1,6.5,33,instock,3.53,5695,16304,16304,16304,16304,16.0,Vin,product,Philippe Nusswitz IGP Cévènnes Rosé O Pale 2019,both,104.0,5.416666666666667,1.8866666666666672,0.3483076923076924,0.5344664778092542,30.186666666666675,116.49,214.5,2.0625,couverture_1_a_3_mois,False
5696,1,17.5,24,instock,9.49,5696,15797,15797,15797,15797,7.0,Vin,product,Planeta Sicilia Etna Bianco 2018,both,122.5,14.583333333333334,5.093333333333334,0.3492571428571429,0.5367053038285915,35.653333333333336,227.76,420.0,3.4285714285714284,couverture_3_a_6_mois,False
5697,1,29.9,14,instock,15.29,5697,16094,16094,16094,16094,5.0,Vin,product,Planeta Sicilia Noto Santa Cecilia 2016,both,149.5,24.916666666666668,9.626666666666669,0.38635451505016727,0.629605406583824,48.13333333333334,214.06,418.59999999999997,2.8,couverture_1_a_3_mois,False
5700,1,44.5,-1,outofstock,22.3,5700,14736,14736,14736,14736,8.0,Vin,product,"Gilles Robin Crozes-Hermitage Rouge ""1920"" 2016",both,356.0,37.083333333333336,14.783333333333335,0.39865168539325846,0.6629297458893872,118.26666666666668,,,,quarantaine,False
5703,1,29.4,23,instock,15.95,5703,11736,11736,11736,11736,10.0,Vin,product,Domaine de l'Ecu Muscadet Taurus 2012,both,294.0,24.5,8.55,0.3489795918367347,0.5360501567398119,85.5,366.84999999999997,676.1999999999999,2.3,couverture_1_a_3_mois,False
5704,1,16.9,35,instock,8.3,5704,15036,15036,15036,15036,11.0,Vin,product,Domaine de l'Ecu Muscadet Gneiss 2015,both,185.89999999999998,14.083333333333332,5.783333333333331,0.4106508875739644,0.6967871485943772,63.616666666666646,290.5,591.5,3.1818181818181817,couverture_3_a_6_mois,False
5705,1,19.8,23,instock,9.82,5705,15360,15360,15360,15360,7.0,Vin,product,Domaine Huet Vouvray Pétillant Brut 2014,both,138.6,16.5,6.68,0.40484848484848485,0.680244399185336,46.76,225.86,455.40000000000003,3.2857142857142856,couverture_3_a_6_mois,False
5706,1,10.3,26,instock,5.32,5706,15674,15674,15674,15674,12.0,Vin,product,Domaine des Terres d'Ocre Saint-Pourçain Blanc Instant T 2018,both,123.60000000000001,8.583333333333334,3.2633333333333336,0.38019417475728157,0.6134085213032582,39.160000000000004,138.32,267.8,2.1666666666666665,couverture_1_a_3_mois,False
5707,1,10.8,0,outofstock,5.69,5707,13557,13557,13557,13557,0.0,Vin,product,Domaine des Terres d'Ocre Saint-Pourçain Rouge Instant T 2015,both,0.0,9.000000000000002,3.3100000000000014,0.36777777777777787,0.5817223198594027,0.0,0.0,0.0,,ni_stock_ni_vente,False
5709,1,31.7,0,outofstock,16.54,5709,15035,15035,15035,15035,5.0,Vin,product,Philippe Alliet Chinon Rouge Coteau de Noiré 2016,both,158.5,26.416666666666668,9.876666666666669,0.37388012618296534,0.5971382507053609,49.38333333333334,0.0,0.0,0.0,rupture_potentielle,False
5711,1,25.0,23,instock,12.4,5711,16121,16121,16121,16121,10.0,Vin,product,Albert Mann Riesling Cuvée Albert 2017,both,250.0,20.833333333333336,8.433333333333335,0.40480000000000005,0.6801075268817206,84.33333333333336,285.2,575.0,2.3,couverture_1_a_3_mois,False
5712,1,57.6,0,outofstock,30.36,5712,14241,14241,14241,14241,0.0,Vin,product,Albert Mann Gewurztraminer Vendanges Tardives Altenbourg 2015,both,0.0,48.0,17.64,0.3675,0.5810276679841897,0.0,0.0,0.0,,ni_stock_ni_vente,False
5715,1,13.7,15,instock,7.29,5715,14982,14982,14982,14982,7.0,Vin,product,François Baur Gewurztraminer Herrenweg de Turckheim 2016,both,95.89999999999999,11.416666666666666,4.126666666666666,0.3614598540145985,0.5660722450845906,28.886666666666663,109.35,205.5,2.142857142857143,couverture_1_a_3_mois,False
5722,1,7.1,38,instock,3.48,5722,15026,15026,15026,15026,14.0,Vin,product,Domaine de l'Hortus Pays de l'Hérault Le Loup Dans La Bergerie 2018,both,99.39999999999999,5.916666666666667,2.436666666666667,0.411830985915493,0.7001915708812262,34.11333333333334,132.24,269.8,2.7142857142857144,couverture_1_a_3_mois,False
5736,1,14.9,32,instock,7.31,5736,15116,15116,15116,15116,10.0,Vin,product,Triennes IGP Méditerranée Blanc Sainte Fleur 2018,both,149.0,12.416666666666668,5.106666666666668,0.411275167785235,0.6985864113087098,51.066666666666684,233.92,476.8,3.2,couverture_3_a_6_mois,False
5737,1,11.0,25,instock,5.57,5737,15369,15369,15369,15369,8.0,Vin,product,Triennes IGP Méditerranée Rouge Les Auréliens 2016,both,88.0,9.166666666666668,3.5966666666666676,0.3923636363636364,0.6457211250748056,28.77333333333334,139.25,275.0,3.125,couverture_3_a_6_mois,False
5738,1,14.6,15,instock,7.17,5738,15566,15566,15566,15566,7.0,Vin,product,Triennes IGP Méditerranée Rouge Saint Auguste 2016,both,102.2,12.166666666666666,4.996666666666666,0.4106849315068493,0.6968851696885169,34.97666666666666,107.55,219.0,2.142857142857143,couverture_1_a_3_mois,False
5739,1,10.7,13,instock,5.53,5739,16003,16003,16003,16003,4.0,Vin,product,Triennes IGP Méditerranée Rouge Merlot 2016,both,42.8,8.916666666666666,3.386666666666666,0.3798130841121495,0.6124171187462325,13.546666666666663,71.89,139.1,3.25,couverture_3_a_6_mois,False
5741,1,73.3,4,instock,37.87,5741,15127,15127,15127,15127,2.0,Vin,product,Domaine Clerget Chambolle-Musigny Les Charmes 2015,both,146.6,61.083333333333336,23.21333333333334,0.38002728512960443,0.612974210016724,46.42666666666668,151.48,293.2,2.0,couverture_1_a_3_mois,False
5742,1,42.1,3,instock,22.84,5742,15125,15125,15125,15125,2.0,Vin,product,Domaine Clerget Chambolle-Musigny 2014,both,84.2,35.083333333333336,12.243333333333336,0.34897862232779103,0.5360478692352599,24.48666666666667,68.52,126.30000000000001,1.5,couverture_1_a_3_mois,False
5743,1,57.0,7,instock,29.74,5743,14323,14323,14323,14323,4.0,Vin,product,Domaine Clerget Vosne-Romanée Les Violettes 2015,both,228.0,47.5,17.76,0.3738947368421053,0.5971755211835912,71.04,208.17999999999998,399.0,1.75,couverture_1_a_3_mois,False
5747,1,24.5,12,instock,12.15,5747,15631,15631,15631,15631,5.0,Vin,product,Thibaud Boudignon Anjou Blanc 2018,both,122.5,20.416666666666668,8.266666666666667,0.4048979591836735,0.6803840877914953,41.333333333333336,145.8,294.0,2.4,couverture_1_a_3_mois,False
5753,1,10.1,31,instock,5.01,5753,16147,16147,16147,16147,10.0,Vin,product,Château de la Selve Vin de France Petite Selve 2019,both,101.0,8.416666666666666,3.4066666666666663,0.4047524752475247,0.6799733865602129,34.06666666666666,155.31,313.09999999999997,3.1,couverture_3_a_6_mois,False
5756,1,42.2,9,instock,25.85,5756,7033,7033,7033,7033,5.0,Huile d'olive,product,Huile d'Olive Extra Vierge Planeta Selezione Chef 3L,both,211.0,35.16666666666667,9.31666666666667,0.2649289099526067,0.3604126370083818,46.58333333333335,232.65,379.8,1.8,couverture_1_a_3_mois,False
5760,1,13.1,24,instock,8.43,5760,11258,11258,11258,11258,7.0,Huile d'olive,product,Huile d'Olive Extra Vierge Planeta 50cl,both,91.7,10.916666666666666,2.4866666666666664,0.22778625954198473,0.2949782522736259,17.406666666666666,202.32,314.4,3.4285714285714284,couverture_3_a_6_mois,False
5761,1,19.5,125,instock,12.07,5761,13849,13849,13849,13849,10.0,Huile d'olive,product,Huiles d'Olive Extra Vierge Planeta 3x 10cl,both,195.0,16.25,4.18,0.2572307692307692,0.34631317315658655,41.8,1508.75,2437.5,12.5,surstock_gt_12_mois,False
5764,1,12.9,20,instock,6.33,5764,15818,15818,15818,15818,8.0,Vin,product,Parcé Frères Collioure Rouge Petit Gus 2018,both,103.2,10.75,4.42,0.4111627906976744,0.69826224328594,35.36,126.6,258.0,2.5,couverture_1_a_3_mois,False
5766,1,35.6,4,instock,17.66,5766,15179,15179,15179,15179,3.0,Vin,product,Camille Giroud Auxey-Duresses Blanc 2017,both,106.80000000000001,29.666666666666668,12.006666666666668,0.40471910112359555,0.6798791996979993,36.02,70.64,142.4,1.3333333333333333,couverture_1_a_3_mois,False
5767,1,175.0,12,instock,90.42,5767,15185,15185,15185,15185,4.0,Vin,product,Camille Giroud Clos de Vougeot 2016,both,700.0,145.83333333333334,55.41333333333334,0.3799771428571429,0.6128437661284377,221.65333333333336,1085.04,2100.0,3.0,couverture_3_a_6_mois,True
5768,1,35.6,7,instock,18.21,5768,15183,15183,15183,15183,5.0,Vin,product,Camille Giroud Maranges Rouge 1er Cru Le Croix Moines 2016,both,178.0,29.666666666666668,11.456666666666667,0.38617977528089886,0.6291414973457807,57.28333333333333,127.47,249.20000000000002,1.4,couverture_1_a_3_mois,False
5769,1,33.6,6,instock,16.49,5769,15254,15254,15254,15254,5.0,Vin,product,Camille Giroud Marsannay Rouge Les Longeroies 2016,both,168.0,28.000000000000004,11.510000000000005,0.4110714285714287,0.6979987871437239,57.550000000000026,98.94,201.60000000000002,1.2,couverture_1_a_3_mois,False
5770,1,34.4,19,instock,18.13,5770,15178,15178,15178,15178,10.0,Vin,product,Camille Giroud Santenay Blanc 2017,both,344.0,28.666666666666668,10.536666666666669,0.36755813953488375,0.5811730097444384,105.36666666666669,344.46999999999997,653.6,1.9,couverture_1_a_3_mois,False
5771,1,38.4,6,instock,20.04,5771,15184,15184,15184,15184,3.0,Vin,product,Camille Giroud Santenay Rouge 1er Cru Clos Rousseau 2016,both,115.19999999999999,32.0,11.96,0.37375,0.596806387225549,35.88,120.24,230.39999999999998,2.0,couverture_1_a_3_mois,False
5772,1,29.7,12,instock,15.04,5772,15180,15180,15180,15180,4.0,Vin,product,Camille Giroud Santenay Rouge 2016,both,118.8,24.75,9.71,0.39232323232323235,0.6456117021276596,38.84,180.48,356.4,3.0,couverture_3_a_6_mois,False
5773,1,32.8,9,instock,17.79,5773,15264,15264,15264,15264,7.0,Vin,product,Decelle-Villa Auxey-Duresses Blanc 2017,both,229.59999999999997,27.333333333333332,9.543333333333333,0.3491463414634146,0.5364436949597152,66.80333333333333,160.10999999999999,295.2,1.2857142857142858,couverture_1_a_3_mois,False
5777,1,5.7,51,instock,3.03,5777,14338,14338,14338,14338,16.0,Vin,product,Maurel Pays d'Oc Cabernet-Sauvignon 2017,both,91.2,4.75,1.7200000000000002,0.36210526315789476,0.5676567656765678,27.520000000000003,154.53,290.7,3.1875,couverture_3_a_6_mois,False
5778,1,5.8,44,instock,3.09,5778,15561,15561,15561,15561,17.0,Vin,product,Maurel Pays d'Oc Merlot 2018,both,98.6,4.833333333333333,1.7433333333333332,0.3606896551724138,0.564185544768069,29.636666666666663,135.95999999999998,255.2,2.588235294117647,couverture_1_a_3_mois,False
5779,1,5.8,30,instock,2.88,5779,16213,16213,16213,16213,9.0,Vin,product,Maurel Pays d'Oc Syrah 2019,both,52.199999999999996,4.833333333333333,1.9533333333333331,0.40413793103448276,0.6782407407407407,17.58,86.39999999999999,174.0,3.3333333333333335,couverture_3_a_6_mois,False
5794,1,21.7,15,instock,10.65,5794,14692,14692,14692,14692,5.0,Vin,product,Château Fonréaud Bordeaux Blanc Le Cygne 2016,both,108.5,18.083333333333332,7.433333333333332,0.41105990783410135,0.6979655712050077,37.16666666666666,159.75,325.5,3.0,couverture_3_a_6_mois,False
5795,1,23.0,16,instock,11.29,5795,13291,13291,13291,13291,6.0,Vin,product,Château de Chantegrive Graves Blanc Caroline 2016,both,138.0,19.166666666666668,7.876666666666669,0.4109565217391305,0.6976675524062594,47.26000000000001,180.64,368.0,2.6666666666666665,couverture_1_a_3_mois,False
5796,1,12.5,21,instock,6.2,5796,13895,13895,13895,13895,8.0,Vin,product,Château Saransot-Dupré Bordeaux Blanc 2016,both,100.0,10.416666666666668,4.216666666666668,0.40480000000000005,0.6801075268817206,33.73333333333334,130.20000000000002,262.5,2.625,couverture_1_a_3_mois,False
5797,1,17.2,29,instock,9.24,5797,15688,15688,15688,15688,11.0,Vin,product,Château Saransot-Dupré Listrac-Médoc 2016,both,189.2,14.333333333333334,5.093333333333334,0.3553488372093023,0.5512265512265513,56.02666666666667,267.96,498.79999999999995,2.6363636363636362,couverture_1_a_3_mois,False
5799,1,40.2,3,instock,19.94,5799,14461,14461,14461,14461,3.0,Vin,product,Château Carbonnieux Graves Blanc 2017,both,120.60000000000001,33.50000000000001,13.560000000000006,0.40477611940298514,0.6800401203610835,40.68000000000002,59.82000000000001,120.60000000000001,1.0,couverture_1_a_3_mois,False
5801,1,24.0,22,instock,12.9,5801,11277,11277,11277,11277,9.0,Vin,product,Château Monbrison Margaux Bouquet de Monbrison 2012,both,216.0,20.0,7.1,0.355,0.5503875968992248,63.9,283.8,528.0,2.4444444444444446,couverture_1_a_3_mois,False
5802,1,23.8,34,instock,12.54,5802,15399,15399,15399,15399,11.0,Vin,product,Château Peymartin Saint-Julien 2014,both,261.8,19.833333333333336,7.2933333333333366,0.3677310924369749,0.5816055289739503,80.2266666666667,426.35999999999996,809.2,3.090909090909091,couverture_3_a_6_mois,False
5803,1,17.1,47,instock,9.19,5803,13572,13572,13572,13572,17.0,Vin,product,Château Tour Haut-Caussan Médoc 2015,both,290.70000000000005,14.250000000000002,5.060000000000002,0.35508771929824573,0.5505984766050057,86.02000000000004,431.92999999999995,803.7,2.764705882352941,couverture_1_a_3_mois,False
5804,1,25.0,25,instock,12.4,5804,14955,14955,14955,14955,9.0,Vin,product,Château Le Puy Bordeaux Côtes-de-Francs Emilien 2016,both,225.0,20.833333333333336,8.433333333333335,0.40480000000000005,0.6801075268817206,75.90000000000002,310.0,625.0,2.7777777777777777,couverture_1_a_3_mois,False
5806,1,17.4,39,instock,8.99,5806,13567,13567,13567,13567,13.0,Vin,product,Château La Croix Meunier Saint-Emilion Grand Cru 2014,both,226.2,14.5,5.51,0.38,0.6129032258064516,71.63,350.61,678.5999999999999,3.0,couverture_3_a_6_mois,False
5807,1,27.3,12,instock,13.82,5807,15471,15471,15471,15471,4.0,Vin,product,Château d'Arcole Saint-Emilion Grand Cru 2016,both,109.2,22.75,8.93,0.3925274725274725,0.6461649782923299,35.72,165.84,327.6,3.0,couverture_3_a_6_mois,False
5809,1,17.9,32,instock,9.71,5809,15080,15080,15080,15080,11.0,Vin,product,Château Tour De Pez Saint-Estèphe Les Hauts de Pez 2016,both,196.89999999999998,14.916666666666666,5.206666666666665,0.34905027932960886,0.5362169584620664,57.27333333333332,310.72,572.8,2.909090909090909,couverture_1_a_3_mois,False
5810,1,24.0,27,instock,12.77,5810,14429,14429,14429,14429,11.0,Vin,product,Château Tour De Pez Saint-Estèphe 2017,both,264.0,20.0,7.23,0.36150000000000004,0.5661707126076743,79.53,344.78999999999996,648.0,2.4545454545454546,couverture_1_a_3_mois,False
5815,1,16.6,26,instock,9.01,5815,15238,15238,15238,15238,9.0,Vin,product,Maison Trimbach Muscat Réserve 2017,both,149.4,13.833333333333336,4.823333333333336,0.34867469879518087,0.5353311135775067,43.410000000000025,234.26,431.6,2.888888888888889,couverture_1_a_3_mois,False
5816,1,16.9,32,instock,8.73,5816,15237,15237,15237,15237,11.0,Vin,product,Maison Trimbach Riesling 2017,both,185.89999999999998,14.083333333333332,5.353333333333332,0.3801183431952662,0.6132111492936233,58.88666666666665,279.36,540.8,2.909090909090909,couverture_1_a_3_mois,False
5817,1,57.6,6,instock,28.87,5817,14600,14600,14600,14600,5.0,Vin,product,Maison Trimbach Riesling Grand Cru Geisberg 2012,both,288.0,48.0,19.13,0.3985416666666666,0.662625562868029,95.64999999999999,173.22,345.6,1.2,couverture_1_a_3_mois,False
5818,1,63.5,2,instock,32.48,5818,15241,15241,15241,15241,1.0,Vin,product,Maison Trimbach Riesling Grand Cru Schlossberg 2015,both,63.5,52.91666666666667,20.436666666666675,0.3862047244094489,0.6292077175697869,20.436666666666675,64.96,127.0,2.0,couverture_1_a_3_mois,False
5819,1,56.0,6,instock,28.07,5819,11933,11933,11933,11933,4.0,Vin,product,Maison Trimbach Riesling Cuvée Frédéric Emile 2008,both,224.0,46.66666666666667,18.59666666666667,0.3985000000000001,0.662510390689942,74.38666666666668,168.42000000000002,336.0,1.5,couverture_1_a_3_mois,False
5820,1,63.5,7,instock,32.48,5820,15240,15240,15240,15240,6.0,Vin,product,Maison Trimbach Riesling Cuvée Frédéric Emile 2012,both,381.0,52.91666666666667,20.436666666666675,0.3862047244094489,0.6292077175697869,122.62000000000005,227.35999999999999,444.5,1.1666666666666667,couverture_1_a_3_mois,False
5826,1,41.2,34,instock,21.71,5826,15325,15325,15325,15325,20.0,Vin,product,Agnès Levet Côte Rôtie Améthyste 2017,both,824.0,34.333333333333336,12.623333333333335,0.36766990291262136,0.5814524796560725,252.4666666666667,738.14,1400.8000000000002,1.7,couverture_1_a_3_mois,False
5827,1,55.0,4,instock,29.55,5827,15328,15328,15328,15328,2.0,Vin,product,Agnès Levet Côte Rôtie Maestria 2017,both,110.0,45.833333333333336,16.283333333333335,0.3552727272727273,0.5510434292160181,32.56666666666667,118.2,220.0,2.0,couverture_1_a_3_mois,False
5829,1,57.0,5,instock,29.74,5829,15329,15329,15329,15329,3.0,Vin,product,Agnès Levet Côte Rôtie Péroline 2017,both,171.0,47.5,17.76,0.3738947368421053,0.5971755211835912,53.28,148.7,285.0,1.6666666666666667,couverture_1_a_3_mois,False
5890,1,19.3,29,instock,9.77,5890,15775,15775,15775,15775,9.0,Vin,product,Saumaize-Michelin Saint-Véran Les Crèches 2018,both,173.70000000000002,16.083333333333336,6.313333333333336,0.39253886010362704,0.6461958375980897,56.82000000000002,283.33,559.7,3.2222222222222223,couverture_3_a_6_mois,False
5891,1,19.0,24,instock,9.72,5891,15774,15774,15774,15774,10.0,Vin,product,Saumaize-Michelin Viré-Clessé 2018,both,190.0,15.833333333333334,6.113333333333333,0.38610526315789473,0.6289437585733881,61.13333333333333,233.28000000000003,456.0,2.4,couverture_1_a_3_mois,False
5892,1,191.3,98,instock,116.06,5892,14983,14983,14983,14983,6.0,Champagne,product,Coteaux Champenois Egly-Ouriet Ambonnay Rouge 2016,both,1147.8000000000002,159.41666666666669,43.35666666666668,0.27197072660742294,0.3735711413636626,260.1400000000001,11373.880000000001,18747.4,16.333333333333332,surstock_gt_12_mois,True
5893,1,26.6,13,instock,14.29,5893,13910,13910,13910,13910,5.0,Vin,product,Gilbert Picq Chablis 1er Cru Vaucoupin 2016,both,133.0,22.166666666666668,7.876666666666669,0.35533834586466173,0.5512013062747844,39.38333333333334,185.76999999999998,345.8,2.6,couverture_1_a_3_mois,False
5894,1,15.4,29,instock,7.56,5894,16539,16539,16539,16539,10.0,Vin,product,Thevenet Quintaine Viré-Clessé Emilian Gillet 2017,both,154.0,12.833333333333334,5.273333333333334,0.41090909090909095,0.6975308641975311,52.73333333333334,219.23999999999998,446.6,2.9,couverture_1_a_3_mois,False
5896,1,24.7,23,instock,12.76,5896,15910,15910,15910,15910,11.0,Vin,product,Thevenet Quintaine Viré-Clessé La Bongran 2015,both,271.7,20.583333333333332,7.823333333333332,0.380080971659919,0.6131138975966561,86.05666666666666,293.48,568.1,2.090909090909091,couverture_1_a_3_mois,False
5899,1,28.1,35,instock,14.37,5899,12339,12339,12339,12339,11.0,Vin,product,Stéphane Tissot Arbois Blanc Les Bruyères 2015,both,309.1,23.416666666666668,9.046666666666669,0.3863345195729538,0.6295523080491767,99.51333333333335,502.95,983.5,3.1818181818181817,couverture_3_a_6_mois,False
5900,1,18.25,21,instock,8.96,5900,12869,12869,12869,12869,7.0,Vin,product,Stéphane Tissot Arbois D.D. 2016,both,127.75,15.208333333333334,6.248333333333333,0.4108493150684931,0.6973586309523808,43.73833333333333,188.16000000000003,383.25,3.0,couverture_3_a_6_mois,False
5902,1,35.1,10,instock,18.14,5902,14095,14095,14095,14095,9.0,Vin,product,Stéphane Tissot Arbois Pinot Noir Sous La Tour 2016,both,315.90000000000003,29.250000000000004,11.110000000000003,0.3798290598290599,0.6124586549062846,99.99000000000002,181.4,351.0,1.1111111111111112,couverture_1_a_3_mois,False
5903,1,27.3,15,instock,13.82,5903,14099,14099,14099,14099,5.0,Vin,product,Stéphane Tissot Arbois Trousseau Singulier 2017,both,136.5,22.75,8.93,0.3925274725274725,0.6461649782923299,44.65,207.3,409.5,3.0,couverture_3_a_6_mois,False
5904,1,18.8,27,instock,9.32,5904,15856,15856,15856,15856,13.0,Vin,product,Domaine de Montbourgeau Côtes du Jura Poulsard 2018,both,244.4,15.666666666666668,6.346666666666668,0.4051063829787234,0.6809728183118742,82.50666666666667,251.64000000000001,507.6,2.076923076923077,couverture_1_a_3_mois,False
5905,1,43.9,6,instock,22.23,5905,12881,12881,12881,12881,6.0,Vin,product,Domaine de Montbourgeau L'Etoile Vin Jaune 2009,both,263.4,36.583333333333336,14.353333333333335,0.3923462414578588,0.6456740140950668,86.12,133.38,263.4,1.0,couverture_1_a_3_mois,False
5906,1,19.8,38,instock,9.72,5906,15857,15857,15857,15857,11.0,Vin,product,Domaine de Montbourgeau L'Etoile En Banode 2016,both,217.8,16.5,6.779999999999999,0.4109090909090909,0.6975308641975307,74.58,369.36,752.4,3.4545454545454546,couverture_3_a_6_mois,False
5907,1,17.7,14,instock,9.42,5907,12882,12882,12882,12882,6.0,Vin,product,Domaine de Montbourgeau Vin de Paille 2013,both,106.19999999999999,14.75,5.33,0.36135593220338985,0.5658174097664543,31.98,131.88,247.79999999999998,2.3333333333333335,couverture_1_a_3_mois,False
5912,1,57.0,4,instock,25.08,5912,15227,15227,15227,15227,2.0,Whisky,product,Kingsbarns Distillery Lowland Single Malt Whisky,both,114.0,47.5,22.42,0.47200000000000003,0.893939393939394,44.84,100.32,228.0,2.0,couverture_1_a_3_mois,False
5913,1,36.0,7,instock,17.16,5913,10014,10014,10014,10014,10.0,Gin,product,Darnley's London Dry Gin Original,both,360.0,30.0,12.84,0.428,0.7482517482517482,128.4,120.12,252.0,0.7,couverture_lt_1_mois,False
5914,1,36.0,4,instock,17.16,5914,14265,14265,14265,14265,4.0,Gin,product,Darnley's London Dry Gin Spiced,both,144.0,30.0,12.84,0.428,0.7482517482517482,51.36,68.64,144.0,1.0,couverture_1_a_3_mois,False
5916,1,93.0,1,instock,40.49,5916,14774,14774,14774,14774,1.0,Whisky,product,Wemyss Malts Single Cask Scotch Whisky Chocolate Moka Cake 2005 Strathclyde,both,93.0,77.5,37.01,0.47754838709677416,0.9140528525561866,37.01,40.49,93.0,1.0,couverture_1_a_3_mois,True
5917,1,122.0,12,instock,54.24,5917,14775,14775,14775,14775,3.0,Whisky,product,Wemyss Malts Single Cask Scotch Whisky Choc 'n' Nut Pretzel 2001 Bunnahabhain,both,366.0,101.66666666666667,47.42666666666667,0.46649180327868855,0.874385447394297,142.28,650.88,1464.0,4.0,couverture_3_a_6_mois,True
5918,1,114.0,12,instock,52.25,5918,14773,14773,14773,14773,3.0,Whisky,product,Wemyss Malts Single Cask Scotch Whisky Chai Caramel Latte 2002 Craigellachie,both,342.0,95.0,42.75,0.45,0.8181818181818182,128.25,627.0,1368.0,4.0,couverture_3_a_6_mois,True
5922,1,48.5,4,instock,24.31,5922,15343,15343,15343,15343,4.0,Vin,product,Albert Mann Pinot Noir Clos de la Faille 2017,both,194.0,40.41666666666667,16.106666666666673,0.3985154639175259,0.6625531331413688,64.42666666666669,97.24,194.0,1.0,couverture_1_a_3_mois,False
5925,1,49.5,15,instock,25.06,5925,15351,15351,15351,15351,8.0,Vin,product,Albert Mann Riesling Grand Cru Furstentum 2017,both,396.0,41.25,16.19,0.3924848484848485,0.646049481245012,129.52,375.9,742.5,1.875,couverture_1_a_3_mois,False
5930,1,14.1,0,outofstock,6.92,5930,16323,16323,16323,16323,14.0,Vin,product,Borie La Vitarèle Languedoc Blanc Le Grand Mayol 2019,both,197.4,11.75,4.83,0.41106382978723405,0.6979768786127167,67.62,0.0,0.0,0.0,rupture_potentielle,False
5932,1,59.9,13,instock,27.18,5932,523,523,523,523,0.0,Cognac,product,Cognac Normandin Mercier VFC,both,0.0,49.916666666666664,22.736666666666665,0.45549248747913185,0.836521952415992,0.0,353.34,778.6999999999999,,stock_sans_vente_octobre,False
5950,1,46.0,4,instock,24.72,5950,15432,15432,15432,15432,3.0,Vin,product,Domaine de Vaccelli AOP Ajaccio Rouge Granit 2016,both,138.0,38.333333333333336,13.613333333333337,0.35513043478260875,0.5507011866235169,40.84000000000001,98.88,184.0,1.3333333333333333,couverture_1_a_3_mois,False
5951,1,74.5,4,instock,39.65,5951,16472,16472,16472,16472,2.0,Vin,product,Domaine de Vaccelli AOP Ajaccio Rouge Granit 174 2017,both,149.0,62.083333333333336,22.433333333333337,0.3613422818791947,0.5657839428331233,44.866666666666674,158.6,298.0,2.0,couverture_1_a_3_mois,False
5956,1,17.2,32,instock,8.8,5956,15895,15895,15895,15895,12.0,Vin,product,Clos du Prieur Terrasses du Larzac 2018,both,206.39999999999998,14.333333333333334,5.533333333333333,0.38604651162790693,0.6287878787878787,66.4,281.6,550.4,2.6666666666666665,couverture_1_a_3_mois,False
5958,1,8.7,44,instock,4.5,5958,15577,15577,15577,15577,15.0,Vin,product,Domaine Labranche Laffont Madiran Tradition 2016,both,130.5,7.25,2.75,0.3793103448275862,0.6111111111111112,41.25,198.0,382.79999999999995,2.933333333333333,couverture_1_a_3_mois,False
5959,1,15.4,24,instock,7.72,5959,15766,15766,15766,15766,9.0,Vin,product,Domaine Labranche Laffont Madiran Vieilles Vignes 2015,both,138.6,12.833333333333334,5.113333333333334,0.3984415584415585,0.6623488773747842,46.02000000000001,185.28,369.6,2.6666666666666665,couverture_1_a_3_mois,False
5960,1,12.7,40,instock,6.36,5960,15892,15892,15892,15892,12.0,Vin,product,Domaine Labranche Laffont Pacherenc du Vic-Bilh Sec 2017,both,152.39999999999998,10.583333333333334,4.223333333333334,0.39905511811023625,0.6640461215932915,50.68000000000001,254.4,508.0,3.3333333333333335,couverture_3_a_6_mois,False
5962,1,30.0,8,instock,15.5,5962,16326,16326,16326,16326,5.0,Vin,product,Camin Larredya Jurançon Moelleux Au Capcéu 2018,both,150.0,25.0,9.5,0.38,0.6129032258064516,47.5,124.0,240.0,1.6,couverture_1_a_3_mois,False
5963,1,13.5,34,instock,6.63,5963,15574,15574,15574,15574,10.0,Vin,product,Domaine de l'Ancienne Cure Bergerac Blanc Sec L'Abbaye 2016,both,135.0,11.25,4.62,0.4106666666666667,0.6968325791855204,46.2,225.42,459.0,3.4,couverture_3_a_6_mois,False
5964,1,16.3,31,instock,8.51,5964,13662,13662,13662,13662,13.0,Vin,product,Domaine de l'Ancienne Cure Pécharmant L'Abbaye 2015,both,211.9,13.583333333333334,5.073333333333334,0.37349693251533744,0.5961613787700746,65.95333333333335,263.81,505.3,2.3846153846153846,couverture_1_a_3_mois,False
5967,1,56.3,5,instock,30.54,5967,11669,11669,11669,11669,3.0,Vin,product,Zind-Humbrecht Gewurztraminer Clos Windsbuhl 2012,both,168.89999999999998,46.916666666666664,16.376666666666665,0.3490586145648312,0.5362366295568652,49.129999999999995,152.7,281.5,1.6666666666666667,couverture_1_a_3_mois,False
5968,1,71.5,9,instock,35.83,5968,13215,13215,13215,13215,5.0,Vin,product,Zind-Humbrecht Pinot Gris Clos Windsbuhl 2013,both,357.5,59.583333333333336,23.753333333333337,0.3986573426573427,0.6629453902688623,118.76666666666668,322.46999999999997,643.5,1.8,couverture_1_a_3_mois,False
5969,1,69.0,10,instock,37.43,5969,13211,13211,13211,13211,6.0,Vin,product,Zind-Humbrecht Riesling Clos Windsbuhl 2014,both,414.0,57.5,20.07,0.34904347826086957,0.5362009083622763,120.42,374.3,690.0,1.6666666666666667,couverture_1_a_3_mois,False
6035,1,17.9,13,instock,9.34,6035,15342,15342,15342,15342,6.0,Vin,product,Zind-Humbrecht Muscat Turckheim 2016,both,107.39999999999999,14.916666666666666,5.576666666666666,0.37385474860335194,0.5970735189150607,33.459999999999994,121.42,232.7,2.1666666666666665,couverture_1_a_3_mois,False
6038,1,48.5,0,outofstock,25.31,6038,15318,15318,15318,15318,0.0,Vin,product,I Fabbri Chianti Classico Gran Selezione 2015,both,0.0,40.41666666666667,15.106666666666673,0.37377319587628877,0.5968655340445149,0.0,0.0,0.0,,ni_stock_ni_vente,False
6041,1,71.7,11,instock,36.3,6041,13073,13073,13073,13073,6.0,Vin,product,Château de Vaudieu Châteauneuf-du-Pape Amiral G 2015,both,430.20000000000005,59.75000000000001,23.45000000000001,0.39246861924686205,0.6460055096418736,140.70000000000005,399.29999999999995,788.7,1.8333333333333333,couverture_1_a_3_mois,False
6042,1,8.5,25,instock,4.57,6042,16159,16159,16159,16159,9.0,Vin,product,Domaine La Croix Belle Côtes de Thongue Rosé Les Grillons 2019,both,76.5,7.083333333333334,2.5133333333333336,0.3548235294117647,0.549963530269876,22.620000000000005,114.25,212.5,2.7777777777777777,couverture_1_a_3_mois,False
6047,1,10.9,29,instock,5.58,6047,16264,16264,16264,16264,11.0,Vin,product,Château de La Liquière Faugères L'Ampoule 2019,both,119.9,9.083333333333334,3.503333333333334,0.38568807339449546,0.6278375149342892,38.536666666666676,161.82,316.1,2.6363636363636362,couverture_1_a_3_mois,False
6049,1,21.8,30,instock,10.81,6049,14899,14899,14899,14899,9.0,Vin,product,Christophe Pichon Saint-Joseph Blanc 2017,both,196.20000000000002,18.166666666666668,7.356666666666667,0.404954128440367,0.6805427073697194,66.21000000000001,324.3,654.0,3.3333333333333335,couverture_3_a_6_mois,False
6050,1,38.5,0,outofstock,20.09,6050,15134,15134,15134,15134,6.0,Vin,product,Christophe Pichon Condrieu 2017,both,231.0,32.083333333333336,11.993333333333336,0.3738181818181819,0.596980255516841,71.96000000000001,0.0,0.0,0.0,rupture_potentielle,False
6070,1,9.3,30,instock,4.95,6070,16133,16133,16133,16133,11.0,Vin,product,Borie La Vitarèle Pays d'Hérault Les Cigales 2019,both,102.30000000000001,7.750000000000001,2.8000000000000007,0.3612903225806452,0.5656565656565657,30.800000000000008,148.5,279.0,2.727272727272727,couverture_1_a_3_mois,False
6072,1,13.6,3,instock,7.03,6072,16028,16028,16028,16028,1.0,Vin,product,Clos du Mont-Olivet Côtes-du-Rhône Blanc 2019,both,13.6,11.333333333333334,4.303333333333334,0.37970588235294117,0.6121384542437174,4.303333333333334,21.09,40.8,3.0,couverture_3_a_6_mois,False
6073,1,24.5,29,instock,12.41,6073,15951,15951,15951,15951,9.0,Vin,product,Jacqueson Rully Rouge 1er Cru Les Preaux 2018,both,220.5,20.416666666666668,8.006666666666668,0.3921632653061225,0.6451786193929627,72.06,359.89,710.5,3.2222222222222223,couverture_3_a_6_mois,False
6093,1,12.6,51,instock,6.71,6093,15487,15487,15487,15487,15.0,Vin,product,Château de Villeneuve Saumur-Champigny 2017,both,189.0,10.5,3.79,0.36095238095238097,0.5648286140089419,56.85,342.21,642.6,3.4,couverture_3_a_6_mois,False
6094,1,13.4,24,instock,6.65,6094,15486,15486,15486,15486,10.0,Vin,product,Château de Villeneuve Saumur-Champigny Clos de la Bienboire 2018,both,134.0,11.166666666666668,4.5166666666666675,0.4044776119402985,0.6791979949874688,45.16666666666667,159.60000000000002,321.6,2.4,couverture_1_a_3_mois,False
6095,1,29.8,31,instock,15.86,6095,15489,15489,15489,15489,10.0,Vin,product,Château de Villeneuve Saumur-Champigny Le Grand Clos 2017,both,298.0,24.833333333333336,8.973333333333336,0.3613422818791947,0.5657839428331234,89.73333333333336,491.65999999999997,923.8000000000001,3.1,couverture_3_a_6_mois,False
6101,1,36.9,4,instock,20.02,6101,14089,14089,14089,14089,3.0,Vin,product,Stéphane Tissot Arbois Blanc La Mailloche 2016,both,110.69999999999999,30.75,10.73,0.3489430894308943,0.535964035964036,32.19,80.08,147.6,1.3333333333333333,couverture_1_a_3_mois,False
6103,1,40.7,7,instock,21.87,6103,14100,14100,14100,14100,6.0,Vin,product,Stéphane Tissot Arbois Trousseau Amphore 2017,both,244.20000000000002,33.91666666666667,12.04666666666667,0.35518427518427526,0.5508306660570037,72.28000000000003,153.09,284.90000000000003,1.1666666666666667,couverture_1_a_3_mois,False
6104,1,33.2,7,instock,17.84,6104,14092,14092,14092,14092,4.0,Vin,product,Stéphane Tissot Arbois Blanc Savagnin 2015,both,132.8,27.66666666666667,9.826666666666672,0.3551807228915664,0.5508221225710018,39.306666666666686,124.88,232.40000000000003,1.75,couverture_1_a_3_mois,False
6105,1,34.8,5,instock,17.8,6105,14090,14090,14090,14090,4.0,Vin,product,Stéphane Tissot Côtes du Jura Sursis 2017,both,139.2,29.0,11.2,0.38620689655172413,0.6292134831460674,44.8,89.0,174.0,1.25,couverture_1_a_3_mois,False
6106,1,74.8,3,instock,40.19,6106,14106,14106,14106,14106,2.0,Vin,product,Stéphane Tissot Château-Chalon 2011,both,149.6,62.333333333333336,22.143333333333338,0.35524064171123,0.5509662436758731,44.286666666666676,120.57,224.39999999999998,1.5,couverture_1_a_3_mois,False
6107,1,62.4,7,instock,31.27,6107,14101,14101,14101,14101,5.0,Vin,product,Stéphane Tissot Arbois Vin Jaune En Spois 2011,both,312.0,52.0,20.73,0.39865384615384614,0.6629357211384714,103.65,218.89,436.8,1.4,couverture_1_a_3_mois,False
6108,1,46.0,7,instock,24.72,6108,14797,14797,14797,14797,4.0,Vin,product,Gilles Robin Cornas 2016,both,184.0,38.333333333333336,13.613333333333337,0.35513043478260875,0.5507011866235169,54.45333333333335,173.04,322.0,1.75,couverture_1_a_3_mois,False
6109,1,39.2,17,instock,21.06,6109,15201,15201,15201,15201,9.0,Vin,product,Gilles Robin Saint-Joseph Rouge André Péalat 2010,both,352.8,32.66666666666667,11.606666666666673,0.35530612244897974,0.5511237733459959,104.46000000000005,358.02,666.4000000000001,1.8888888888888888,couverture_1_a_3_mois,False
6126,1,135.0,138,instock,80.33,6126,14923,14923,14923,14923,5.0,Champagne,product,Champagne Gosset Célébris Vintage 2007,both,675.0,112.5,32.17,0.2859555555555556,0.4004730486742189,160.85000000000002,11085.539999999999,18630.0,27.6,surstock_gt_12_mois,True
6127,1,10.6,32,instock,5.42,6127,14573,14573,14573,14573,12.0,Vin,product,Moulin de Gassac IGP Pays d'Hérault Rouge Mazet du Levant 2017,both,127.19999999999999,8.833333333333334,3.413333333333334,0.3864150943396227,0.6297662976629768,40.96000000000001,173.44,339.2,2.6666666666666665,couverture_1_a_3_mois,False
6128,1,10.6,45,instock,5.64,6128,14569,14569,14569,14569,13.0,Vin,product,Moulin de Gassac IGP Pays d'Hérault Blanc Faune 2017,both,137.79999999999998,8.833333333333334,3.1933333333333342,0.3615094339622642,0.5661938534278962,41.51333333333334,253.79999999999998,477.0,3.4615384615384617,couverture_3_a_6_mois,False
6129,1,5.2,68,instock,2.74,6129,14570,14570,14570,14570,20.0,Vin,product,Moulin de Gassac IGP Pays d'Hérault Guilhem Blanc 2017,both,104.0,4.333333333333334,1.5933333333333337,0.3676923076923077,0.5815085158150852,31.866666666666674,186.32000000000002,353.6,3.4,couverture_3_a_6_mois,False
6137,1,46.0,7,instock,24.0,6137,15834,15834,15834,15834,6.0,Vin,product,Domaine de Vaccelli Ajaccio Blanc Sirocco 2017,both,276.0,38.333333333333336,14.333333333333336,0.37391304347826093,0.5972222222222223,86.00000000000001,168.0,322.0,1.1666666666666667,couverture_1_a_3_mois,False
6201,1,105.6,16,instock,57.29,6201,14596,14596,14596,14596,6.0,Vin,product,David Duband Chambolle-Musigny 1er Cru Les Sentiers 2016,both,633.5999999999999,88.0,30.71,0.34897727272727275,0.5360446849362891,184.26,916.64,1689.6,2.6666666666666665,couverture_1_a_3_mois,True
6202,1,116.4,12,instock,63.15,6202,15126,15126,15126,15126,5.0,Vin,product,Domaine Clerget Echezeaux Grand Cru En Orveaux 2015,both,582.0,97.00000000000001,33.850000000000016,0.34896907216494855,0.5360253365003962,169.25000000000009,757.8,1396.8000000000002,2.4,couverture_1_a_3_mois,True
6204,1,31.0,17,instock,15.86,6204,14604,14604,14604,14604,9.0,Vin,product,Domaine Giudicelli Muscat du Cap Corse 2016,both,279.0,25.833333333333336,9.973333333333336,0.3860645161290323,0.6288356452290881,89.76000000000002,269.62,527.0,1.8888888888888888,couverture_1_a_3_mois,False
6205,1,20.2,38,instock,10.54,6205,16565,16565,16565,16565,11.0,Vin,product,Domaine Giudicelli Vin de France Corail Rouge 2019,both,222.2,16.833333333333332,6.293333333333333,0.37386138613861386,0.597090449082859,69.22666666666666,400.52,767.6,3.4545454545454546,couverture_3_a_6_mois,False
6206,1,25.2,16,instock,13.15,6206,16580,16580,16580,16580,8.0,Vin,product,Domaine Giudicelli Patrimonio Blanc 2019,both,201.6,21.0,7.85,0.3738095238095238,0.596958174904943,62.8,210.4,403.2,2.0,couverture_1_a_3_mois,False
6207,1,25.2,22,instock,12.89,6207,16077,16077,16077,16077,9.0,Vin,product,Domaine Giudicelli Patrimonio Rouge 2016,both,226.79999999999998,21.0,8.11,0.38619047619047614,0.6291698991466252,72.99,283.58000000000004,554.4,2.4444444444444446,couverture_1_a_3_mois,False
6212,1,115.0,16,instock,59.42,6212,13996,13996,13996,13996,7.0,Vin,product,Domaine des Comtes Lafon Volnay 1er Cru Santenots du Milieu 2015,both,805.0,95.83333333333334,36.41333333333334,0.3799652173913044,0.6128127454280266,254.89333333333337,950.72,1840.0,2.2857142857142856,couverture_1_a_3_mois,True
6213,1,121.0,9,instock,63.14,6213,15072,15072,15072,15072,3.0,Vin,product,Domaine des Comtes Lafon Volnay 1er Cru Santenots du Milieu 2016,both,363.0,100.83333333333334,37.69333333333334,0.3738181818181819,0.596980255516841,113.08000000000003,568.26,1089.0,3.0,couverture_3_a_6_mois,True
6214,1,99.0,9,instock,49.62,6214,11601,11601,11601,11601,6.0,Vin,product,Domaine des Comtes Lafon Volnay 1er Cru Champans 2013,both,594.0,82.5,32.88,0.3985454545454546,0.6626360338573157,197.28000000000003,446.58,891.0,1.5,couverture_1_a_3_mois,True
6215,1,115.0,14,instock,56.45,6215,12790,12790,12790,12790,4.0,Vin,product,Domaine des Comtes Lafon Volnay 1er Cru Champans 2014,both,460.0,95.83333333333334,39.38333333333334,0.41095652173913044,0.6976675524062593,157.53333333333336,790.3000000000001,1610.0,3.5,couverture_3_a_6_mois,True
6216,1,121.0,14,instock,60.02,6216,15070,15070,15070,15070,2.0,Vin,product,Domaine des Comtes Lafon Volnay 1er Cru Champans 2016,both,242.0,100.83333333333334,40.81333333333334,0.4047603305785124,0.6799955570365435,81.62666666666668,840.2800000000001,1694.0,7.0,surstock_6_a_12_mois,True
6221,1,23.5,22,instock,12.02,6221,16096,16096,16096,16096,7.0,Vin,product,Planeta Sicilia Eruzione 1614 2017,both,164.5,19.583333333333336,7.563333333333336,0.3862127659574469,0.6292290626733225,52.94333333333336,264.44,517.0,3.142857142857143,couverture_3_a_6_mois,False
6222,1,26.4,29,instock,13.23,6222,7032,7032,7032,7032,10.0,Vin,product,Planeta Sicilia Passito di Noto 2016,both,264.0,22.0,8.77,0.3986363636363636,0.6628873771730914,87.69999999999999,383.67,765.5999999999999,2.9,couverture_1_a_3_mois,False
6223,1,26.7,17,instock,13.8,6223,15324,15324,15324,15324,6.0,Vin,product,Planeta Sicilia Chardonnay 2017,both,160.2,22.25,8.45,0.37977528089887636,0.6123188405797101,50.699999999999996,234.60000000000002,453.9,2.8333333333333335,couverture_1_a_3_mois,False
6225,1,20.4,26,instock,10.22,6225,15162,15162,15162,15162,8.0,Vin,product,Le Pas de l'Escalette IGP Hérault Ze Cinsault 2017,both,163.2,17.0,6.779999999999999,0.3988235294117647,0.6634050880626222,54.239999999999995,265.72,530.4,3.25,couverture_3_a_6_mois,False
6226,1,20.4,26,instock,10.96,6226,15161,15161,15161,15161,10.0,Vin,product,Le Pas de l'Escalette Terrasses du Larzac Le Pas de D. 2017,both,204.0,17.0,6.039999999999999,0.35529411764705876,0.5510948905109487,60.39999999999999,284.96000000000004,530.4,2.6,couverture_1_a_3_mois,False
6227,1,40.2,11,instock,21.39,6227,15163,15163,15163,15163,8.0,Vin,product,Le Pas de l'Escalette Terrasses du Larzac Les Frieys 2017,both,321.6,33.50000000000001,12.110000000000007,0.36149253731343295,0.5661524076671345,96.88000000000005,235.29000000000002,442.20000000000005,1.375,couverture_1_a_3_mois,False
6278,1,9.0,24,instock,4.65,6278,16273,16273,16273,16273,10.0,Vin,product,Borie de Maurel Minervois Rouge Esprit d'Automne 2019,both,90.0,7.5,2.8499999999999996,0.37999999999999995,0.6129032258064515,28.499999999999996,111.60000000000001,216.0,2.4,couverture_1_a_3_mois,False
6279,1,45.9,10,instock,22.77,6279,16247,16247,16247,16247,6.0,Vin,product,Borie de Maurel Minervois Rouge Maxime 2003,both,275.4,38.25,15.48,0.4047058823529412,0.6798418972332017,92.88,227.7,459.0,1.6666666666666667,couverture_1_a_3_mois,False
6280,1,10.4,38,instock,5.53,6280,15654,15654,15654,15654,11.0,Vin,product,Borie de Maurel Minervois Blanc La Belle Aude 2018,both,114.4,8.666666666666668,3.1366666666666676,0.36192307692307696,0.5672091621458711,34.503333333333345,210.14000000000001,395.2,3.4545454545454546,couverture_3_a_6_mois,False
6299,1,78.0,0,outofstock,41.51,6299,15710,15710,15710,15710,4.0,Vin,product,Lucien Boillot Gevrey Chambertin 1er Cru Les Cherbaudes 2017,both,312.0,65.0,23.490000000000002,0.3613846153846154,0.5658877378944833,93.96000000000001,0.0,0.0,0.0,rupture_potentielle,False
6301,1,40.5,0,outofstock,20.51,6301,15745,15745,15745,15745,0.0,Vin,product,Borie La Vitarèle Saint-Chinian Midi Rouge 2015,both,0.0,33.75,13.239999999999998,0.39229629629629625,0.6455387615797171,0.0,0.0,0.0,,ni_stock_ni_vente,False
6325,1,27.9,22,instock,15.14,6325,15678,15678,15678,15678,10.0,Vin,product,Tempier Bandol Blanc 2018,both,279.0,23.25,8.11,0.34881720430107527,0.5356671070013209,81.1,333.08000000000004,613.8,2.2,couverture_1_a_3_mois,False
6328,1,22.4,16,instock,11.23,6328,15810,15810,15810,15810,7.0,Vin,product,Le Pas de l'Escalette IGP Pays d'Hérault Les Clapas Blanc 2018,both,156.79999999999998,18.666666666666668,7.436666666666667,0.39839285714285716,0.6622143069159988,52.05666666666667,179.68,358.4,2.2857142857142856,couverture_1_a_3_mois,False
6567,1,28.4,28,instock,14.67,6567,15779,15779,15779,15779,11.0,Vin,product,"Decelle-Villa Côte de Nuits Villages ""Aux Montagnes"" 2014",both,312.4,23.666666666666668,8.996666666666668,0.38014084507042256,0.6132697114292207,98.96333333333335,410.76,795.1999999999999,2.5454545454545454,couverture_1_a_3_mois,False
6568,1,72.0,7,instock,35.71,6568,15707,15707,15707,15707,4.0,Vin,product,Decelle-Villa Chambolle-Musigny 2017,both,288.0,60.0,24.29,0.4048333333333333,0.6802016241949034,97.16,249.97,504.0,1.75,couverture_1_a_3_mois,False
6569,1,29.0,58,instock,15.28,6569,15705,15705,15705,15705,17.0,Vin,product,Decelle-Villa Chorey-Lès-Beaune 2016,both,493.0,24.166666666666668,8.886666666666668,0.36772413793103453,0.5815881326352532,151.07333333333335,886.24,1682.0,3.411764705882353,couverture_3_a_6_mois,False
6570,1,29.2,19,instock,14.33,6570,15706,15706,15706,15706,9.0,Vin,product,Decelle-Villa Marsannay Les Longeroies 2015,both,262.8,24.333333333333332,10.003333333333332,0.4110958904109589,0.6980693184461502,90.02999999999999,272.27,554.8,2.111111111111111,couverture_1_a_3_mois,False
6572,1,44.0,12,instock,22.28,6572,15704,15704,15704,15704,8.0,Vin,product,Decelle-Villa Saint-Aubin 1er Cru Sous Roche Dumay 2015,both,352.0,36.66666666666667,14.38666666666667,0.3923636363636364,0.6457211250748056,115.09333333333336,267.36,528.0,1.5,couverture_1_a_3_mois,False
6573,1,68.3,5,instock,35.29,6573,15473,15473,15473,15473,4.0,Vin,product,Marc Colin Et Fils Chassagne-Montrachet 1er Cru Les Champs Gain 2017,both,273.2,56.916666666666664,21.626666666666665,0.3799707174231332,0.6128270520449608,86.50666666666666,176.45,341.5,1.25,couverture_1_a_3_mois,False
6575,1,41.8,7,instock,22.03,6575,15479,15479,15479,15479,4.0,Vin,product,Marc Colin Et Fils Saint-Aubin 1er Cru La Chatenière 2017,both,167.2,34.833333333333336,12.803333333333335,0.3675598086124402,0.5811771826297474,51.21333333333334,154.21,292.59999999999997,1.75,couverture_1_a_3_mois,False
6578,1,40.0,7,instock,19.63,6578,15647,15647,15647,15647,4.0,Vin,product,Saumaize-Michelin Pouilly-Fuissé Ampélopsis 2016,both,160.0,33.333333333333336,13.703333333333337,0.4111000000000001,0.698081168279844,54.81333333333335,137.41,280.0,1.75,couverture_1_a_3_mois,False
6584,1,13.5,22,instock,6.91,6584,15769,15769,15769,15769,10.0,Vin,product,La Préceptorie Côtes du Roussillon Blanc Coume Marie 2018,both,135.0,11.25,4.34,0.3857777777777778,0.6280752532561504,43.4,152.02,297.0,2.2,couverture_1_a_3_mois,False
6585,1,19.0,29,instock,10.31,6585,15434,15434,15434,15434,10.0,Vin,product,La Préceptorie Côtes du Roussillon Blanc Terres Nouvelles 2018,both,190.0,15.833333333333334,5.523333333333333,0.3488421052631579,0.5357258325250566,55.233333333333334,298.99,551.0,2.9,couverture_1_a_3_mois,False
6592,1,24.4,29,instock,12.1,6592,15764,15764,15764,15764,9.0,Vin,product,Domaine de la Monardière Vacqueyras Blanc Galéjade 2018,both,219.6,20.333333333333332,8.233333333333333,0.4049180327868852,0.6804407713498623,74.1,350.9,707.5999999999999,3.2222222222222223,couverture_3_a_6_mois,False
6615,1,32.8,12,instock,16.95,6615,16071,16071,16071,16071,6.0,Vin,product,Clos du Mont-Olivet Châteauneuf-du-Pape 2018,both,196.79999999999998,27.333333333333332,10.383333333333333,0.3798780487804878,0.6125860373647984,62.3,203.39999999999998,393.59999999999997,2.0,couverture_1_a_3_mois,False
6616,1,15.4,33,instock,7.88,6616,15781,15781,15781,15781,11.0,Vin,product,Clos du Mont-Olivet Lirac Rouge 2017,both,169.4,12.833333333333334,4.953333333333334,0.385974025974026,0.6285956006768191,54.48666666666667,260.04,508.2,3.0,couverture_3_a_6_mois,False
6617,1,9.9,33,instock,5.22,6617,16031,16031,16031,16031,11.0,Vin,product,Clos du Mont-Olivet Vins de Pays du Gard Rive Droite 2018,both,108.9,8.25,3.0300000000000002,0.3672727272727273,0.5804597701149427,33.330000000000005,172.26,326.7,3.0,couverture_3_a_6_mois,False
6618,1,13.5,49,instock,7.18,6618,15539,15539,15539,15539,14.0,Vin,product,Clos du Mont-Olivet Vins de Pays du Gard Confluence 2017,both,189.0,11.25,4.07,0.3617777777777778,0.5668523676880224,56.980000000000004,351.82,661.5,3.5,couverture_3_a_6_mois,False
6620,1,51.0,11,instock,27.14,6620,16046,16046,16046,16046,7.0,Vin,product,Domaine de La Tour Du Bon Bandol Rouge Saint Ferréol 2005,both,357.0,42.5,15.36,0.3614117647058823,0.5659543109801032,107.52,298.54,561.0,1.5714285714285714,couverture_1_a_3_mois,False
6621,1,35.2,7,instock,17.46,6621,15204,15204,15204,15204,4.0,Vin,product,Thierry Germain Saumur-Champigny La Marginale 2018,both,140.8,29.333333333333336,11.873333333333335,0.4047727272727273,0.6800305460099275,47.49333333333334,122.22,246.40000000000003,1.75,couverture_1_a_3_mois,False
6622,1,42.2,16,instock,22.02,6622,15205,15205,15205,15205,8.0,Vin,product,Thierry Germain Saumur-Champigny Les Mémoires 2018,both,337.6,35.16666666666667,13.146666666666672,0.3738388625592418,0.5970330003027553,105.17333333333337,352.32,675.2,2.0,couverture_1_a_3_mois,False
6626,1,33.2,11,instock,16.47,6626,15790,15790,15790,15790,10.0,Vin,product,Weingut Besson-Strasser Zürich Räuschling 2018,both,332.0,27.66666666666667,11.196666666666673,0.40469879518072305,0.6798218984011338,111.96666666666673,181.17,365.20000000000005,1.1,couverture_1_a_3_mois,False
6627,1,41.8,4,instock,22.24,6627,15791,15791,15791,15791,4.0,Vin,product,Weingut Besson-Strasser Zürich Fumé 2017,both,167.2,34.833333333333336,12.593333333333337,0.361531100478469,0.5662470023980818,50.37333333333335,88.96,167.2,1.0,couverture_1_a_3_mois,False
6628,1,32.2,7,instock,16.8,6628,15792,15792,15792,15792,5.0,Vin,product,Weingut Besson-Strasser Zürich Blauer Zweigelt 2016,both,161.0,26.833333333333336,10.033333333333335,0.3739130434782609,0.5972222222222223,50.16666666666667,117.60000000000001,225.40000000000003,1.4,couverture_1_a_3_mois,False
6629,1,37.7,10,instock,19.48,6629,15793,15793,15793,15793,5.0,Vin,product,Weingut Besson-Strasser Zürich Pinot Noir Cholfirst 2017,both,188.5,31.41666666666667,11.936666666666671,0.3799469496021221,0.6127652292950037,59.68333333333335,194.8,377.0,2.0,couverture_1_a_3_mois,False
6631,1,47.2,10,instock,24.39,6631,15795,15795,15795,15795,7.0,Vin,product,Weingut Besson-Strasser Zürich Pinot Noir Albi 2016,both,330.40000000000003,39.333333333333336,14.943333333333335,0.37991525423728817,0.6126827934946016,104.60333333333335,243.9,472.0,1.4285714285714286,couverture_1_a_3_mois,False
6632,1,52.7,0,outofstock,26.41,6632,15794,15794,15794,15794,2.0,Vin,product,Weingut Besson-Strasser Zürich Pinot Noir Chlosterberg 2016,both,105.4,43.91666666666667,17.50666666666667,0.39863377609108164,0.6628802221380792,35.01333333333334,0.0,0.0,0.0,rupture_potentielle,False
6635,1,22.4,16,instock,10.99,6635,15763,15763,15763,15763,5.0,Vin,product,Domaine de la Monardière Vacqueyras Vieilles Vignes 2016,both,112.0,18.666666666666668,7.676666666666668,0.41125,0.6985138004246285,38.38333333333334,175.84,358.4,3.2,couverture_3_a_6_mois,False
6663,1,50.4,6,instock,26.04,6663,16152,16152,16152,16152,6.0,Vin,product,Catherine et Claude Maréchal Pommard La Chanière 2017,both,302.4,42.0,15.96,0.38,0.6129032258064516,95.76,156.24,302.4,1.0,couverture_1_a_3_mois,False
6664,1,35.6,16,instock,19.31,6664,15661,15661,15661,15661,8.0,Vin,product,Catherine et Claude Maréchal Savigny-Lès-Beaune Rouge 2017,both,284.8,29.666666666666668,10.35666666666667,0.3491011235955057,0.5363369583980668,82.85333333333335,308.96,569.6,2.0,couverture_1_a_3_mois,False
6665,1,27.7,16,instock,14.6,6665,16068,16068,16068,16068,5.0,Vin,product,Domaine Hauvette IGP Alpilles Jaspe 2017,both,138.5,23.083333333333332,8.483333333333333,0.3675090252707581,0.5810502283105022,42.416666666666664,233.6,443.2,3.2,couverture_3_a_6_mois,False
6666,1,48.5,7,instock,25.56,6666,16067,16067,16067,16067,6.0,Vin,product,Domaine Hauvette IGP Alpilles Dolia 2013,both,291.0,40.41666666666667,14.856666666666673,0.3675876288659795,0.5812467396974442,89.14000000000004,178.92,339.5,1.1666666666666667,couverture_1_a_3_mois,False
6738,1,15.4,42,instock,8.12,6738,8193,8193,8193,8193,12.0,Vin,product,Emile Boeckel Crémant Chardonnay Extra Brut 2016,both,184.8,12.833333333333334,4.713333333333335,0.36727272727272736,0.5804597701149428,56.56000000000002,341.03999999999996,646.8000000000001,3.5,couverture_3_a_6_mois,False
6751,1,46.5,7,instock,24.51,6751,16144,16144,16144,16144,6.0,Vin,product,Château Simone Palette Blanc 2017,both,279.0,38.75,14.239999999999998,0.3674838709677419,0.5809873521011831,85.44,171.57000000000002,325.5,1.1666666666666667,couverture_1_a_3_mois,False
6753,1,46.5,6,instock,22.82,6753,15256,15256,15256,15256,4.0,Vin,product,Château Simone Palette Rouge 2015,both,186.0,38.75,15.93,0.4110967741935484,0.6980718667835232,63.72,136.92000000000002,279.0,1.5,couverture_1_a_3_mois,False
6884,1,46.5,9,instock,24.99,6884,15735,15735,15735,15735,5.0,Vin,product,Domino Romano Ribera del Duero RDR 2015,both,232.5,38.75,13.760000000000002,0.3550967741935484,0.5506202480992398,68.80000000000001,224.91,418.5,1.8,couverture_1_a_3_mois,False
6886,1,42.0,8,instock,20.62,6886,14897,14897,14897,14897,5.0,Vin,product,Gratavinum Priorat GV5 2011,both,210.0,35.0,14.379999999999999,0.4108571428571428,0.6973811833171677,71.89999999999999,164.96,336.0,1.6,couverture_1_a_3_mois,False
6887,1,21.8,15,instock,11.71,6887,15736,15736,15736,15736,5.0,Vin,product,Gratavinum Priorat 2?r 2017,both,109.0,18.166666666666668,6.456666666666667,0.35541284403669726,0.5513805863933959,32.28333333333333,175.65,327.0,3.0,couverture_3_a_6_mois,False
6920,1,50.5,9,instock,25.05,6920,15740,15740,15740,15740,8.0,Vin,product,Château Jean Faure Saint-Emilion Grand Cru 2015,both,404.0,42.083333333333336,17.033333333333335,0.4047524752475248,0.679973386560213,136.26666666666668,225.45000000000002,454.5,1.125,couverture_1_a_3_mois,False
6926,1,49.9,12,instock,27.07,6926,15845,15845,15845,15845,9.0,Vin,product,Château Jean Faure Saint-Emilion Grand Cru 2016,both,449.09999999999997,41.583333333333336,14.513333333333335,0.3490180360721443,0.5361408693510652,130.62,324.84000000000003,598.8,1.3333333333333333,couverture_1_a_3_mois,False
6928,1,19.0,15,instock,9.62,6928,15741,15741,15741,15741,7.0,Vin,product,Le Cèdre de Jean Faure Saint-Emilion 2016,both,133.0,15.833333333333334,6.213333333333335,0.392421052631579,0.6458766458766461,43.49333333333334,144.29999999999998,285.0,2.142857142857143,couverture_1_a_3_mois,False
6930,1,8.4,28,instock,4.34,6930,16135,16135,16135,16135,9.0,Vin,product,Mouthes Le Bihan Côtes de Duras L'Aimé Chai 2015,both,75.60000000000001,7.000000000000001,2.660000000000001,0.3800000000000001,0.6129032258064518,23.94000000000001,121.52,235.20000000000002,3.111111111111111,couverture_3_a_6_mois,False
7023,1,27.5,23,instock,14.21,7023,15891,15891,15891,15891,9.0,Vin,product,Camin Larredya Jurançon Sec La Virada 2018,both,247.5,22.916666666666668,8.706666666666667,0.3799272727272727,0.6127140511376964,78.36,326.83000000000004,632.5,2.5555555555555554,couverture_1_a_3_mois,False
7025,1,69.0,8,instock,34.22,7025,15887,15887,15887,15887,5.0,Vin,product,Domaine Jamet Côte Rôtie Fructus Voluptas 2018,both,345.0,57.5,23.28,0.4048695652173913,0.6803039158386909,116.4,273.76,552.0,1.6,couverture_1_a_3_mois,False
7247,1,54.8,6,instock,27.18,7247,13127-1,13127-1,13127-1,13127-1,4.0,Vin,product,Clos du Mont-Olivet Châteauneuf-du-Pape 2007,both,219.2,45.666666666666664,18.486666666666665,0.40481751824817513,0.6801569781702231,73.94666666666666,163.07999999999998,328.79999999999995,1.5,couverture_1_a_3_mois,False
7338,1,16.3,40,instock,8.0,7338,16230,16230,16230,16230,13.0,Vin,product,Domaine Saint-Nicolas Vin de France Blanc Les Clous 2019,both,211.9,13.583333333333334,5.583333333333334,0.4110429447852761,0.6979166666666667,72.58333333333334,320.0,652.0,3.076923076923077,couverture_3_a_6_mois,False
