,product_id,onsale_web,price,stock_quantity,stock_status,purchase_price,id_web,total_sales,product_type,post_type,z_score,ca_par_article,part_ca,cumsum_ca,part_quantite,cumsum_quantite,rotation_mensuelle,mois_de_stock,valorisation_stock_euros,prix_vente_ht,taux_marge
612,4142.0,1.0,53.0,125.0,instock,32.15,11641,4.0,Champagne,product,0.7488790978700584,212.0,0.0014755000866508304,0.5614302189377653,0.0006955312119631368,0.9673100330377296,4.0,31.25,4018.75,44.16666666666667,0.2720754716981133
521,6126.0,1.0,135.0,138.0,instock,80.33,14923,5.0,Champagne,product,3.7202884414883886,675.0,0.004697936596647691,0.06442089057566079,0.000869414014953921,0.8958442010085212,5.0,27.6,11085.539999999999,112.5,0.2859555555555556
626,4356.0,1.0,51.6,81.0,instock,31.0,12585,3.0,Champagne,product,0.6981477188326722,154.8,0.0010773934594978706,0.7651943449371205,0.0005216484089723526,0.9751347591723152,3.0,27.0,2511.0,43.0,0.27906976744186046
544,4348.0,1.0,59.0,125.0,instock,34.76,12586,5.0,Champagne,product,0.9662992937445702,295.0,0.0020531722903867687,0.33214620535481243,0.000869414014953921,0.9158407233524606,5.0,25.0,4345.0,49.16666666666667,0.2930169491525425
656,4148.0,1.0,37.5,71.0,instock,21.88,1364,3.0,Champagne,product,0.18721025852756906,112.5,0.0007829894327746153,0.9255832923278867,0.0005216484089723526,0.9907842114414871,3.0,23.666666666666668,1553.48,31.25,0.29984000000000005
562,4357.0,1.0,39.0,115.0,instock,22.3,9562,5.0,Champagne,product,0.24156530749619706,195.0,0.0013571816834759998,0.6235564284824415,0.000869414014953921,0.9314901756216305,5.0,23.0,2564.5,32.5,0.31384615384615383
569,4144.0,1.0,49.0,91.0,instock,27.73,1662,4.0,Champagne,product,0.6039323006203837,196.0,0.0013641415895451075,0.6153959386164128,0.0006955312119631368,0.9374021909233169,4.0,22.75,2523.43,40.833333333333336,0.3208979591836735
459,5025.0,1.0,112.0,136.0,instock,68.6,13914,6.0,Champagne,product,2.8868443573027593,672.0,0.004677056878440369,0.06909794745410117,0.0010432968179447052,0.8323769779168865,6.0,22.666666666666668,9329.599999999999,93.33333333333334,0.2650000000000001
389,4350.0,1.0,79.5,145.0,instock,47.3,12588,7.0,Champagne,product,1.709151629649153,556.5,0.00387318772745843,0.10275814117612668,0.0012171796209354895,0.7475221700573843,7.0,20.714285714285715,6858.5,66.25,0.2860377358490567
495,4150.0,1.0,59.0,123.0,instock,35.45,1366,6.0,Champagne,product,0.9662992937445702,354.0,0.0024638067484641225,0.23293483231150314,0.0010432968179447052,0.8699356633628951,6.0,20.5,4360.35,49.16666666666667,0.2789830508474576
444,4334.0,1.0,49.0,142.0,instock,30.01,7818,7.0,Champagne,product,0.6039323006203837,343.0,0.002387247781703938,0.2620063599621661,0.0012171796209354895,0.8144670492088358,7.0,20.285714285714285,4261.42,40.833333333333336,0.2650612244897959
542,4149.0,1.0,69.0,101.0,instock,40.25,7086,5.0,Champagne,product,1.3286662868687569,345.0,0.0024011675938421535,0.25243648911714295,0.000869414014953921,0.9141018953225528,5.0,20.2,4065.25,57.5,0.3
681,5612.0,1.0,124.8,19.0,instock,66.41,14915,1.0,Vin,product,3.350674108501718,124.8,0.0008685962774246398,0.8817557198248054,0.0001738828029907842,0.9987828203790639,1.0,19.0,1261.79,104.0,0.36144230769230773
679,4582.0,1.0,109.6,18.0,instock,53.8,12857,1.0,Vin,product,2.7998762789529543,109.6,0.0007628057051742029,0.9340708977791634,0.0001738828029907842,0.9984350547730823,1.0,18.0,968.4,91.33333333333333,0.41094890510948906
514,5024.0,1.0,45.0,103.0,instock,27.04,11996,6.0,Champagne,product,0.45898550337070904,270.0,0.0018791746386590765,0.3967905089152916,0.0010432968179447052,0.8897583029038441,6.0,17.166666666666668,2785.12,37.5,0.27893333333333337
493,4970.0,1.0,49.5,100.0,instock,28.59,11225,6.0,Champagne,product,0.622050650276593,297.0,0.002067092102524984,0.33009303306442567,0.0010432968179447052,0.8678490697270057,6.0,16.666666666666668,2859.0,41.25,0.3069090909090909
458,5892.0,1.0,191.3,98.0,instock,116.06,14983,6.0,Champagne,product,5.760414612777559,1147.8000000000002,0.00798858018612181,0.025214347707163347,0.0010432968179447052,0.8313336810989418,6.0,16.333333333333332,11373.880000000001,159.41666666666669,0.27197072660742294
390,4359.0,1.0,85.6,112.0,instock,51.93,13853,7.0,Champagne,product,1.9301954954549065,599.1999999999999,0.004170375716609328,0.09070010391139761,0.0012171796209354895,0.7487393496783198,7.0,16.0,5816.16,71.33333333333333,0.27200934579439245
378,4141.0,1.0,39.0,123.0,instock,24.86,304,8.0,Champagne,product,0.24156530749619706,312.0,0.0021714906935615995,0.30478959855957777,0.0013910624239262736,0.7325682490001768,8.0,15.375,3057.7799999999997,32.5,0.2350769230769231
476,4146.0,1.0,29.5,86.0,instock,17.55,1360,6.0,Champagne,product,-0.10268333597178023,177.0,0.0012319033742320613,0.6893821760981517,0.0010432968179447052,0.8501130238219461,6.0,14.333333333333334,1509.3,24.583333333333336,0.2861016949152543
504,5027.0,1.0,62.1,79.0,instock,38.04,11997,6.0,Champagne,product,1.0786330616130682,372.6,0.002593261001349526,0.19785551374198657,0.0010432968179447052,0.8793253347243972,6.0,13.166666666666666,3005.16,51.75,0.2649275362318841
382,4147.0,1.0,33.0,100.0,instock,18.48,15648,8.0,Champagne,product,0.024145111621685086,264.0,0.0018374152022444304,0.4171353583412039,0.0013910624239262736,0.7381324986958819,8.0,12.5,1848.0,27.5,0.32799999999999996
241,5761.0,1.0,19.5,125.0,instock,12.07,13849,10.0,Huile d'olive,product,-0.46505032909596683,195.0,0.0013571816834759998,0.6221992467989655,0.001738828029907842,0.5242566510172147,10.0,12.5,1508.75,16.25,0.2572307692307692
489,4336.0,1.0,35.5,73.0,instock,21.12,13599,6.0,Champagne,product,0.11473685990273175,213.0,0.0014824599927199381,0.5584792187644636,0.0010432968179447052,0.863675882455227,6.0,12.166666666666666,1541.76,29.583333333333336,0.2860845070422535
680,4115.0,1.0,100.0,12.0,instock,52.7,15382,1.0,Vin,product,2.4520039655537356,100.0,0.0006959906069107691,0.9654572901884108,0.0001738828029907842,0.998608937576073,1.0,12.0,632.4000000000001,83.33333333333334,0.36760000000000004
304,5026.0,1.0,86.8,101.0,instock,50.13,13913,9.0,Champagne,product,1.973679534629809,781.1999999999999,0.005437078621186928,0.04973548876984356,0.001564945226917058,0.6256303251608436,9.0,11.222222222222221,5063.13,72.33333333333333,0.306958525345622
363,4358.0,1.0,77.0,81.0,instock,47.16,13854,8.0,Champagne,product,1.6185598813681061,616.0,0.004287302138570337,0.08652972819478828,0.0013910624239262736,0.7117023126412826,8.0,10.125,3819.9599999999996,64.16666666666667,0.26503896103896113
384,5047.0,1.0,22.5,76.0,instock,13.78,531,8.0,Champagne,product,-0.3563402311587109,180.0,0.0012527830924393844,0.6794538700905695,0.0013910624239262736,0.7409146235437345,8.0,9.5,1047.28,18.75,0.26506666666666673
43,4353.0,1.0,79.5,127.0,instock,45.91,12587,14.0,Champagne,product,1.709151629649153,1113.0,0.00774637545491686,0.03296072316208021,0.002434359241870979,0.12745609459224488,14.0,9.071428571428571,5830.57,66.25,0.30701886792452837
661,5001.0,1.0,217.5,18.0,instock,116.87,14581,2.0,Vin,product,6.709816134762928,435.0,0.0030275591400618458,0.15589354406072936,0.0003477656059815684,0.9925230394713951,2.0,9.0,2103.66,181.25,0.35519999999999996
657,6216.0,1.0,121.0,14.0,instock,60.02,15070,2.0,Vin,product,3.212974651114527,242.0,0.0016842972687240612,0.46463184532861546,0.0003477656059815684,0.9911319770474687,2.0,7.0,840.2800000000001,100.83333333333334,0.4047603305785124
667,4903.0,1.0,102.3,12.0,instock,51.8,14805,2.0,Vin,product,2.5353483739722984,204.6,0.0014239967817394335,0.5890415582951295,0.0003477656059815684,0.9946096331072847,2.0,6.0,621.5999999999999,85.25,0.392375366568915
641,5007.0,1.0,105.0,15.0,instock,55.88,12791,3.0,Vin,product,2.6331874621158287,315.0,0.0021923704117689227,0.29175230251092527,0.0005216484089723526,0.9829594853069011,3.0,5.0,838.2,87.5,0.36137142857142857
586,4404.0,1.0,108.5,17.0,instock,52.22,3507,4.0,Cognac,product,2.7600159097092942,434.0,0.003020599233992738,0.1589141432947221,0.0006955312119631368,0.9492262215266893,4.0,4.25,887.74,90.41666666666667,0.42245161290322586
652,5917.0,1.0,122.0,12.0,instock,54.24,14775,3.0,Whisky,product,3.249211350426946,366.0,0.0025473256212934147,0.20553229013621238,0.0005216484089723526,0.9886976178055975,3.0,4.0,650.88,101.66666666666667,0.46649180327868855
640,5918.0,1.0,114.0,12.0,instock,52.25,14773,3.0,Whisky,product,2.9593177559275965,342.0,0.0023802878756348303,0.26676693571343574,0.0005216484089723526,0.9824378368979287,3.0,4.0,627.0,95.0,0.45
651,4402.0,1.0,176.0,11.0,instock,78.25,3510,3.0,Cognac,product,5.205993113297554,528.0,0.003674830404488861,0.11017461708336784,0.0005216484089723526,0.9881759693966251,3.0,3.6666666666666665,860.75,146.66666666666669,0.4664772727272728
93,6738.0,1.0,15.4,42.0,instock,8.12,8193,12.0,Vin,product,-0.6136207962768834,184.8,0.0012861906415711014,0.6617203774217866,0.0020865936358894104,0.24134933055120858,12.0,3.5,341.03999999999996,12.833333333333334,0.36727272727272736
193,4075.0,1.0,14.7,35.0,instock,7.97,16069,10.0,Vin,product,-0.6389864857955765,147.0,0.0010231061921588305,0.7988155631851591,0.001738828029907842,0.4407929055816384,10.0,3.5,278.95,12.25,0.34938775510204084
196,4208.0,1.0,7.6,35.0,instock,3.77,16024,10.0,Vin,product,-0.8962670509137489,76.0,0.0005289528612521845,0.993179292052274,0.001738828029907842,0.4460093896713619,10.0,3.5,131.95,6.333333333333333,0.4047368421052631
139,4050.0,1.0,21.8,42.0,instock,11.26,16449,12.0,Vin,product,-0.3817059206774039,261.6,0.001820711427678572,0.4262778909535838,0.0020865936358894104,0.33733263780212197,12.0,3.5,472.92,18.166666666666668,0.38018348623853215
112,4703.0,1.0,19.8,42.0,instock,9.72,15465,12.0,Vin,product,-0.4541793193022412,237.60000000000002,0.0016536736820199876,0.47129665138039295,0.0020865936358894104,0.2809946096331076,12.0,3.5,408.24,16.5,0.4109090909090909
36,6618.0,1.0,13.5,49.0,instock,7.18,15539,14.0,Vin,product,-0.6824705249704788,189.0,0.0013154222470613537,0.6435619824874845,0.002434359241870979,0.110415579899148,14.0,3.5,351.82,11.25,0.3617777777777778
600,6215.0,1.0,115.0,14.0,instock,56.45,12790,4.0,Vin,product,2.9955544552400153,460.0,0.003201556791789538,0.14044603254034485,0.0006955312119631368,0.9589636584941725,4.0,3.5,790.3000000000001,95.83333333333334,0.41095652173913044
141,4731.0,1.0,22.0,42.0,instock,11.03,8344,12.0,Vin,product,-0.37445858081492017,264.0,0.0018374152022444304,0.41162311273447055,0.0020865936358894104,0.3415058250739008,12.0,3.5,463.26,18.333333333333336,0.3983636363636365
100,4776.0,1.0,6.8,42.0,instock,3.48,14302,12.0,Vin,product,-0.9252564103636838,81.6,0.0005679283352391875,0.9882843901138705,0.0020865936358894104,0.2559554860024345,12.0,3.5,146.16,5.666666666666667,0.3858823529411765
20,4306.0,1.0,10.7,52.0,instock,5.31,15949,15.0,Vin,product,-0.7839332830452511,160.5,0.0011170649240917845,0.7432469771387964,0.0026082420448617634,0.06903147278734136,15.0,3.466666666666667,276.12,8.916666666666666,0.40448598130841124
67,6128.0,1.0,10.6,45.0,instock,5.64,14569,13.0,Vin,product,-0.7875569529764929,137.79999999999998,0.0009590750563230398,0.8432886669761506,0.0022604764388801948,0.18275082594331432,13.0,3.4615384615384617,253.79999999999998,8.833333333333334,0.3615094339622642
83,5019.0,1.0,19.8,45.0,instock,10.43,14696,13.0,Vin,product,-0.4541793193022412,257.40000000000003,0.00179147982218832,0.4335050574157452,0.0022604764388801948,0.21891844896539742,13.0,3.4615384615384617,469.34999999999997,16.5,0.3678787878787879
187,4056.0,1.0,12.7,38.0,instock,6.36,16029,11.0,Vin,product,-0.7114598844204137,139.7,0.0009722988778543444,0.8278453313994074,0.0019127108328986263,0.4294905233872375,11.0,3.4545454545454546,241.68,10.583333333333334,0.39905511811023625
183,4733.0,1.0,16.8,38.0,instock,8.42,15576,11.0,Vin,product,-0.5628894172394973,184.8,0.0012861906415711014,0.6604341867802155,0.0019127108328986263,0.421839680055643,11.0,3.4545454545454546,319.96,14.000000000000002,0.39857142857142863
164,4925.0,1.0,23.2,38.0,instock,11.39,16277,11.0,Vin,product,-0.3309745416400178,255.2,0.0017761680288362826,0.43706852932312834,0.0019127108328986263,0.38549817423056915,11.0,3.4545454545454546,432.82000000000005,19.333333333333332,0.4108620689655172
172,5906.0,1.0,19.8,38.0,instock,9.72,15857,11.0,Vin,product,-0.4541793193022412,217.8,0.0015158675418516553,0.5435133327440613,0.0019127108328986263,0.40079986089375813,11.0,3.4545454545454546,369.36,16.5,0.4109090909090909
169,6205.0,1.0,20.2,38.0,instock,10.54,16565,11.0,Vin,product,-0.43968463957727383,222.2,0.0015464911285557289,0.5190485669205407,0.0019127108328986263,0.39506172839506226,11.0,3.4545454545454546,400.52,16.833333333333332,0.37386138613861386
142,6280.0,1.0,10.4,38.0,instock,5.53,15654,11.0,Vin,product,-0.7948042928389767,114.4,0.0007962132543059199,0.9184737482782932,0.0019127108328986263,0.34341853590679944,11.0,3.4545454545454546,210.14000000000001,8.666666666666668,0.36192307692307696
288,4740.0,1.0,9.7,31.0,instock,5.21,13412,9.0,Vin,product,-0.8201699823576698,87.3,0.0006075997998331015,0.9829663258864654,0.001564945226917058,0.6005912015301703,9.0,3.4444444444444446,161.51,8.083333333333334,0.3554639175257732
315,4678.0,1.0,29.8,31.0,instock,15.09,15281,9.0,Vin,product,-0.09181232617805461,268.2,0.0018666468077346828,0.4005300664462232,0.001564945226917058,0.6428447226569315,9.0,3.4444444444444446,467.79,24.833333333333336,0.3923489932885907
311,4675.0,1.0,10.7,31.0,instock,5.64,13762,9.0,Vin,product,-0.7839332830452511,96.3,0.0006702389544550706,0.9702352657048532,0.001564945226917058,0.6365849417492632,9.0,3.4444444444444446,174.84,8.916666666666666,0.3674766355140187
448,4674.0,1.0,19.0,24.0,instock,9.91,16056,7.0,Vin,product,-0.4831686787521762,133.0,0.0009256675071913229,0.8602492620759591,0.0012171796209354895,0.8193357676925778,7.0,3.4285714285714284,237.84,15.833333333333334,0.3741052631578948
421,5696.0,1.0,17.5,24.0,instock,9.49,15797,7.0,Vin,product,-0.5375237277208041,122.5,0.0008525884934656922,0.8877725586215489,0.0012171796209354895,0.7864719179273197,7.0,3.4285714285714284,227.76,14.583333333333334,0.3492571428571429
422,4914.0,1.0,25.9,24.0,instock,12.98,15613,7.0,Vin,product,-0.23313545349648745,181.29999999999998,0.0012618309703292243,0.6719183797895465,0.0012171796209354895,0.7876890975482552,7.0,3.4285714285714284,311.52,21.583333333333332,0.3986100386100386
408,4601.0,1.0,16.1,24.0,instock,8.57,16151,7.0,Vin,product,-0.5882551067581903,112.70000000000002,0.0007843814139884369,0.9248003028951121,0.0012171796209354895,0.7706485828551585,7.0,3.4285714285714284,205.68,13.416666666666668,0.36124223602484473
447,4924.0,1.0,12.8,24.0,instock,6.28,16276,7.0,Vin,product,-0.7078362144891719,89.60000000000001,0.0006236075837920492,0.9799018792442372,0.0012171796209354895,0.8181185880716423,7.0,3.4285714285714284,150.72,10.666666666666668,0.41125000000000006
445,5760.0,1.0,13.1,24.0,instock,8.43,11258,7.0,Huile d'olive,product,-0.6969652046954462,91.7,0.0006382233865371753,0.9754934747400642,0.0012171796209354895,0.8156842288297713,7.0,3.4285714285714284,202.32,10.916666666666666,0.22778625954198473
136,4607.0,1.0,13.4,41.0,instock,7.13,15146,12.0,Vin,product,-0.6860941949017207,160.8,0.0011191528959125167,0.7421299122147046,0.0020865936358894104,0.3310728568944537,12.0,3.4166666666666665,292.33,11.166666666666668,0.3614925373134329
110,5375.0,1.0,15.2,41.0,instock,8.09,15755,12.0,Vin,product,-0.6208681361393671,182.39999999999998,0.0012694868670052428,0.6706565488192173,0.0020865936358894104,0.27682142236132873,12.0,3.4166666666666665,331.69,12.666666666666666,0.3613157894736842
9,6569.0,1.0,29.0,58.0,instock,15.28,15705,17.0,Vin,product,-0.12080168562798956,493.0,0.003431233692070092,0.12422945139932391,0.0029560076508433316,0.03877586506694489,17.0,3.411764705882353,886.24,24.166666666666668,0.36772413793103453
5,6129.0,1.0,5.2,68.0,instock,2.74,14570,20.0,Vin,product,-0.9832351292635537,104.0,0.0007238302311871999,0.9519745601513357,0.003477656059815684,0.026256303251608416,20.0,3.4,186.32000000000002,4.333333333333334,0.3676923076923077
251,5963.0,1.0,13.5,34.0,instock,6.63,15574,10.0,Vin,product,-0.6824705249704788,135.0,0.0009395873193295383,0.8528077305068692,0.001738828029907842,0.5416449313162935,10.0,3.4,225.42,11.25,0.4106666666666667
243,4610.0,1.0,13.1,34.0,instock,6.5,15801,10.0,Vin,product,-0.6969652046954462,131.0,0.0009117476950531075,0.8657684675887616,0.001738828029907842,0.5277343070770305,10.0,3.4,221.0,10.916666666666666,0.4045801526717557
528,4673.0,1.0,19.8,17.0,instock,10.33,16057,5.0,Vin,product,-0.4541793193022412,99.0,0.0006890307008416614,0.9668381355525217,0.000869414014953921,0.9019300991131984,5.0,3.4,175.61,16.5,0.37393939393939396
218,4912.0,1.0,25.9,34.0,instock,12.98,15612,10.0,Vin,product,-0.23313545349648745,259.0,0.001802615671898892,0.4317135775935569,0.001738828029907842,0.484263606329334,10.0,3.4,441.32,21.583333333333332,0.3986100386100386
228,4931.0,1.0,27.8,34.0,instock,15.08,16280,10.0,Vin,product,-0.16428572480289194,278.0,0.001934853887211938,0.3777753495438826,0.001738828029907842,0.5016518866284123,10.0,3.4,512.72,23.166666666666668,0.3490647482014389
21,6093.0,1.0,12.6,51.0,instock,6.71,15487,15.0,Vin,product,-0.7150835543516556,189.0,0.0013154222470613537,0.6448774047345459,0.0026082420448617634,0.07163971483220312,15.0,3.4,342.21,10.5,0.36095238095238097
30,4159.0,1.0,9.3,51.0,instock,4.9,15668,15.0,Vin,product,-0.8346646620826371,139.5,0.0009709068966405229,0.8297871451926884,0.0026082420448617634,0.095113893235959,15.0,3.4,249.9,7.750000000000001,0.367741935483871
68,4156.0,1.0,20.35,44.0,instock,10.3,14941,13.0,Vin,product,-0.43424913468041093,264.55,0.0018412431505824397,0.4097856975322261,0.0022604764388801948,0.18501130238219451,13.0,3.3846153846153846,453.20000000000005,16.958333333333336,0.39262899262899265
350,4066.0,1.0,20.8,27.0,instock,10.42,15967,8.0,Vin,product,-0.4179426199898226,166.4,0.0011581283698995199,0.7250503027211145,0.0013910624239262736,0.6936185011302409,8.0,3.375,281.34,17.333333333333336,0.3988461538461539
346,4789.0,1.0,11.1,27.0,instock,5.96,15316,8.0,Vin,product,-0.7694386033202836,88.8,0.0006180396589367629,0.980519918903174,0.0013910624239262736,0.6880542514345358,8.0,3.375,160.92,9.25,0.3556756756756757
14,4863.0,1.0,8.2,54.0,instock,4.11,16255,16.0,Vin,product,-0.8745250313262978,131.2,0.0009131396762669289,0.8648567198937085,0.0027821248478525473,0.05286037210919842,16.0,3.375,221.94000000000003,6.833333333333333,0.39853658536585357
358,4734.0,1.0,15.3,27.0,instock,8.22,16138,8.0,Vin,product,-0.6172444662081252,122.4,0.0008518925028587815,0.8903296281113391,0.0013910624239262736,0.7047470005216512,8.0,3.375,221.94000000000003,12.750000000000002,0.35529411764705887
344,4085.0,1.0,19.0,27.0,instock,9.82,16462,8.0,Vin,product,-0.4831686787521762,152.0,0.001057905722504369,0.779089797404094,0.0013910624239262736,0.6852721265866832,8.0,3.375,265.14,15.833333333333334,0.3797894736842105
359,4791.0,1.0,13.6,27.0,instock,7.38,14599,8.0,Vin,product,-0.6788468550392369,108.8,0.0007572377803189168,0.9401406318620321,0.0013910624239262736,0.7061380629455775,8.0,3.375,199.26,11.333333333333334,0.34882352941176475
0,4867.0,1.0,9.9,121.0,instock,4.86,16148,36.0,Vin,product,-0.8129226424951861,356.40000000000003,0.0024805105230299813,0.2279932990024367,0.006259780907668232,0.006259780907668232,36.0,3.361111111111111,588.0600000000001,8.25,0.4109090909090909
44,4755.0,1.0,7.4,47.0,instock,3.98,16132,14.0,Vin,product,-0.9035143907762327,103.60000000000001,0.0007210462687595569,0.9541432668824696,0.002434359241870979,0.12989045383411588,14.0,3.357142857142857,187.06,6.166666666666667,0.35459459459459464
94,5960.0,1.0,12.7,40.0,instock,6.36,15892,12.0,Vin,product,-0.7114598844204137,152.39999999999998,0.001060689684932012,0.7769712019966576,0.0020865936358894104,0.243435924187098,12.0,3.3333333333333335,254.4,10.583333333333334,0.39905511811023625
639,4788.0,1.0,12.3,10.0,instock,6.29,15731,3.0,Vin,product,-0.7259545641453812,36.900000000000006,0.0002568205339500738,0.9996791483302135,0.0005216484089723526,0.9819161884889563,3.0,3.3333333333333335,62.9,10.250000000000002,0.38634146341463427
638,5383.0,1.0,19.5,10.0,instock,10.18,3383,3.0,Vin,product,-0.46505032909596683,58.5,0.0004071545050427999,0.9984033975477461,0.0005216484089723526,0.981394540079984,3.0,3.3333333333333335,101.8,16.25,0.37353846153846154
323,4892.0,1.0,20.1,30.0,instock,10.9,15952,9.0,Vin,product,-0.4433083095085156,180.9,0.0012590470079015814,0.6744371697959566,0.001564945226917058,0.6553642844722681,9.0,3.3333333333333335,327.0,16.750000000000004,0.3492537313432837
296,4739.0,1.0,7.4,30.0,instock,3.75,14366,9.0,Vin,product,-0.9035143907762327,66.60000000000001,0.0004635297442025723,0.9966752528707866,0.001564945226917058,0.613110763345507,9.0,3.3333333333333335,112.5,6.166666666666667,0.39189189189189194
272,6049.0,1.0,21.8,30.0,instock,10.81,14899,9.0,Vin,product,-0.3817059206774039,196.20000000000002,0.0013655335707589292,0.6140317970268677,0.001564945226917058,0.575552077899497,9.0,3.3333333333333335,324.3,18.166666666666668,0.404954128440367
22,4204.0,1.0,11.3,50.0,instock,5.96,15414,15.0,Vin,product,-0.7621912634577999,169.5,0.0011797040787137536,0.7087000913835669,0.0026082420448617634,0.07424795687706488,15.0,3.3333333333333335,298.0,9.416666666666668,0.3670796460176992
271,4062.0,1.0,11.9,30.0,instock,6.27,16320,9.0,Vin,product,-0.7404492438703487,107.10000000000001,0.0007454059400014338,0.9438920212332811,0.001564945226917058,0.57398713267258,9.0,3.3333333333333335,188.1,9.916666666666668,0.3677310924369749
306,5779.0,1.0,5.8,30.0,instock,2.88,16213,9.0,Vin,product,-0.9614931096761025,52.199999999999996,0.00036330709680742145,0.9987667046445535,0.001564945226917058,0.6287602156146778,9.0,3.3333333333333335,86.39999999999999,4.833333333333333,0.40413793103448276
325,4153.0,1.0,29.0,30.0,instock,15.13,16237,9.0,Vin,product,-0.12080168562798956,261.0,0.0018165354840371075,0.4280944264376209,0.001564945226917058,0.6584941749261023,9.0,3.3333333333333335,453.90000000000003,24.166666666666668,0.3739310344827586
320,4228.0,1.0,29.9,30.0,instock,16.07,12657,9.0,Vin,product,-0.08818865624681281,269.09999999999997,0.0018729107231968793,0.3986634196384885,0.001564945226917058,0.6506694487915169,9.0,3.3333333333333335,482.1,24.916666666666668,0.3550501672240803
317,4704.0,1.0,18.2,30.0,instock,9.22,15004,9.0,Vin,product,-0.5121580382021111,163.79999999999998,0.0011400326141198396,0.7342325067980883,0.001564945226917058,0.6459746131107656,9.0,3.3333333333333335,276.6,15.166666666666666,0.39208791208791205
65,4182.0,1.0,16.7,43.0,instock,8.46,15747,13.0,Vin,product,-0.5665130871707391,217.1,0.0015109956076032798,0.5450243283516646,0.0022604764388801948,0.17822987306555393,13.0,3.3076923076923075,363.78000000000003,13.916666666666666,0.39209580838323344
63,4181.0,1.0,11.9,43.0,instock,6.21,16560,13.0,Vin,product,-0.7404492438703487,154.70000000000002,0.0010766974688909599,0.7684251333344002,0.0022604764388801948,0.17370892018779355,13.0,3.3076923076923075,267.03,9.916666666666668,0.3737815126050421
54,4262.0,1.0,15.8,43.0,instock,8.33,15663,13.0,Vin,product,-0.5991261165519158,205.4,0.0014295647065947197,0.5861935647316506,0.0022604764388801948,0.1533646322378718,13.0,3.3076923076923075,358.19,13.166666666666668,0.3673417721518988
50,4174.0,1.0,5.7,43.0,instock,2.92,16209,13.0,Vin,product,-0.9651167796073444,74.10000000000001,0.0005157290397208799,0.9952693518448269,0.0022604764388801948,0.14432272648235103,13.0,3.3076923076923075,125.56,4.75,0.38526315789473686
205,4297.0,1.0,19.0,33.0,instock,10.31,16246,10.0,Vin,product,-0.4831686787521762,190.0,0.0013223821531304612,0.6382947255743838,0.001738828029907842,0.4616588419405323,10.0,3.3,340.23,15.833333333333334,0.3488421052631579
194,4155.0,1.0,14.5,33.0,instock,7.27,14944,10.0,Vin,product,-0.6462338256580602,145.0,0.0010091863800206153,0.8120122410827942,0.001738828029907842,0.44253173361154624,10.0,3.3,239.91,12.083333333333334,0.398344827586207
446,4939.0,1.0,12.9,23.0,instock,6.53,15338,7.0,Vin,product,-0.70421254455793,90.3,0.0006284795180404245,0.9786518801142254,0.0012171796209354895,0.8169014084507068,7.0,3.2857142857142856,150.19,10.75,0.3925581395348837
400,4799.0,1.0,14.9,23.0,instock,7.39,15811,7.0,Vin,product,-0.6317391459330928,104.3,0.0007259182030079322,0.9505268996889614,0.0012171796209354895,0.7609111458876746,7.0,3.2857142857142856,169.97,12.416666666666668,0.40483221476510073
409,4752.0,1.0,27.9,23.0,instock,13.69,14184,7.0,Vin,product,-0.16066205487165014,195.29999999999998,0.001359269655296732,0.6208420651154896,0.0012171796209354895,0.771865762476094,7.0,3.2857142857142856,314.87,23.25,0.41118279569892474
455,5705.0,1.0,19.8,23.0,instock,9.82,15360,7.0,Vin,product,-0.4541793193022412,138.6,0.0009646429811783259,0.8365605257791442,0.0012171796209354895,0.8278560250391261,7.0,3.2857142857142856,225.86,16.5,0.40484848484848485
449,4614.0,1.0,19.0,23.0,instock,10.31,15875,7.0,Vin,product,-0.4831686787521762,133.0,0.0009256675071913229,0.8593235945687677,0.0012171796209354895,0.8205529473135132,7.0,3.2857142857142856,237.13000000000002,15.833333333333334,0.3488421052631579
453,4183.0,1.0,21.4,23.0,instock,10.61,15746,7.0,Vin,product,-0.39620060040237143,149.79999999999998,0.001042593929152332,0.7843431345050565,0.0012171796209354895,0.8254216657972552,7.0,3.2857142857142856,244.02999999999997,17.833333333333332,0.4050467289719626
40,5439.0,1.0,13.2,46.0,instock,6.68,15649,14.0,Vin,product,-0.6933415347642045,184.79999999999998,0.0012861906415711011,0.6630065680633577,0.002434359241870979,0.12015301686663192,14.0,3.2857142857142856,307.28,11.0,0.39272727272727276
438,4084.0,1.0,23.2,23.0,instock,11.63,16014,7.0,Vin,product,-0.3309745416400178,162.4,0.001130288745623089,0.7387696695645395,0.0012171796209354895,0.8071639714832229,7.0,3.2857142857142856,267.49,19.333333333333332,0.3984482758620689
431,4151.0,1.0,13.7,23.0,instock,7.36,15140,7.0,Vin,product,-0.6752231851079951,95.89999999999999,0.0006674549920274275,0.9729078696353907,0.0012171796209354895,0.7986437141366746,7.0,3.2857142857142856,169.28,11.416666666666666,0.3553284671532846
427,4686.0,1.0,14.0,23.0,instock,7.31,16324,7.0,Vin,product,-0.6643521753142695,98.0,0.0006820707947725538,0.9682064530857083,0.0012171796209354895,0.7937749956529326,7.0,3.2857142857142856,168.13,11.666666666666668,0.3734285714285715
417,4954.0,1.0,25.0,23.0,instock,13.3,bon-cadeau-25-euros,7.0,,product,-0.2657484828776642,175.0,0.001217983562093846,0.6942735980835205,0.0012171796209354895,0.7816031994435778,7.0,3.2857142857142856,305.90000000000003,20.833333333333336,0.36160000000000003
143,4779.0,1.0,7.8,36.0,instock,4.07,14300,11.0,Vin,product,-0.8890197110512652,85.8,0.0005971599407294399,0.984162037749138,0.0019127108328986263,0.34533124673969806,11.0,3.272727272727273,146.52,6.5,0.37384615384615383
176,4160.0,1.0,9.3,36.0,instock,4.85,15373,11.0,Vin,product,-0.8346646620826371,102.30000000000001,0.0007119983908697168,0.9591550952428339,0.0019127108328986263,0.4084507042253526,11.0,3.272727272727273,174.6,7.750000000000001,0.3741935483870969
28,4173.0,1.0,5.7,49.0,instock,2.97,16211,15.0,Vin,product,-0.9651167796073444,85.5,0.0005950719689087076,0.9859493416276849,0.0026082420448617634,0.08989740914623547,15.0,3.2666666666666666,145.53,4.75,0.3747368421052631
107,5377.0,1.0,19.0,39.0,instock,10.01,15677,12.0,Vin,product,-0.4831686787521762,228.0,0.0015868585837565535,0.5002832681770126,0.0020865936358894104,0.27056164145366046,12.0,3.25,390.39,15.833333333333334,0.36778947368421055
380,6225.0,1.0,20.4,26.0,instock,10.22,15162,8.0,Vin,product,-0.4324372997147901,163.2,0.001135856670478375,0.7365083960826865,0.0013910624239262736,0.7353503738480294,8.0,3.25,265.72,17.0,0.3988235294117647
366,5000.0,1.0,27.3,26.0,instock,14.53,15868,8.0,Vin,product,-0.18240407445910126,218.4,0.0015200434854931197,0.5404774217167165,0.0013910624239262736,0.7158754999130614,8.0,3.25,377.78,22.75,0.36131868131868133
138,4940.0,1.0,20.5,39.0,instock,11.02,15337,12.0,Vin,product,-0.4288136297835482,246.0,0.001712136893000492,0.4578619446951944,0.0020865936358894104,0.33524604416623255,12.0,3.25,429.78,17.083333333333336,0.3549268292682928
599,5739.0,1.0,10.7,13.0,instock,5.53,16003,4.0,Vin,product,-0.7839332830452511,42.8,0.00029788397975780915,0.9994223277962635,0.0006955312119631368,0.9582681272822094,4.0,3.25,71.89,8.916666666666666,0.3798130841121495
329,4187.0,1.0,13.3,26.0,instock,6.67,16189,8.0,Vin,product,-0.6897178648329625,106.4,0.0007405340057530583,0.9453758732072148,0.0013910624239262736,0.664406190227789,8.0,3.25,173.42,11.083333333333334,0.39819548872180455
368,4288.0,1.0,26.7,26.0,instock,14.48,15292,8.0,Vin,product,-0.2041460940465525,213.6,0.0014866359363614027,0.555512210807203,0.0013910624239262736,0.718657624760914,8.0,3.25,376.48,22.25,0.34921348314606737
377,4929.0,1.0,16.7,26.0,instock,8.28,15927,8.0,Vin,product,-0.5665130871707391,133.6,0.0009298434508327875,0.8565417201129454,0.0013910624239262736,0.7311771865762505,8.0,3.25,215.27999999999997,13.916666666666666,0.4050299401197605
79,4221.0,1.0,12.8,42.0,instock,6.48,15829,13.0,Vin,product,-0.7078362144891719,166.4,0.0011581283698995199,0.726208431091014,0.0022604764388801948,0.20987654320987664,13.0,3.230769230769231,272.16,10.666666666666668,0.3925
90,4095.0,1.0,12.6,42.0,instock,6.31,16120,13.0,Vin,product,-0.7150835543516556,163.79999999999998,0.0011400326141198396,0.7353725394122081,0.0022604764388801948,0.23474178403755877,13.0,3.230769230769231,265.02,10.5,0.3990476190476191
260,5693.0,1.0,13.0,29.0,instock,6.52,15812,9.0,Vin,product,-0.7005888746266882,117.0,0.0008143090100855998,0.9112545857081115,0.001564945226917058,0.5567727351764921,9.0,3.2222222222222223,189.07999999999998,10.833333333333334,0.39815384615384625
276,6592.0,1.0,24.4,29.0,instock,12.1,15764,9.0,Vin,product,-0.2874905024651155,219.6,0.0015283953727760488,0.5328577165522573,0.001564945226917058,0.5818118588071653,9.0,3.2222222222222223,350.9,20.333333333333332,0.4049180327868852
318,5394.0,1.0,10.7,29.0,instock,5.25,15462,9.0,Vin,product,-0.7839332830452511,96.3,0.0006702389544550706,0.9709055046593082,0.001564945226917058,0.6475395583376827,9.0,3.2222222222222223,152.25,8.916666666666666,0.41121495327102797
290,4860.0,1.0,8.7,29.0,instock,4.63,16292,9.0,Vin,product,-0.8564066816700884,78.3,0.0005449606452111322,0.9905157359996264,0.001564945226917058,0.6037210919840045,9.0,3.2222222222222223,134.27,7.25,0.3613793103448276
281,6073.0,1.0,24.5,29.0,instock,12.41,15951,9.0,Vin,product,-0.2838668325338735,220.5,0.0015346592882382458,0.5252115637447355,0.001564945226917058,0.5896365849417508,9.0,3.2222222222222223,359.89,20.416666666666668,0.3921632653061225
287,4246.0,1.0,15.3,29.0,instock,8.14,15428,9.0,Vin,product,-0.6172444662081252,137.70000000000002,0.0009583790657161291,0.8442470460418667,0.001564945226917058,0.5990262563032532,9.0,3.2222222222222223,236.06,12.750000000000002,0.36156862745098045
322,5890.0,1.0,19.3,29.0,instock,9.77,15775,9.0,Vin,product,-0.47229766895845054,173.70000000000002,0.0012089356842040061,0.7003349802791063,0.001564945226917058,0.653799339245351,9.0,3.2222222222222223,283.33,16.083333333333336,0.39253886010362704
327,4240.0,1.0,28.0,29.0,instock,14.47,15436,9.0,Vin,product,-0.15703838494040823,252.0,0.0017538963294151382,0.44058258589742083,0.001564945226917058,0.6616240653799365,9.0,3.2222222222222223,419.63,23.333333333333336,0.3798571428571429
46,4304.0,1.0,8.1,45.0,instock,4.19,15120,14.0,Vin,product,-0.8781487012575395,113.39999999999999,0.0007892533482368121,0.9232287561047076,0.002434359241870979,0.13475917231785786,14.0,3.2142857142857144,188.55,6.75,0.3792592592592592
39,4222.0,1.0,8.9,45.0,instock,4.74,15759,14.0,Vin,product,-0.8491593418076047,124.60000000000001,0.0008672042962108184,0.883490128417227,0.002434359241870979,0.11771865762476094,14.0,3.2142857142857144,213.3,7.416666666666667,0.36089887640449436
554,6665.0,1.0,27.7,16.0,instock,14.6,16068,5.0,Vin,product,-0.16790939473413385,138.5,0.0009639469905714152,0.8375244727697156,0.000869414014953921,0.9245348635019994,5.0,3.2,233.6,23.083333333333332,0.3675090252707581
550,6635.0,1.0,22.4,16.0,instock,10.99,15763,5.0,Vin,product,-0.3599639010899528,112.0,0.0007795094797400614,0.9263628018076268,0.000869414014953921,0.9210572074421839,5.0,3.2,175.84,18.666666666666668,0.41125
197,4064.0,1.0,14.4,32.0,instock,7.66,15966,10.0,Vin,product,-0.6498574955893021,144.0,0.0010022264739515075,0.8170296373680141,0.001738828029907842,0.4477482177012697,10.0,3.2,245.12,12.0,0.36166666666666664
212,4070.0,1.0,23.4,32.0,instock,12.21,15444,10.0,Vin,product,-0.3237272017775341,234.0,0.0016286180201711996,0.47785288289749234,0.001738828029907842,0.4738306381498871,10.0,3.2,390.72,19.5,0.37384615384615383
215,4192.0,1.0,17.8,32.0,instock,8.92,15605,10.0,Vin,product,-0.5266527179270786,178.0,0.001238863280301169,0.685682290031814,0.001738828029907842,0.47904712223961055,10.0,3.2,285.44,14.833333333333334,0.39865168539325846
26,4261.0,1.0,9.9,48.0,instock,5.01,15662,15.0,Vin,product,-0.8129226424951861,148.5,0.001033546051262492,0.7936749765625162,0.0026082420448617634,0.08468092505651194,15.0,3.2,240.48,8.25,0.39272727272727276
31,4865.0,1.0,9.8,48.0,instock,5.16,16274,15.0,Vin,product,-0.8165463124264278,147.0,0.0010231061921588305,0.799838669377318,0.0026082420448617634,0.09772213528082076,15.0,3.2,247.68,8.166666666666668,0.36816326530612253
249,5736.0,1.0,14.9,32.0,instock,7.31,15116,10.0,Vin,product,-0.6317391459330928,149.0,0.001037026004297046,0.7885016783813484,0.001738828029907842,0.5381672752564778,10.0,3.2,233.92,12.416666666666668,0.411275167785235
250,4780.0,1.0,13.7,32.0,instock,6.72,13096,10.0,Vin,product,-0.6752231851079951,137.0,0.0009535071314677537,0.8480694264550207,0.001738828029907842,0.5399061032863857,10.0,3.2,215.04,11.416666666666666,0.4113868613138686
524,5547.0,1.0,24.6,16.0,instock,12.71,13959,5.0,Vin,product,-0.2802431626026316,123.0,0.000856068446500246,0.886063901681583,0.000869414014953921,0.8984524430533829,5.0,3.2,203.36,20.500000000000004,0.38000000000000006
211,5443.0,1.0,23.6,32.0,instock,12.56,14809,10.0,Vin,product,-0.3164798619150503,236.0,0.001642537832309415,0.4762242648773211,0.001738828029907842,0.47209181011997925,10.0,3.2,401.92,19.666666666666668,0.36135593220338985
209,4907.0,1.0,22.9,32.0,instock,12.42,14374,10.0,Vin,product,-0.34184555143374346,229.0,0.0015938184898256613,0.49234897525822985,0.001738828029907842,0.4686141540601636,10.0,3.2,397.44,19.083333333333332,0.34917030567685586
12,4188.0,1.0,9.5,51.0,instock,5.06,16265,16.0,Vin,product,-0.8274173222201535,152.0,0.001057905722504369,0.7801477031265984,0.0027821248478525473,0.04729612241349332,16.0,3.1875,258.06,7.916666666666667,0.36084210526315796
13,5777.0,1.0,5.7,51.0,instock,3.03,14338,16.0,Vin,product,-0.9651167796073444,91.2,0.0006347434335026214,0.9761282181735669,0.0027821248478525473,0.05007824726134587,16.0,3.1875,154.53,4.75,0.36210526315789476
161,5704.0,1.0,16.9,35.0,instock,8.3,15036,11.0,Vin,product,-0.5592657473082554,185.89999999999998,0.0012938465382471196,0.6526871153346917,0.0019127108328986263,0.3797600417318733,11.0,3.1818181818181817,290.5,14.083333333333332,0.4106508875739644
190,4097.0,1.0,12.8,35.0,instock,6.48,15675,11.0,Vin,product,-0.7078362144891719,140.8,0.000979954774530363,0.8258958617094504,0.0019127108328986263,0.43522865588593335,11.0,3.1818181818181817,226.8,10.666666666666668,0.3925
152,4748.0,1.0,14.5,35.0,instock,7.42,14632,11.0,Vin,product,-0.6462338256580602,159.5,0.0011101050180226768,0.7499236150308912,0.0019127108328986263,0.36254564423578567,11.0,3.1818181818181817,259.7,12.083333333333334,0.3859310344827587
174,5899.0,1.0,28.1,35.0,instock,14.37,12339,11.0,Vin,product,-0.1534147150091663,309.1,0.0021513069659611873,0.31127831898780683,0.0019127108328986263,0.4046252825595554,11.0,3.1818181818181817,502.95,23.416666666666668,0.3863345195729538
105,4749.0,1.0,11.9,38.0,instock,6.46,15315,12.0,Vin,product,-0.7404492438703487,142.8,0.0009938745866685784,0.8180235119546827,0.0020865936358894104,0.2663884541818816,12.0,3.1666666666666665,245.48,9.916666666666668,0.34857142857142864
484,4723.0,1.0,29.0,19.0,instock,15.43,15879,6.0,Vin,product,-0.12080168562798956,174.0,0.0012110236560247383,0.6979150209388776,0.0010432968179447052,0.8584593983655036,6.0,3.1666666666666665,293.17,24.166666666666668,0.3615172413793104
126,4248.0,1.0,14.8,38.0,instock,7.49,15033,12.0,Vin,product,-0.6353628158643345,177.60000000000002,0.001236079317873526,0.6869183693496875,0.0020865936358894104,0.3102069205355595,12.0,3.1666666666666665,284.62,12.333333333333334,0.3927027027027027
109,5479.0,1.0,10.2,38.0,instock,5.16,16305,12.0,Vin,product,-0.8020516327014604,122.39999999999999,0.0008518925028587813,0.8920334131170566,0.0020865936358894104,0.2747348287254393,12.0,3.1666666666666665,196.08,8.5,0.39294117647058824
58,4963.0,1.0,7.0,41.0,instock,3.44,15958,13.0,Vin,product,-0.9180090705012002,91.0,0.0006333514522887999,0.9767615696258557,0.0022604764388801948,0.16240653799339258,13.0,3.1538461538461537,141.04,5.833333333333334,0.41028571428571436
92,4235.0,1.0,17.1,41.0,instock,9.01,13905,13.0,Vin,product,-0.5520184074457716,222.3,0.0015471871191626398,0.5175020757919849,0.0022604764388801948,0.23926273691531916,13.0,3.1538461538461537,369.40999999999997,14.250000000000002,0.3677192982456141
439,4067.0,1.0,22.0,22.0,instock,11.37,15490,7.0,Vin,product,-0.37445858081492017,154.0,0.0010718255346425843,0.7716454818725763,0.0012171796209354895,0.8083811511041584,7.0,3.142857142857143,250.14,18.333333333333336,0.37981818181818194
432,6221.0,1.0,23.5,22.0,instock,12.02,16096,7.0,Vin,product,-0.3201035318462922,164.5,0.0011449045483682152,0.7308110169745149,0.0012171796209354895,0.79986089375761,7.0,3.142857142857143,264.44,19.583333333333336,0.3862127659574469
332,5737.0,1.0,11.0,25.0,instock,5.57,15369,8.0,Vin,product,-0.7730622732515254,88.0,0.0006124717340814768,0.9817462543525508,0.0013910624239262736,0.6685793774995679,8.0,3.125,139.25,9.166666666666668,0.3923636363636364
353,5484.0,1.0,21.6,25.0,instock,11.61,15756,8.0,Vin,product,-0.3889532605398876,172.8,0.0012026717687418091,0.7039457795477594,0.0013910624239262736,0.6977916884020198,8.0,3.125,290.25,18.000000000000004,0.35500000000000015
292,4170.0,1.0,9.0,28.0,instock,4.51,15786,9.0,Vin,product,-0.8455356718763628,81.0,0.0005637523915977229,0.9894132868782797,0.001564945226917058,0.6068509824378386,9.0,3.111111111111111,126.28,7.5,0.39866666666666667
286,5446.0,1.0,16.2,28.0,instock,8.29,16328,9.0,Vin,product,-0.5846314368269484,145.79999999999998,0.0010147543048759013,0.8049305366574772,0.001564945226917058,0.5974613110763362,9.0,3.111111111111111,232.11999999999998,13.5,0.385925925925926
258,6930.0,1.0,8.4,28.0,instock,4.34,16135,9.0,Vin,product,-0.8672776914638141,75.60000000000001,0.0005261688988245415,0.9937054609510985,0.001564945226917058,0.5536428447226579,9.0,3.111111111111111,121.52,7.000000000000001,0.3800000000000001
280,4277.0,1.0,24.8,28.0,instock,12.69,14865,9.0,Vin,product,-0.27299582274014794,223.20000000000002,0.0015534510346248368,0.5144070055630527,0.001564945226917058,0.5880716397148337,9.0,3.111111111111111,355.32,20.666666666666668,0.38596774193548394
261,4934.0,1.0,22.2,28.0,instock,11.93,15554,9.0,Vin,product,-0.3672112409524365,199.79999999999998,0.0013905892326077165,0.6016661319138841,0.001564945226917058,0.5583376804034091,9.0,3.111111111111111,334.03999999999996,18.5,0.35513513513513517
227,5753.0,1.0,10.1,31.0,instock,5.01,16147,10.0,Vin,product,-0.8056753026327023,101.0,0.0007029505129798768,0.9605693481560766,0.001738828029907842,0.49991305859850443,10.0,3.1,155.31,8.416666666666666,0.4047524752475247
239,6095.0,1.0,29.8,31.0,instock,15.86,15489,10.0,Vin,product,-0.09181232617805461,298.0,0.002074052008594092,0.3259546729157342,0.001738828029907842,0.520778994957399,10.0,3.1,491.65999999999997,24.833333333333336,0.3613422818791947
168,5802.0,1.0,23.8,34.0,instock,12.54,15399,11.0,Vin,product,-0.30923252205256657,261.8,0.0018221034088923935,0.4244571795259052,0.0019127108328986263,0.39314901756216364,11.0,3.090909090909091,426.35999999999996,19.833333333333336,0.3677310924369749
160,4682.0,1.0,9.1,34.0,instock,4.84,15575,11.0,Vin,product,-0.8419120019451208,100.1,0.0006966865975176798,0.9640653089745893,0.0019127108328986263,0.37784733089897465,11.0,3.090909090909091,164.56,7.583333333333333,0.3617582417582417
121,4232.0,1.0,11.1,37.0,instock,5.62,16269,12.0,Vin,product,-0.7694386033202836,133.2,0.0009270594884051444,0.8583979270615764,0.0020865936358894104,0.29977395235611237,12.0,3.0833333333333335,207.94,9.25,0.3924324324324324
108,4280.0,1.0,18.9,37.0,instock,9.57,15690,12.0,Vin,product,-0.4867923486834181,226.79999999999998,0.0015785066964736241,0.5034465454854221,0.0020865936358894104,0.2726482350895499,12.0,3.0833333333333335,354.09000000000003,15.75,0.3923809523809524
55,7338.0,1.0,16.3,40.0,instock,8.0,16230,13.0,Vin,product,-0.5810077668957065,211.9,0.0014748040960439197,0.5658553272165041,0.0022604764388801948,0.155625108676752,13.0,3.076923076923077,320.0,13.583333333333334,0.4110429447852761
59,5444.0,1.0,15.5,40.0,instock,7.69,15155,13.0,Vin,product,-0.6099971263456415,201.5,0.0014024210729251998,0.5960954230961703,0.0022604764388801948,0.16466701443227277,13.0,3.076923076923077,307.6,12.916666666666668,0.40464516129032263
433,5900.0,1.0,18.25,21.0,instock,8.96,12869,7.0,Vin,product,-0.5103462032364902,127.75,0.0008891280003285075,0.8729723183655914,0.0012171796209354895,0.8010780733785455,7.0,3.0,188.16000000000003,15.208333333333334,0.4108493150684931
76,4927.0,1.0,6.5,39.0,instock,3.29,15425,13.0,Vin,product,-0.9361274201574095,84.5,0.0005881120628395999,0.9871304376876124,0.0022604764388801948,0.20309511389323606,13.0,3.0,128.31,5.416666666666667,0.39261538461538464
650,4904.0,1.0,137.0,9.0,instock,67.95,14220,3.0,Vin,product,3.7927618401132257,411.0,0.002860521394403261,0.17342276348638402,0.0005216484089723526,0.9876543209876527,3.0,3.0,611.5500000000001,114.16666666666667,0.4048175182481752
104,4161.0,1.0,11.6,36.0,instock,5.81,15375,12.0,Vin,product,-0.7513202536640742,139.2,0.0009688189248197905,0.8307559641175082,0.0020865936358894104,0.2643018605459922,12.0,3.0,209.16,9.666666666666666,0.3989655172413793
99,4157.0,1.0,12.0,36.0,instock,6.45,14751,12.0,Vin,product,-0.7368255739391069,144.0,0.0010022264739515075,0.8160274108940626,0.0020865936358894104,0.2538688923665451,12.0,3.0,232.20000000000002,10.0,0.355
613,5807.0,1.0,27.3,12.0,instock,13.82,15471,4.0,Vin,product,-0.18240407445910126,109.2,0.0007600217427465598,0.9355937252270842,0.0006955312119631368,0.9680055642496926,4.0,3.0,165.84,22.75,0.3925274725274725
616,6213.0,1.0,121.0,9.0,instock,63.14,15072,3.0,Vin,product,3.212974651114527,363.0,0.002526445903086092,0.20805873603929848,0.0005216484089723526,0.9699182750825912,3.0,3.0,568.26,100.83333333333334,0.3738181818181819
611,5772.0,1.0,29.7,12.0,instock,15.04,15180,4.0,Vin,product,-0.09543599610929653,118.8,0.0008268368410099937,0.9087886909878266,0.0006955312119631368,0.9666145018257665,4.0,3.0,180.48,24.75,0.39232323232323235
86,4244.0,1.0,13.5,39.0,instock,6.63,15770,13.0,Vin,product,-0.6824705249704788,175.5,0.0012214635151283997,0.6930556145214267,0.0022604764388801948,0.225699878282038,13.0,3.0,258.57,11.25,0.4106666666666667
391,4669.0,1.0,20.2,21.0,instock,10.65,16053,7.0,Vin,product,-0.43968463957727383,141.4,0.0009841307181718275,0.8219732586489013,0.0012171796209354895,0.7499565292992553,7.0,3.0,223.65,16.833333333333332,0.36732673267326726
387,4227.0,1.0,12.6,24.0,instock,6.77,15261,8.0,Vin,product,-0.7150835543516556,100.8,0.0007015585317660553,0.9619724652196087,0.0013910624239262736,0.7450878108155133,8.0,3.0,162.48,10.5,0.3552380952380953
415,4757.0,1.0,26.5,21.0,instock,13.01,14680,7.0,Vin,product,-0.21139343390903623,185.5,0.0012910625758194767,0.6565658709870055,0.0012171796209354895,0.7791688402017068,7.0,3.0,273.21,22.083333333333336,0.41086792452830195
77,4665.0,1.0,14.4,39.0,instock,7.59,15404,13.0,Vin,product,-0.6498574955893021,187.20000000000002,0.00130289441613696,0.6487972238326674,0.0022604764388801948,0.20535559033211626,13.0,3.0,296.01,12.0,0.3675
402,4101.0,1.0,15.8,21.0,instock,8.33,14905,7.0,Vin,product,-0.5991261165519158,110.60000000000001,0.0007697656112433107,0.9317741287763579,0.0012171796209354895,0.7633455051295456,7.0,3.0,174.93,13.166666666666668,0.3673417721518988
440,4707.0,1.0,22.8,21.0,instock,11.54,15466,7.0,Vin,product,-0.34546922136498526,159.6,0.0011108010086295875,0.7488135100128686,0.0012171796209354895,0.8095983307250939,7.0,3.0,242.33999999999997,19.0,0.39263157894736844
53,4058.0,1.0,8.7,39.0,instock,4.72,16318,13.0,Vin,product,-0.8564066816700884,113.1,0.0007871653764160798,0.9240159214811237,0.0022604764388801948,0.1511041557989916,13.0,3.0,184.07999999999998,7.25,0.34896551724137936
71,5806.0,1.0,17.4,39.0,instock,8.99,13567,13.0,Vin,product,-0.5411473976520461,226.2,0.0015743307528321595,0.506599382934728,0.0022604764388801948,0.1917927316988351,13.0,3.0,350.61,14.5,0.38
115,4621.0,1.0,16.5,36.0,instock,8.53,15849,12.0,Vin,product,-0.5737604270332228,198.0,0.0013780614016833228,0.6071867294079002,0.0020865936358894104,0.28725439054077584,12.0,3.0,307.08,13.75,0.37963636363636366
356,5397.0,1.0,24.0,24.0,instock,12.4,12496,8.0,Vin,product,-0.30198518219008286,192.0,0.0013363019652686766,0.6343275791149926,0.0013910624239262736,0.7019648756737986,8.0,3.0,297.6,20.0,0.38
170,6617.0,1.0,9.9,33.0,instock,5.22,16031,11.0,Vin,product,-0.8129226424951861,108.9,0.0007579337709258276,0.9378682225304685,0.0019127108328986263,0.3969744392279609,11.0,3.0,172.26,8.25,0.3672727272727273
166,6616.0,1.0,15.4,33.0,instock,7.88,15781,11.0,Vin,product,-0.6136207962768834,169.4,0.0011790080881068428,0.7098790994716738,0.0019127108328986263,0.3893235958963664,11.0,3.0,260.04,12.833333333333334,0.385974025974026
291,4245.0,1.0,8.9,27.0,instock,4.69,16097,9.0,Vin,product,-0.8491593418076047,80.10000000000001,0.0005574884761355262,0.9899707753544152,0.001564945226917058,0.6052860372109216,9.0,3.0,126.63000000000001,7.416666666666667,0.36764044943820223
516,4727.0,1.0,26.0,15.0,instock,12.9,16540,5.0,Vin,product,-0.22951178356524554,130.0,0.0009047877889839999,0.8694001465756219,0.000869414014953921,0.8914971309337518,5.0,3.0,193.5,21.666666666666668,0.40461538461538465
526,5903.0,1.0,27.3,15.0,instock,13.82,14099,5.0,Vin,product,-0.18240407445910126,136.5,0.0009500271784331998,0.8499715687837078,0.000869414014953921,0.9001912710832907,5.0,3.0,207.3,22.75,0.3925274725274725
472,4899.0,1.0,21.2,18.0,instock,11.17,16062,6.0,Vin,product,-0.40344794026485514,127.19999999999999,0.0008853000519904982,0.876516998526588,0.0010432968179447052,0.8459398365501674,6.0,3.0,201.06,17.666666666666668,0.36773584905660384
467,4096.0,1.0,22.8,18.0,instock,11.54,15564,6.0,Vin,product,-0.34546922136498526,136.8,0.0009521151502539322,0.8490215416052747,0.0010432968179447052,0.8407233524604439,6.0,3.0,207.71999999999997,19.0,0.39263157894736844
481,5477.0,1.0,19.8,18.0,instock,10.43,15526,6.0,Vin,product,-0.4541793193022412,118.80000000000001,0.0008268368410099938,0.9071350173058065,0.0010432968179447052,0.8553295079116695,6.0,3.0,187.74,16.5,0.3678787878787879
548,6887.0,1.0,21.8,15.0,instock,11.71,15736,5.0,Vin,product,-0.3817059206774039,109.0,0.0007586297615327384,0.9363523549886169,0.000869414014953921,0.9193183794122761,5.0,3.0,175.65,18.166666666666668,0.35541284403669726
559,5628.0,1.0,25.0,15.0,instock,12.79,12366,5.0,Vin,product,-0.2657484828776642,125.0,0.0008699882586384614,0.8800185272699561,0.000869414014953921,0.9288819335767688,5.0,3.0,191.85,20.833333333333336,0.3860800000000001
535,5794.0,1.0,21.7,15.0,instock,10.65,14692,5.0,Vin,product,-0.3853295906086458,108.5,0.0007551498084981845,0.9408957816705303,0.000869414014953921,0.9080159972178756,5.0,3.0,159.75,18.083333333333332,0.41105990783410135
179,5379.0,1.0,11.1,33.0,instock,5.68,14561,11.0,Vin,product,-0.7694386033202836,122.1,0.000849804531038049,0.8937337181697396,0.0019127108328986263,0.4141888367240485,11.0,3.0,187.44,9.25,0.385945945945946
210,5382.0,1.0,22.8,30.0,instock,11.54,16011,10.0,Vin,product,-0.34546922136498526,228.0,0.0015868585837565535,0.4986964095932561,0.001738828029907842,0.4703529820900714,10.0,3.0,346.2,19.0,0.39263157894736844
583,5767.0,1.0,175.0,12.0,instock,90.42,15185,4.0,Vin,product,5.169756413985135,700.0,0.004871934248375384,0.059722953979013095,0.0006955312119631368,0.9471396278908001,4.0,3.0,1085.04,145.83333333333334,0.3799771428571429
584,4406.0,1.0,157.0,12.0,instock,69.08,7819,4.0,Cognac,product,4.517495826361599,628.0,0.00437082101139963,0.07787856495088742,0.0006955312119631368,0.9478351591027632,4.0,3.0,828.96,130.83333333333334,0.47200000000000003
678,6072.0,1.0,13.6,3.0,instock,7.03,16028,1.0,Vin,product,-0.6788468550392369,13.6,9.46547225398646e-05,0.9999999999999994,0.0001738828029907842,0.9982611719700915,1.0,3.0,21.09,11.333333333333334,0.37970588235294117
19,5958.0,1.0,8.7,44.0,instock,4.5,15577,15.0,Vin,product,-0.8564066816700884,130.5,0.0009082677420185537,0.8675877870352263,0.0026082420448617634,0.06642323074247959,15.0,2.933333333333333,198.0,7.25,0.3793103448275862
66,4689.0,1.0,12.8,38.0,instock,6.68,13736,13.0,Vin,product,-0.7078362144891719,166.4,0.0011581283698995199,0.723892174351215,0.0022604764388801948,0.18049034950443413,13.0,2.923076923076923,253.83999999999997,10.666666666666668,0.3737500000000001
135,4758.0,1.0,24.3,35.0,instock,12.93,15859,12.0,Vin,product,-0.29111417239635723,291.6,0.002029508609751803,0.3362219263488819,0.0020865936358894104,0.3289862632585643,12.0,2.9166666666666665,452.55,20.25,0.3614814814814815
131,4718.0,1.0,18.2,35.0,instock,9.78,15670,12.0,Vin,product,-0.5121580382021111,218.39999999999998,0.0015200434854931197,0.5419974652022097,0.0020865936358894104,0.3206398887150066,12.0,2.9166666666666665,342.29999999999995,15.166666666666666,0.35516483516483516
102,4680.0,1.0,6.3,35.0,instock,3.29,15934,12.0,Vin,product,-0.9433747600198932,75.6,0.0005261688988245414,0.994231629849923,0.0020865936358894104,0.26012867327421335,12.0,2.9166666666666665,115.15,5.25,0.37333333333333335
153,4171.0,1.0,7.8,32.0,instock,4.15,14332,11.0,Vin,product,-0.8890197110512652,85.8,0.0005971599407294399,0.9847591976898674,0.0019127108328986263,0.3644583550686843,11.0,2.909090909090909,132.8,6.5,0.3615384615384615
163,5816.0,1.0,16.9,32.0,instock,8.73,15237,11.0,Vin,product,-0.5592657473082554,185.89999999999998,0.0012938465382471196,0.655274808411186,0.0019127108328986263,0.3835854633976705,11.0,2.909090909090909,279.36,14.083333333333332,0.3801183431952662
148,4716.0,1.0,18.6,32.0,instock,9.23,15657,11.0,Vin,product,-0.4976633584771436,204.60000000000002,0.0014239967817394337,0.5876175615133901,0.0019127108328986263,0.3548948009041912,11.0,2.909090909090909,295.36,15.500000000000002,0.4045161290322581
146,5809.0,1.0,17.9,32.0,instock,9.71,15080,11.0,Vin,product,-0.5230290479958367,196.89999999999998,0.0013704055050073043,0.6099310203709494,0.0019127108328986263,0.35106937923839393,11.0,2.909090909090909,310.72,14.916666666666666,0.34905027932960886
248,5894.0,1.0,15.4,29.0,instock,7.56,16539,10.0,Vin,product,-0.6136207962768834,154.0,0.0010718255346425843,0.7705736563379337,0.001738828029907842,0.5364284472265699,10.0,2.9,219.23999999999998,12.833333333333334,0.41090909090909095
204,6585.0,1.0,19.0,29.0,instock,10.31,15434,10.0,Vin,product,-0.4831686787521762,190.0,0.0013223821531304612,0.6369723434212534,0.001738828029907842,0.4599200139106245,10.0,2.9,298.99,15.833333333333334,0.3488421052631579
217,6222.0,1.0,26.4,29.0,instock,13.23,7032,10.0,Vin,product,-0.21501710384027814,264.0,0.0018374152022444304,0.41529794313895946,0.001738828029907842,0.4825247782994262,10.0,2.9,383.67,22.0,0.3986363636363636
295,5815.0,1.0,16.6,26.0,instock,9.01,15238,9.0,Vin,product,-0.5701367571019809,149.4,0.001039809966724689,0.7874646523770514,0.001564945226917058,0.6115458181185899,9.0,2.888888888888889,234.26,13.833333333333336,0.34867469879518087
337,4978.0,1.0,18.5,23.0,instock,9.46,13313,8.0,Vin,product,-0.5012870284083855,148.0,0.0010300660982279382,0.7957385887120066,0.0013910624239262736,0.6755346896191993,8.0,2.875,217.58,15.416666666666668,0.38637837837837835
347,4962.0,1.0,11.3,23.0,instock,5.55,15737,8.0,Vin,product,-0.7621912634577999,90.4,0.0006291755086473353,0.978023400596185,0.0013910624239262736,0.6894453138584621,8.0,2.875,127.64999999999999,9.416666666666668,0.4106194690265488
338,4910.0,1.0,17.3,23.0,instock,8.76,13809,8.0,Vin,product,-0.5447710675832879,138.4,0.0009632509999645045,0.8384877237696802,0.0013910624239262736,0.6769257520431256,8.0,2.875,201.48,14.416666666666668,0.3923699421965319
360,4913.0,1.0,28.0,23.0,instock,14.76,13814,8.0,Vin,product,-0.15703838494040823,224.0,0.0015590189594801229,0.512853554528428,0.0013910624239262736,0.7075291253695037,8.0,2.875,339.48,23.333333333333336,0.3674285714285715
24,4683.0,1.0,9.1,43.0,instock,4.84,16239,15.0,Vin,product,-0.8419120019451208,136.5,0.0009500271784331998,0.850921595962141,0.0026082420448617634,0.07946444096678841,15.0,2.8666666666666667,208.12,7.583333333333333,0.3617582417582417
41,4099.0,1.0,12.8,40.0,instock,6.41,15813,14.0,Vin,product,-0.7078362144891719,179.20000000000002,0.0012472151675840984,0.6832045634712116,0.002434359241870979,0.1225873761085029,14.0,2.857142857142857,256.4,10.666666666666668,0.39906250000000004
37,4609.0,1.0,11.8,40.0,instock,6.04,15145,14.0,Vin,product,-0.7440729138015905,165.20000000000002,0.0011497764826165907,0.7296661124261467,0.002434359241870979,0.11284993914101898,14.0,2.857142857142857,241.6,9.833333333333334,0.3857627118644068
416,4215.0,1.0,26.5,20.0,instock,13.97,15480,7.0,Vin,product,-0.21139343390903623,185.5,0.0012910625758194767,0.6578569335628249,0.0012171796209354895,0.7803860198226423,7.0,2.857142857142857,279.40000000000003,22.083333333333336,0.3673962264150944
423,4717.0,1.0,23.4,20.0,instock,11.73,15658,7.0,Vin,product,-0.3237272017775341,163.79999999999998,0.0011400326141198396,0.7330924741839684,0.0012171796209354895,0.7889062771691907,7.0,2.857142857142857,234.60000000000002,19.5,0.3984615384615384
428,4094.0,1.0,13.7,20.0,instock,7.15,15676,7.0,Vin,product,-0.6752231851079951,95.89999999999999,0.0006674549920274275,0.9722404146433632,0.0012171796209354895,0.7949921752738681,7.0,2.857142857142857,143.0,11.416666666666666,0.3737226277372262
113,5391.0,1.0,24.2,34.0,instock,13.0,14141,12.0,Vin,product,-0.29473784232759914,290.4,0.0020211567224688734,0.34229166043175074,0.0020865936358894104,0.283081203268997,12.0,2.8333333333333335,442.0,20.166666666666668,0.3553719008264463
130,4077.0,1.0,22.9,34.0,instock,11.95,15440,12.0,Vin,product,-0.34184555143374346,274.79999999999995,0.0019125821877907932,0.385454909900536,0.0020865936358894104,0.31855329507911717,12.0,2.8333333333333335,406.29999999999995,19.083333333333332,0.3737991266375546
483,4888.0,1.0,27.9,17.0,instock,14.85,15776,6.0,Vin,product,-0.16066205487165014,167.39999999999998,0.0011650882759686274,0.720406653391806,0.0010432968179447052,0.8574161015475589,6.0,2.8333333333333335,252.45,23.25,0.3612903225806452
473,6223.0,1.0,26.7,17.0,instock,13.8,15324,6.0,Vin,product,-0.2041460940465525,160.2,0.001114976952271052,0.7443619540910674,0.0010432968179447052,0.846983133368112,6.0,2.8333333333333335,234.60000000000002,22.25,0.37977528089887636
464,4298.0,1.0,23.2,17.0,instock,11.99,16501,6.0,Vin,product,-0.3309745416400178,139.2,0.0009688189248197905,0.831724783042328,0.0010432968179447052,0.8375934620066099,6.0,2.8333333333333335,203.83,19.333333333333332,0.3798275862068965
151,4730.0,1.0,14.3,31.0,instock,7.24,5646,11.0,Vin,product,-0.6534811655205439,157.3,0.0010947932246706399,0.7554261167691276,0.0019127108328986263,0.36063293340288705,11.0,2.8181818181818183,224.44,11.916666666666668,0.3924475524475525
150,4251.0,1.0,14.1,31.0,instock,7.65,15032,11.0,Vin,product,-0.6607285053830275,155.1,0.0010794814313186028,0.7630381660369109,0.0019127108328986263,0.3587202225699884,11.0,2.8181818181818183,237.15,11.75,0.3489361702127659
11,4105.0,1.0,6.8,45.0,instock,3.51,16504,16.0,Vin,product,-0.9252564103636838,108.8,0.0007572377803189168,0.9393833940817132,0.0027821248478525473,0.04451399756564077,16.0,2.8125,157.95,5.666666666666667,0.3805882352941177
29,4223.0,1.0,9.7,42.0,instock,4.81,16585,15.0,Vin,product,-0.8201699823576698,145.5,0.0010126663330551691,0.8069565653141945,0.0026082420448617634,0.09250565119109723,15.0,2.8,202.01999999999998,8.083333333333334,0.4049484536082475
213,4684.0,1.0,18.1,28.0,instock,9.45,14451,10.0,Vin,product,-0.5157817081333529,181.0,0.0012597429985084921,0.673178122788055,0.001738828029907842,0.4755694661797949,10.0,2.8,264.59999999999997,15.083333333333336,0.3734806629834256
195,4164.0,1.0,7.6,28.0,instock,4.04,13453,10.0,Vin,product,-0.8962670509137489,76.0,0.0005289528612521845,0.9926503391910217,0.001738828029907842,0.44427056164145406,10.0,2.8,113.12,6.333333333333333,0.3621052631578947
220,4564.0,1.0,21.7,28.0,instock,11.66,15621,10.0,Vin,product,-0.3853295906086458,217.0,0.001510299616996369,0.5465346279686609,0.001738828029907842,0.48774126238914967,10.0,2.8,326.48,18.083333333333332,0.35520737327188934
540,4407.0,1.0,104.0,14.0,instock,46.71,3509,5.0,Cognac,product,2.59695076280341,520.0,0.0036191511559359995,0.11379376823930384,0.000869414014953921,0.912363067292645,5.0,2.8,653.94,86.66666666666667,0.46103846153846156
208,4671.0,1.0,21.9,28.0,instock,11.32,15527,10.0,Vin,product,-0.3780822507461621,219.0,0.0015242194291345843,0.5374352467739095,0.001738828029907842,0.4668753260302558,10.0,2.8,316.96000000000004,18.25,0.37972602739726025
520,4886.0,1.0,28.4,14.0,instock,14.53,15773,5.0,Vin,product,-0.1425437052154408,142.0,0.000988306661813292,0.8200015172595231,0.000869414014953921,0.8949747869935674,5.0,2.8,203.42,23.666666666666668,0.3860563380281691
33,5448.0,1.0,7.2,42.0,instock,3.76,14469,15.0,Vin,product,-0.9107617306387165,108.0,0.0007516698554636307,0.9423991213814575,0.0026082420448617634,0.10293861937054428,15.0,2.8,157.92,6.0,0.37333333333333335
518,5697.0,1.0,29.9,14.0,instock,15.29,16094,5.0,Vin,product,-0.08818865624681281,149.5,0.0010405059573315998,0.7864248424103267,0.000869414014953921,0.8932359589636596,5.0,2.8,214.06,24.916666666666668,0.38635451505016727
557,4728.0,1.0,29.5,14.0,instock,14.48,15729,5.0,Vin,product,-0.10268333597178023,147.5,0.0010265861451933843,0.7977924569930003,0.000869414014953921,0.9271431055468611,5.0,2.8,202.72,24.583333333333336,0.4109830508474577
303,4677.0,1.0,9.5,25.0,instock,4.91,15282,9.0,Vin,product,-0.8274173222201535,85.5,0.0005950719689087076,0.9853542696587761,0.001564945226917058,0.6240653799339265,9.0,2.7777777777777777,122.75,7.916666666666667,0.3797894736842105
270,5804.0,1.0,25.0,25.0,instock,12.4,14955,9.0,Vin,product,-0.2657484828776642,225.0,0.0015659788655492306,0.5097355166094678,0.001564945226917058,0.5724221874456629,9.0,2.7777777777777777,310.0,20.833333333333336,0.40480000000000005
284,4713.0,1.0,18.4,25.0,instock,9.22,14746,9.0,Vin,product,-0.5049106983396274,165.6,0.0011525604450442336,0.72851633594353,0.001564945226917058,0.594331420622502,9.0,2.7777777777777777,230.50000000000003,15.333333333333332,0.39869565217391295
262,5694.0,1.0,12.7,25.0,instock,6.23,14661,9.0,Vin,product,-0.7114598844204137,114.3,0.0007955172636990091,0.9192692655419922,0.001564945226917058,0.5599026256303262,9.0,2.7777777777777777,155.75,10.583333333333334,0.41133858267716533
326,5481.0,1.0,11.5,25.0,instock,5.64,15138,9.0,Vin,product,-0.7549439235953161,103.5,0.000720350278152646,0.9548636171606223,0.001564945226917058,0.6600591201530194,9.0,2.7777777777777777,141.0,9.583333333333334,0.4114782608695653
308,6042.0,1.0,8.5,25.0,instock,4.57,16159,9.0,Vin,product,-0.8636540215325721,76.5,0.0005324328142867384,0.9921213863297695,0.001564945226917058,0.6318901060685119,9.0,2.7777777777777777,114.25,7.083333333333334,0.3548235294117647
75,4158.0,1.0,18.5,36.0,instock,9.94,16093,13.0,Vin,product,-0.5012870284083855,240.5,0.0016738574096203996,0.46630570273823585,0.0022604764388801948,0.20083463745435587,13.0,2.769230769230769,357.84,15.416666666666668,0.3552432432432433
85,4672.0,1.0,17.8,36.0,instock,9.56,14676,13.0,Vin,product,-0.5266527179270786,231.4,0.0016105222643915198,0.4859416857310093,0.0022604764388801948,0.2234394018431578,13.0,2.769230769230769,344.16,14.833333333333334,0.35550561797752805
8,5803.0,1.0,17.1,47.0,instock,9.19,13572,17.0,Vin,product,-0.5520184074457716,290.70000000000005,0.0020232446942896063,0.34027050370928186,0.0029560076508433316,0.03581985741610155,17.0,2.764705882352941,431.92999999999995,14.250000000000002,0.35508771929824573
123,4681.0,1.0,7.1,33.0,instock,3.56,15933,12.0,Vin,product,-0.9143854005699582,85.19999999999999,0.0005929839970879752,0.9865423256247728,0.0020865936358894104,0.3039471396278912,12.0,2.75,117.48,5.916666666666667,0.3983098591549296
137,4063.0,1.0,14.5,33.0,instock,7.19,16319,12.0,Vin,product,-0.6462338256580602,174.0,0.0012110236560247383,0.6991260445949024,0.0020865936358894104,0.3331594505303431,12.0,2.75,237.27,12.083333333333334,0.4049655172413793
1,4203.0,1.0,9.9,74.0,instock,5.01,15415,27.0,Vin,product,-0.8129226424951861,267.3,0.001860382892272486,0.40239044933849566,0.004694835680751174,0.010954616588419406,27.0,2.740740740740741,370.74,8.25,0.39272727272727276
167,6070.0,1.0,9.3,30.0,instock,4.95,16133,11.0,Vin,product,-0.8346646620826371,102.30000000000001,0.0007119983908697168,0.9584430968519643,0.0019127108328986263,0.391236306729265,11.0,2.727272727272727,148.5,7.750000000000001,0.3612903225806452
185,4086.0,1.0,16.4,30.0,instock,8.13,16013,11.0,Vin,product,-0.5773840969644648,180.39999999999998,0.0012555670548670273,0.6756927368508236,0.0019127108328986263,0.42566510172144023,11.0,2.727272727272727,243.90000000000003,13.666666666666666,0.4051219512195121
420,4301.0,1.0,17.5,19.0,instock,9.49,16553,7.0,Vin,product,-0.5375237277208041,122.5,0.0008525884934656922,0.8886251471150146,0.0012171796209354895,0.7852547383063843,7.0,2.7142857142857144,180.31,14.583333333333334,0.3492571428571429
434,4180.0,1.0,24.0,19.0,instock,12.28,15783,7.0,Vin,product,-0.30198518219008286,168.0,0.0011692642196100922,0.7169093005920794,0.0012171796209354895,0.802295252999481,7.0,2.7142857142857144,233.32,20.0,0.386
38,5722.0,1.0,7.1,38.0,instock,3.48,15026,14.0,Vin,product,-0.9143854005699582,99.39999999999999,0.0006918146632693044,0.96614910485168,0.002434359241870979,0.11528429838288996,14.0,2.7142857142857144,132.24,5.916666666666667,0.411830985915493
207,4190.0,1.0,12.1,27.0,instock,6.13,16191,10.0,Vin,product,-0.7332019040078649,121.0,0.0008421486343620306,0.8971224964347881,0.001738828029907842,0.46513649800034795,10.0,2.7,165.51,10.083333333333334,0.3920661157024794
198,5056.0,1.0,7.5,27.0,instock,3.95,13531,10.0,Vin,product,-0.8998907208449908,75.0,0.0005219929551830768,0.994753622805106,0.001738828029907842,0.44948704573117754,10.0,2.7,106.65,6.25,0.368
235,4239.0,1.0,28.0,27.0,instock,14.76,16567,10.0,Vin,product,-0.15703838494040823,280.0,0.0019487736993501535,0.3661286427278377,0.001738828029907842,0.5138236828377675,10.0,2.7,398.52,23.333333333333336,0.3674285714285715
221,4646.0,1.0,21.5,27.0,instock,10.89,15848,10.0,Vin,product,-0.3925769304711295,215.0,0.0014963798048581536,0.5510376871953737,0.001738828029907842,0.4894800904190575,10.0,2.7,294.03000000000003,17.916666666666668,0.3921860465116279
214,5380.0,1.0,18.0,27.0,instock,9.77,16022,10.0,Vin,product,-0.5194053780645949,180.0,0.0012527830924393844,0.6782010869981301,0.001738828029907842,0.4773082942097027,10.0,2.7,263.78999999999996,15.0,0.3486666666666667
80,5519.0,1.0,12.9,35.0,instock,7.0,15860,13.0,Vin,product,-0.70421254455793,167.70000000000002,0.0011671762477893598,0.7180764768398687,0.0022604764388801948,0.21213701964875684,13.0,2.6923076923076925,245.0,10.75,0.3488372093023256
87,4216.0,1.0,13.4,35.0,instock,7.2,15213,13.0,Vin,product,-0.6860941949017207,174.20000000000002,0.00121241563723856,0.6967039972828528,0.0022604764388801948,0.2279603547209182,13.0,2.6923076923076925,252.0,11.166666666666668,0.355223880597015
91,4862.0,1.0,9.9,35.0,instock,4.86,16047,13.0,Vin,product,-0.8129226424951861,128.70000000000002,0.00089573991109416,0.871193714369631,0.0022604764388801948,0.23700226047643896,13.0,2.6923076923076925,170.10000000000002,8.25,0.4109090909090909
124,4679.0,1.0,13.2,32.0,instock,6.55,15283,12.0,Vin,product,-0.6933415347642045,158.39999999999998,0.0011024491213466581,0.7532330503667518,0.0020865936358894104,0.30603373326378064,12.0,2.6666666666666665,209.6,11.0,0.40454545454545454
465,5795.0,1.0,23.0,16.0,instock,11.29,13291,6.0,Vin,product,-0.33822188150250154,138.0,0.0009604670375368613,0.8423295919198275,0.0010432968179447052,0.8386367588245546,6.0,2.6666666666666665,180.64,19.166666666666668,0.4109565217391305
119,5956.0,1.0,17.2,32.0,instock,8.8,15895,12.0,Vin,product,-0.5483947375145298,206.39999999999998,0.0014365246126638272,0.5833344353184612,0.0020865936358894104,0.2956007650843335,12.0,2.6666666666666665,281.6,14.333333333333334,0.38604651162790693
470,4920.0,1.0,24.4,16.0,instock,12.86,15530,6.0,Vin,product,-0.2874905024651155,146.39999999999998,0.001018930248517366,0.8039157823526013,0.0010432968179447052,0.843853242914278,6.0,2.6666666666666665,205.76,20.333333333333332,0.36754098360655735
469,4889.0,1.0,25.3,16.0,instock,12.55,16037,6.0,Vin,product,-0.2548774730839386,151.8,0.0010565137412905476,0.781204216867889,0.0010432968179447052,0.8428099460963333,6.0,2.6666666666666665,200.8,21.083333333333336,0.4047430830039526
98,4786.0,1.0,12.1,32.0,instock,6.56,15881,12.0,Vin,product,-0.7332019040078649,145.2,0.0010105783612344367,0.8110030547027737,0.0020865936358894104,0.25178229873065566,12.0,2.6666666666666665,209.92,10.083333333333334,0.3494214876033059
466,3847.0,1.0,24.2,16.0,instock,12.88,15298,6.0,Vin,product,-0.29473784232759914,145.2,0.0010105783612344367,0.8099924763415393,0.0010432968179447052,0.8396800556424993,6.0,2.6666666666666665,206.08,20.166666666666668,0.36132231404958676
461,6201.0,1.0,105.6,16.0,instock,57.29,14596,6.0,Vin,product,2.6549294817032796,633.5999999999999,0.0044097964853866325,0.0735077439394878,0.0010432968179447052,0.8344635715527758,6.0,2.6666666666666665,916.64,88.0,0.34897727272727275
32,5016.0,1.0,9.3,40.0,instock,4.81,14839,15.0,Vin,product,-0.8346646620826371,139.5,0.0009709068966405229,0.8288162382960479,0.0026082420448617634,0.10033037732568252,15.0,2.6666666666666665,192.39999999999998,7.750000000000001,0.37935483870967757
133,6127.0,1.0,10.6,32.0,instock,5.42,14573,12.0,Vin,product,-0.7875569529764929,127.19999999999999,0.0008853000519904982,0.8756316984745975,0.0020865936358894104,0.32481307598678544,12.0,2.6666666666666665,173.44,8.833333333333334,0.3864150943396227
305,5959.0,1.0,15.4,24.0,instock,7.72,15766,9.0,Vin,product,-0.6136207962768834,138.6,0.0009646429811783259,0.8355958827979658,0.001564945226917058,0.6271952703877607,9.0,2.6666666666666665,185.28,12.833333333333334,0.3984415584415585
297,4965.0,1.0,7.1,24.0,instock,3.67,16586,9.0,Vin,product,-0.9143854005699582,63.9,0.00044473799781598143,0.9971199908686026,0.001564945226917058,0.614675708572424,9.0,2.6666666666666665,88.08,5.916666666666667,0.37971830985915495
27,4926.0,1.0,7.9,40.0,instock,4.04,15456,15.0,Vin,product,-0.8853960411200233,118.5,0.0008247488691892614,0.9104402766980259,0.0026082420448617634,0.0872891671013737,15.0,2.6666666666666665,161.6,6.583333333333334,0.38632911392405067
7,4220.0,1.0,11.6,48.0,instock,5.75,15758,18.0,Vin,product,-0.7513202536640742,208.79999999999998,0.0014532283872296858,0.5790074617152969,0.003129890453834116,0.03286384976525822,18.0,2.6666666666666665,276.0,9.666666666666666,0.4051724137931034
273,4106.0,1.0,12.6,24.0,instock,6.64,15787,9.0,Vin,product,-0.7150835543516556,113.39999999999999,0.0007892533482368121,0.9224395027564708,0.001564945226917058,0.5771170231264141,9.0,2.6666666666666665,159.35999999999999,10.5,0.3676190476190476
48,4307.0,1.0,10.9,37.0,instock,5.8,15946,14.0,Vin,product,-0.7766859431827674,152.6,0.0010620816661458337,0.7759105123117256,0.002434359241870979,0.13962789080159985,14.0,2.642857142857143,214.6,9.083333333333334,0.36146788990825696
181,4186.0,1.0,16.6,29.0,instock,9.01,16190,11.0,Vin,product,-0.5701367571019809,182.60000000000002,0.0012708788482190645,0.6693870619522121,0.0019127108328986263,0.41801425838984574,11.0,2.6363636363636362,261.29,13.833333333333336,0.34867469879518087
189,6047.0,1.0,10.9,29.0,instock,5.58,16264,11.0,Vin,product,-0.7766859431827674,119.9,0.0008344927376860121,0.902146852626077,0.0019127108328986263,0.4333159450530347,11.0,2.6363636363636362,161.82,9.083333333333334,0.38568807339449546
188,5797.0,1.0,17.2,29.0,instock,9.24,15688,11.0,Vin,product,-0.5483947375145298,189.2,0.0013168142282751752,0.6409311379933618,0.0019127108328986263,0.4314032342201361,11.0,2.6363636363636362,267.96,14.333333333333334,0.3553488372093023
157,5610.0,1.0,18.0,29.0,instock,9.02,14912,11.0,Vin,product,-0.5194053780645949,198.0,0.0013780614016833228,0.6044306066045336,0.0019127108328986263,0.3721091984002788,11.0,2.6363636363636362,261.58,15.0,0.39866666666666667
173,4611.0,1.0,26.2,29.0,instock,13.67,15452,11.0,Vin,product,-0.22226444370276183,288.2,0.0020058449291168365,0.34833007493730855,0.0019127108328986263,0.40271257172665675,11.0,2.6363636363636362,396.43,21.833333333333332,0.3738931297709923
386,5796.0,1.0,12.5,21.0,instock,6.2,13895,8.0,Vin,product,-0.7187072242828975,100.0,0.0006959906069107691,0.9647612995815,0.0013910624239262736,0.7436967483915871,8.0,2.625,130.20000000000002,10.416666666666668,0.40480000000000005
339,4168.0,1.0,18.2,21.0,instock,9.4,15784,8.0,Vin,product,-0.5121580382021111,145.6,0.0010133623236620798,0.8059438989811393,0.0013910624239262736,0.6783168144670518,8.0,2.625,197.4,15.166666666666666,0.38021978021978015
69,4193.0,1.0,13.5,34.0,instock,6.91,16529,13.0,Vin,product,-0.6824705249704788,175.5,0.0012214635151283997,0.6918341510062983,0.0022604764388801948,0.1872717788210747,13.0,2.6153846153846154,234.94,11.25,0.3857777777777778
256,6226.0,1.0,20.4,26.0,instock,10.96,15161,10.0,Vin,product,-0.4324372997147901,204.0,0.0014198208380979689,0.5904613791332275,0.001738828029907842,0.5503390714658329,10.0,2.6,284.96000000000004,17.0,0.35529411764705876
201,4165.0,1.0,12.0,26.0,instock,5.95,15075,10.0,Vin,product,-0.7368255739391069,120.0,0.0008351887282929229,0.901312359888391,0.001738828029907842,0.454703529820901,10.0,2.6,154.70000000000002,10.0,0.40499999999999997
555,5893.0,1.0,26.6,13.0,instock,14.29,13910,5.0,Vin,product,-0.2077697639777943,133.0,0.0009256675071913229,0.8621005970903418,0.000869414014953921,0.9254042775169533,5.0,2.6,185.76999999999998,22.166666666666668,0.35533834586466173
254,4729.0,1.0,8.6,26.0,instock,4.22,38,10.0,Vin,product,-0.8600303516013302,86.0,0.0005985519219432614,0.9835648778084086,0.001738828029907842,0.5468614154060172,10.0,2.6,109.72,7.166666666666667,0.4111627906976745
10,5778.0,1.0,5.8,44.0,instock,3.09,15561,17.0,Vin,product,-0.9614931096761025,98.6,0.0006862467384140182,0.9675243822909357,0.0029560076508433316,0.04173187271778822,17.0,2.588235294117647,135.95999999999998,4.833333333333333,0.3606896551724138
95,4977.0,1.0,16.3,31.0,instock,8.84,14930,12.0,Vin,product,-0.5810077668957065,195.60000000000002,0.0013613576271174646,0.6181214378330754,0.0020865936358894104,0.24552251782298742,12.0,2.5833333333333335,274.04,13.583333333333334,0.3492024539877301
2,4275.0,1.0,14.9,62.0,instock,7.78,14864,24.0,Vin,product,-0.6317391459330928,357.6,0.0024888624103129105,0.21557543459393477,0.004173187271778821,0.015127803860198227,24.0,2.5833333333333335,482.36,12.416666666666668,0.37342281879194633
101,4172.0,1.0,5.7,31.0,instock,2.95,16210,12.0,Vin,product,-0.9651167796073444,68.4,0.0004760575751269661,0.9957454094199538,0.0020865936358894104,0.25804207963832393,12.0,2.5833333333333335,91.45,4.75,0.3789473684210526
132,4162.0,1.0,14.3,31.0,instock,7.02,14474,12.0,Vin,product,-0.6534811655205439,171.60000000000002,0.00119431988145888,0.7051400994292183,0.0020865936358894104,0.322726482350896,12.0,2.5833333333333335,217.61999999999998,11.916666666666668,0.410909090909091
396,5546.0,1.0,15.2,18.0,instock,7.93,15202,7.0,Vin,product,-0.6208681361393671,106.39999999999999,0.0007405340057530582,0.9461164072129679,0.0012171796209354895,0.7560424274039327,7.0,2.5714285714285716,142.74,12.666666666666666,0.37394736842105264
407,4649.0,1.0,16.5,18.0,instock,8.1,16261,7.0,Vin,product,-0.5737604270332228,115.5,0.0008038691509819383,0.9128699799067513,0.0012171796209354895,0.769431403234223,7.0,2.5714285714285716,145.79999999999998,13.75,0.41090909090909095
411,4137.0,1.0,29.8,18.0,instock,15.86,13209,7.0,Vin,product,-0.09181232617805461,208.6,0.0014518364060158643,0.5804592981213128,0.0012171796209354895,0.7743001217179649,7.0,2.5714285714285716,285.48,24.833333333333336,0.3613422818791947
324,4558.0,1.0,28.1,23.0,instock,15.24,15426,9.0,Vin,product,-0.1534147150091663,252.9,0.0017601602448773352,0.4388286895680057,0.001564945226917058,0.6569292296991852,9.0,2.5555555555555554,350.52,23.416666666666668,0.3491814946619217
285,5389.0,1.0,16.1,23.0,instock,8.32,13904,9.0,Vin,product,-0.5882551067581903,144.9,0.0010084903894137045,0.813020731472208,0.001564945226917058,0.5958963658494191,9.0,2.5555555555555554,191.36,13.416666666666668,0.3798757763975156
268,7023.0,1.0,27.5,23.0,instock,14.21,15891,9.0,Vin,product,-0.17515673459661754,247.5,0.0017225767521041534,0.45272275005376533,0.001564945226917058,0.5692922969918287,9.0,2.5555555555555554,326.83000000000004,22.916666666666668,0.3799272727272727
184,4229.0,1.0,9.6,28.0,instock,4.96,15403,11.0,Vin,product,-0.8237936522889115,105.6,0.0007349660808977722,0.9490674073862695,0.0019127108328986263,0.4237523908885416,11.0,2.5454545454545454,138.88,8.0,0.38
191,4676.0,1.0,12.9,28.0,instock,6.93,15280,11.0,Vin,product,-0.70421254455793,141.9,0.0009876106712063814,0.8209891279307294,0.0019127108328986263,0.43714136671883197,11.0,2.5454545454545454,194.04,10.75,0.3553488372093023
159,6567.0,1.0,28.4,28.0,instock,14.67,15779,11.0,Vin,product,-0.1425437052154408,312.4,0.0021742746559892424,0.2961036357853314,0.0019127108328986263,0.37593462006607603,11.0,2.5454545454545454,410.76,23.666666666666668,0.38014084507042256
147,5613.0,1.0,19.2,28.0,instock,10.22,14855,11.0,Vin,product,-0.47592133888969246,211.2,0.0014699321617955444,0.5673252593782997,0.0019127108328986263,0.35298209007129255,11.0,2.5454545454545454,286.16,16.0,0.36124999999999996
144,4177.0,1.0,13.5,28.0,instock,7.11,15583,11.0,Vin,product,-0.6824705249704788,148.5,0.001033546051262492,0.7947085226137787,0.0019127108328986263,0.3472439575725967,11.0,2.5454545454545454,199.08,11.25,0.368
158,4915.0,1.0,25.9,28.0,instock,13.38,15615,11.0,Vin,product,-0.23313545349648745,284.9,0.001982877239088781,0.3582903965128086,0.0019127108328986263,0.3740219092331774,11.0,2.5454545454545454,374.64000000000004,21.583333333333332,0.38007722007722
660,4932.0,1.0,25.7,5.0,instock,12.75,9937,2.0,Vin,product,-0.24038279335897117,51.4,0.0003577391719521353,0.9991244438165057,0.0003477656059815684,0.9921752738654135,2.0,2.5,63.75,21.416666666666668,0.4046692607003891
120,4670.0,1.0,17.0,30.0,instock,8.96,15525,12.0,Vin,product,-0.5556420773770135,204.0,0.0014198208380979689,0.5918811999713255,0.0020865936358894104,0.29768735872022295,12.0,2.5,268.8,14.166666666666668,0.3675294117647059
122,4191.0,1.0,9.3,30.0,instock,4.76,16263,12.0,Vin,product,-0.8346646620826371,111.60000000000001,0.0007767255173124184,0.9271395273249392,0.0020865936358894104,0.3018605459920018,12.0,2.5,142.79999999999998,7.750000000000001,0.38580645161290333
354,5764.0,1.0,12.9,20.0,instock,6.33,15818,8.0,Vin,product,-0.70421254455793,103.2,0.0007182623063319137,0.956300141773286,0.0013910624239262736,0.699182750825946,8.0,2.5,126.6,10.75,0.4111627906976744
125,4103.0,1.0,16.3,30.0,instock,8.0,16505,12.0,Vin,product,-0.5810077668957065,195.60000000000002,0.0013613576271174646,0.6194827954601928,0.0020865936358894104,0.30812032689967006,12.0,2.5,240.0,13.583333333333334,0.4110429447852761
103,4281.0,1.0,11.6,30.0,instock,5.69,16330,12.0,Vin,product,-0.7513202536640742,139.2,0.0009688189248197905,0.8326936019671478,0.0020865936358894104,0.2622152669101028,12.0,2.5,170.70000000000002,9.666666666666666,0.4113793103448275
114,4074.0,1.0,12.7,30.0,instock,6.76,15941,12.0,Vin,product,-0.7114598844204137,152.39999999999998,0.001060689684932012,0.7780318916815896,0.0020865936358894104,0.2851677969048864,12.0,2.5,202.79999999999998,10.583333333333334,0.36125984251968507
202,4049.0,1.0,19.3,25.0,instock,10.27,16043,10.0,Vin,product,-0.47229766895845054,193.0,0.0013432618713377844,0.6316514952314207,0.001738828029907842,0.45644235785080883,10.0,2.5,256.75,16.083333333333336,0.36145077720207264
224,4936.0,1.0,11.1,25.0,instock,5.68,15106,10.0,Vin,product,-0.7694386033202836,111.0,0.0007725495736709537,0.9302339015632644,0.001738828029907842,0.49469657450878096,10.0,2.5,142.0,9.25,0.385945945945946
70,4197.0,1.0,9.4,32.0,instock,5.1,16256,13.0,Vin,product,-0.8310409921513954,122.2,0.0008505005216449599,0.8928839136387016,0.0022604764388801948,0.1895322552599549,13.0,2.4615384615384617,163.2,7.833333333333334,0.3489361702127661
89,4938.0,1.0,12.5,32.0,instock,6.46,13379,13.0,Vin,product,-0.7187072242828975,162.5,0.0011309847362299997,0.7376393808189164,0.0022604764388801948,0.23248130759867858,13.0,2.4615384615384617,206.72,10.416666666666668,0.37984000000000007
51,4795.0,1.0,12.0,32.0,instock,6.08,3568,13.0,Vin,product,-0.7368255739391069,156.0,0.0010857453467807998,0.7597913698556721,0.0022604764388801948,0.14658320292123123,13.0,2.4615384615384617,194.56,10.0,0.392
74,4076.0,1.0,14.05,32.0,instock,6.9,13072,13.0,Vin,product,-0.6625403403486485,182.65,0.0012712268435225197,0.668116183103993,0.0022604764388801948,0.19857416101547568,13.0,2.4615384615384617,220.8,11.708333333333334,0.4106761565836299
165,5810.0,1.0,24.0,27.0,instock,12.77,14429,11.0,Vin,product,-0.30198518219008286,264.0,0.0018374152022444304,0.41897277354344836,0.0019127108328986263,0.38741088506346777,11.0,2.4545454545454546,344.78999999999996,20.0,0.36150000000000004
277,4648.0,1.0,24.3,22.0,instock,12.68,16262,9.0,Vin,product,-0.29111417239635723,218.70000000000002,0.001522131457313852,0.5389573782312234,0.001564945226917058,0.5833768040340824,9.0,2.4444444444444446,278.96,20.25,0.3738271604938272
279,6207.0,1.0,25.2,22.0,instock,12.89,16077,9.0,Vin,product,-0.2585011430151805,226.79999999999998,0.0015785066964736241,0.5050250521818958,0.001564945226917058,0.5865066944879166,9.0,2.4444444444444446,283.58000000000004,21.0,0.38619047619047614
275,5801.0,1.0,24.0,22.0,instock,12.9,11277,9.0,Vin,product,-0.30198518219008286,216.0,0.0015033397109272613,0.5495413073905155,0.001564945226917058,0.5802469135802483,9.0,2.4444444444444446,283.8,20.0,0.355
413,4276.0,1.0,17.6,17.0,instock,9.46,14527,7.0,Vin,product,-0.5339000577895623,123.20000000000002,0.0008574604277140676,0.8852078332350828,0.0012171796209354895,0.7767344809598359,7.0,2.4285714285714284,160.82000000000002,14.666666666666668,0.355
127,4792.0,1.0,21.0,29.0,instock,11.28,15733,12.0,Vin,product,-0.41069528012733886,252.0,0.0017538963294151382,0.44233648222683597,0.0020865936358894104,0.3122935141714489,12.0,2.4166666666666665,327.12,17.5,0.3554285714285715
118,4930.0,1.0,17.5,29.0,instock,9.31,16155,12.0,Vin,product,-0.5375237277208041,210.0,0.0014615802745126152,0.571721832042155,0.0020865936358894104,0.2935141714484441,12.0,2.4166666666666665,269.99,14.583333333333334,0.3616
525,5566.0,1.0,27.5,12.0,instock,14.63,16192,5.0,Vin,product,-0.17515673459661754,137.5,0.0009569870845023076,0.8461610202108714,0.000869414014953921,0.8993218570683368,5.0,2.4,175.56,22.916666666666668,0.3616
539,6202.0,1.0,116.4,12.0,instock,63.15,15126,5.0,Vin,product,3.0462858342774015,582.0,0.0040506653322206765,0.09888495344866825,0.000869414014953921,0.9114936532776912,5.0,2.4,757.8,97.00000000000001,0.34896907216494855
23,4861.0,1.0,8.5,36.0,instock,4.17,15307,15.0,Vin,product,-0.8636540215325721,127.5,0.0008873880238112306,0.8738597063894027,0.0026082420448617634,0.07685619892192665,15.0,2.4,150.12,7.083333333333334,0.41129411764705887
253,6094.0,1.0,13.4,24.0,instock,6.65,15486,10.0,Vin,product,-0.6860941949017207,134.0,0.0009326274132604307,0.8546799452394591,0.001738828029907842,0.5451225873761093,10.0,2.4,159.60000000000002,11.166666666666668,0.4044776119402985
232,5395.0,1.0,12.7,24.0,instock,6.82,15095,10.0,Vin,product,-0.7114598844204137,127.0,0.0008839080707766767,0.8774009065973647,0.001738828029907842,0.5086071987480438,10.0,2.4,163.68,10.583333333333334,0.3555905511811024
247,6278.0,1.0,9.0,24.0,instock,4.65,16273,10.0,Vin,product,-0.8455356718763628,90.0,0.0006263915462196922,0.9792782716604451,0.001738828029907842,0.534689619196662,10.0,2.4,111.60000000000001,7.5,0.37999999999999995
203,5891.0,1.0,19.0,24.0,instock,9.72,15774,10.0,Vin,product,-0.4831686787521762,190.0,0.0013223821531304612,0.635649961268123,0.001738828029907842,0.45818118588071666,10.0,2.4,233.28000000000003,15.833333333333334,0.38610526315789473
567,5747.0,1.0,24.5,12.0,instock,12.15,15631,5.0,Vin,product,-0.2838668325338735,122.5,0.0008525884934656922,0.8894777356084803,0.000869414014953921,0.9358372456963999,5.0,2.4,145.8,20.416666666666668,0.4048979591836735
78,4154.0,1.0,9.8,31.0,instock,4.91,15141,13.0,Vin,product,-0.8165463124264278,127.4,0.0008866920332043198,0.874746398422607,0.0022604764388801948,0.20761606677099645,13.0,2.3846153846153846,152.21,8.166666666666668,0.3987755102040817
61,4720.0,1.0,15.9,31.0,instock,8.46,16513,13.0,Vin,product,-0.5955024466206741,206.70000000000002,0.0014386125844845598,0.5818979107057973,0.0022604764388801948,0.16918796731003316,13.0,2.3846153846153846,262.26000000000005,13.25,0.3615094339622641
73,5483.0,1.0,17.9,31.0,instock,9.71,15753,13.0,Vin,product,-0.5230290479958367,232.7,0.0016195701422813595,0.48110107105994493,0.0022604764388801948,0.19631368457659548,13.0,2.3846153846153846,301.01000000000005,14.916666666666666,0.34905027932960886
64,5964.0,1.0,16.3,31.0,instock,8.51,13662,13.0,Vin,product,-0.5810077668957065,211.9,0.0014748040960439197,0.5643805231204602,0.0022604764388801948,0.17596939662667374,13.0,2.3846153846153846,263.81,13.583333333333334,0.37349693251533744
56,4260.0,1.0,12.2,31.0,instock,6.37,14945,13.0,Vin,product,-0.7295782340766231,158.6,0.0011038411025604798,0.7510274561334517,0.0022604764388801948,0.1578855851156322,13.0,2.3846153846153846,197.47,10.166666666666666,0.37344262295081965
336,4890.0,1.0,17.0,19.0,instock,8.78,16038,8.0,Vin,product,-0.5556420773770135,136.0,0.000946547225398646,0.8518681431875397,0.0013910624239262736,0.674143627195273,8.0,2.375,166.82,14.166666666666668,0.38023529411764717
370,5504.0,1.0,13.8,19.0,instock,6.77,16146,8.0,Vin,product,-0.6715995151767532,110.4,0.0007683736300294891,0.9325425024063874,0.0013910624239262736,0.7214397496087666,8.0,2.375,128.63,11.500000000000002,0.4113043478260871
361,4566.0,1.0,28.5,19.0,instock,15.31,15457,8.0,Vin,product,-0.13892003528419888,228.0,0.0015868585837565535,0.4939358338419864,0.0013910624239262736,0.70892018779343,8.0,2.375,290.89,23.75,0.35536842105263156
177,4937.0,1.0,9.9,26.0,instock,4.86,16283,11.0,Vin,product,-0.8129226424951861,108.9,0.0007579337709258276,0.9371102887595427,0.0019127108328986263,0.41036341505825125,11.0,2.3636363636363638,126.36000000000001,8.25,0.4109090909090909
145,4163.0,1.0,10.8,26.0,instock,5.8,15482,11.0,Vin,product,-0.7803096131140091,118.80000000000001,0.0008268368410099938,0.9079618541468165,0.0019127108328986263,0.3491566684054953,11.0,2.3636363636363638,150.79999999999998,9.000000000000002,0.3555555555555557
35,4200.0,0.0,5.8,33.0,instock,3.12,16295,14.0,Vin,product,-0.9614931096761025,81.2,0.0005651443728115445,0.988849534486682,0.002434359241870979,0.10798122065727703,14.0,2.357142857142857,102.96000000000001,4.833333333333333,0.3544827586206896
468,4909.0,1.0,25.9,14.0,instock,12.85,15614,6.0,Vin,product,-0.23313545349648745,155.39999999999998,0.001081569403139335,0.7619586846055922,0.0010432968179447052,0.8417666492783886,6.0,2.3333333333333335,179.9,21.583333333333332,0.4046332046332046
34,4104.0,1.0,9.7,35.0,instock,5.11,15683,15.0,Vin,product,-0.8201699823576698,145.5,0.0010126663330551691,0.8079692316472497,0.0026082420448617634,0.10554686141540605,15.0,2.3333333333333335,178.85000000000002,8.083333333333334,0.36783505154639173
134,4928.0,1.0,7.9,28.0,instock,3.88,15047,12.0,Vin,product,-0.8853960411200233,94.80000000000001,0.0006597990953514091,0.9735676687307421,0.0020865936358894104,0.32689966962267486,12.0,2.3333333333333335,108.64,6.583333333333334,0.41063291139240515
299,4083.0,1.0,17.0,21.0,instock,8.78,16296,9.0,Vin,product,-0.5556420773770135,153.0,0.0010648656285734768,0.7748484306455797,0.001564945226917058,0.6178055990262582,9.0,2.3333333333333335,184.38,14.166666666666668,0.38023529411764717
300,4224.0,1.0,17.2,21.0,instock,8.53,15306,9.0,Vin,product,-0.5483947375145298,154.79999999999998,0.0010773934594978704,0.7662717383966183,0.001564945226917058,0.6193705442531753,9.0,2.3333333333333335,179.13,14.333333333333334,0.4048837209302326
106,4269.0,1.0,10.2,28.0,instock,5.32,16244,12.0,Vin,product,-0.8020516327014604,122.39999999999999,0.0008518925028587813,0.8911815206141979,0.0020865936358894104,0.26847504781777104,12.0,2.3333333333333335,148.96,8.5,0.3741176470588235
487,5907.0,1.0,17.7,14.0,instock,9.42,12882,6.0,Vin,product,-0.5302763878583204,106.19999999999999,0.0007391420245392367,0.9475960832432602,0.0010432968179447052,0.8615892888193376,6.0,2.3333333333333335,131.88,14.75,0.36135593220338985
480,4152.0,1.0,19.2,14.0,instock,9.52,16238,6.0,Vin,product,-0.47592133888969246,115.19999999999999,0.0008017811791612059,0.9136717610859125,0.0010432968179447052,0.8542862110937248,6.0,2.3333333333333335,133.28,16.0,0.405
199,4964.0,1.0,12.1,23.0,instock,6.5,16515,10.0,Vin,product,-0.7332019040078649,121.0,0.0008421486343620306,0.8979646450691502,0.001738828029907842,0.45122587376108536,10.0,2.3,149.5,10.083333333333334,0.3553719008264463
200,4753.0,1.0,12.0,23.0,instock,6.51,15429,10.0,Vin,product,-0.7368255739391069,120.0,0.0008351887282929229,0.9004771711600981,0.001738828029907842,0.4529647017909932,10.0,2.3,149.73,10.0,0.34900000000000003
234,5630.0,1.0,28.0,23.0,instock,14.61,12365,10.0,Vin,product,-0.15703838494040823,280.0,0.0019487736993501535,0.36417986902848754,0.001738828029907842,0.5120848548078596,10.0,2.3,336.03,23.333333333333336,0.37385714285714294
216,5711.0,1.0,25.0,23.0,instock,12.4,16121,10.0,Vin,product,-0.2657484828776642,250.0,0.0017399765172769228,0.44581782724260366,0.001738828029907842,0.48078595026951837,10.0,2.3,285.2,20.833333333333336,0.40480000000000005
231,4271.0,1.0,16.6,23.0,instock,8.32,13460,10.0,Vin,product,-0.5701367571019809,166.0,0.0011553444074718768,0.7273637754984859,0.001738828029907842,0.506868370718136,10.0,2.3,191.36,13.833333333333336,0.39855421686746995
219,5480.0,1.0,10.4,23.0,instock,5.21,16306,10.0,Vin,product,-0.7948042928389767,104.0,0.0007238302311871999,0.9534222206137101,0.001738828029907842,0.48600243435924184,10.0,2.3,119.83,8.666666666666668,0.3988461538461539
240,5703.0,1.0,29.4,23.0,instock,15.95,11736,10.0,Vin,product,-0.10630700590302215,294.0,0.002046212384317661,0.3341924177391301,0.001738828029907842,0.5225178229873069,10.0,2.3,366.84999999999997,24.5,0.3489795918367347
435,4264.0,1.0,17.8,16.0,instock,9.2,15665,7.0,Vin,product,-0.5266527179270786,124.60000000000001,0.0008672042962108184,0.8826229241210162,0.0012171796209354895,0.8035124326204165,7.0,2.2857142857142856,147.2,14.833333333333334,0.37977528089887647
412,4102.0,1.0,16.3,16.0,instock,8.0,15767,7.0,Vin,product,-0.5810077668957065,114.10000000000001,0.0007941252824851876,0.9200633908244774,0.0012171796209354895,0.7755173013389004,7.0,2.2857142857142856,128.0,13.583333333333334,0.4110429447852761
436,4130.0,1.0,23.0,16.0,instock,12.48,15339,7.0,Vin,product,-0.33822188150250154,161.0,0.0011205448771263382,0.7398902144416658,0.0012171796209354895,0.804729612241352,7.0,2.2857142857142856,199.68,19.166666666666668,0.3488695652173913
450,6328.0,1.0,22.4,16.0,instock,11.23,15810,7.0,Vin,product,-0.3599639010899528,156.79999999999998,0.0010913132716360858,0.7587056245088912,0.0012171796209354895,0.8217701269344487,7.0,2.2857142857142856,179.68,18.666666666666668,0.39839285714285716
418,4167.0,1.0,14.3,16.0,instock,7.24,15785,7.0,Vin,product,-0.6534811655205439,100.10000000000001,0.0006966865975176799,0.9633686223770717,0.0012171796209354895,0.7828203790645133,7.0,2.2857142857142856,115.84,11.916666666666668,0.3924475524475525
437,4615.0,1.0,24.0,16.0,instock,12.28,16186,7.0,Vin,product,-0.30198518219008286,168.0,0.0011692642196100922,0.7157400363724693,0.0012171796209354895,0.8059467918622875,7.0,2.2857142857142856,196.48,20.0,0.386
457,6212.0,1.0,115.0,16.0,instock,59.42,13996,7.0,Vin,product,2.9955544552400153,805.0,0.005602724385631691,0.04429841014865663,0.0012171796209354895,0.8302903842809971,7.0,2.2857142857142856,950.72,95.83333333333334,0.3799652173913044
355,4722.0,1.0,13.7,18.0,instock,6.72,15880,8.0,Vin,product,-0.6752231851079951,109.6,0.0007628057051742029,0.9348337034843376,0.0013910624239262736,0.7005738132498723,8.0,2.25,120.96,11.416666666666666,0.4113868613138686
364,5491.0,1.0,26.5,18.0,instock,13.01,15481,8.0,Vin,product,-0.21139343390903623,212.0,0.0014755000866508304,0.5629057190244162,0.0013910624239262736,0.7130933750652089,8.0,2.25,234.18,22.083333333333336,0.41086792452830195
351,5445.0,1.0,16.3,18.0,instock,8.0,12194,8.0,Vin,product,-0.5810077668957065,130.4,0.0009075717514116429,0.868495358786638,0.0013910624239262736,0.6950095635541672,8.0,2.25,144.0,13.583333333333334,0.4110429447852761
357,4176.0,1.0,13.5,18.0,instock,6.63,15629,8.0,Vin,product,-0.6824705249704788,108.0,0.0007516698554636307,0.9416474515259939,0.0013910624239262736,0.7033559380977249,8.0,2.25,119.34,11.25,0.4106666666666667
96,4265.0,1.0,9.6,27.0,instock,4.81,15136,12.0,Vin,product,-0.8237936522889115,115.19999999999999,0.0008017811791612059,0.9144735422650737,0.0020865936358894104,0.24760911145887685,12.0,2.25,129.86999999999998,8.0,0.39875000000000005
369,4980.0,1.0,26.5,18.0,instock,14.1,15229,8.0,Vin,product,-0.21139343390903623,212.0,0.0014755000866508304,0.5599547188511145,0.0013910624239262736,0.7200486871848403,8.0,2.25,253.79999999999998,22.083333333333336,0.36150943396226426
62,4060.0,1.0,11.9,29.0,instock,6.33,16498,13.0,Vin,product,-0.7404492438703487,154.70000000000002,0.0010766974688909599,0.7673484358655093,0.0022604764388801948,0.17144844374891335,13.0,2.230769230769231,183.57,9.916666666666668,0.36168067226890765
266,4166.0,1.0,20.5,20.0,instock,10.27,16124,9.0,Vin,product,-0.4288136297835482,184.5,0.001284102669750369,0.664290670733108,0.001564945226917058,0.5661624065379945,9.0,2.2222222222222223,205.39999999999998,17.083333333333336,0.39882926829268306
294,4664.0,1.0,16.4,20.0,instock,8.39,15402,9.0,Vin,product,-0.5773840969644648,147.6,0.001027282135800295,0.7967658708478069,0.001564945226917058,0.6099808728916728,9.0,2.2222222222222223,167.8,13.666666666666666,0.3860975609756097
269,4650.0,1.0,25.3,20.0,instock,13.07,15206,9.0,Vin,product,-0.2548774730839386,227.70000000000002,0.0015847706119358213,0.5018680387889485,0.001564945226917058,0.5708572422187458,9.0,2.2222222222222223,261.4,21.083333333333336,0.38007905138339926
267,4254.0,1.0,26.9,20.0,instock,14.59,12203,9.0,Vin,product,-0.1968987541840688,242.1,0.001684993259330972,0.4629475480598914,0.001564945226917058,0.5677273517649116,9.0,2.2222222222222223,291.8,22.416666666666668,0.34914498141263944
302,4785.0,1.0,10.1,20.0,instock,4.96,15448,9.0,Vin,product,-0.8056753026327023,90.89999999999999,0.0006326554616818891,0.9773942250875376,0.001564945226917058,0.6225004347070094,9.0,2.2222222222222223,99.2,8.416666666666666,0.41069306930693067
283,4778.0,1.0,13.9,20.0,instock,6.89,16072,9.0,Vin,product,-0.6679758452455115,125.10000000000001,0.0008706842492453722,0.8791485390113176,0.001564945226917058,0.5927664753955849,9.0,2.2222222222222223,137.79999999999998,11.583333333333334,0.405179856115108
533,4900.0,1.0,20.8,11.0,instock,10.75,16063,5.0,Vin,product,-0.4179426199898226,104.0,0.0007238302311871999,0.9526983903825229,0.000869414014953921,0.9062771691879679,5.0,2.2,118.25,17.333333333333336,0.3798076923076924
223,4231.0,1.0,11.1,22.0,instock,5.85,15461,10.0,Vin,product,-0.7694386033202836,111.0,0.0007725495736709537,0.9294613519895935,0.001738828029907842,0.49295774647887314,10.0,2.2,128.7,9.25,0.3675675675675676
226,6325.0,1.0,27.9,22.0,instock,15.14,15678,10.0,Vin,product,-0.16066205487165014,279.0,0.0019418137932810458,0.3738986818633896,0.001738828029907842,0.4981742305685966,10.0,2.2,333.08000000000004,23.25,0.34881720430107527
252,6584.0,1.0,13.5,22.0,instock,6.91,15769,10.0,Vin,product,-0.6824705249704788,135.0,0.0009395873193295383,0.8537473178261987,0.001738828029907842,0.5433837593462014,10.0,2.2,152.02,11.25,0.3857777777777778
222,4790.0,1.0,11.1,22.0,instock,5.62,15732,10.0,Vin,product,-0.7694386033202836,111.0,0.0007725495736709537,0.9286888024159226,0.001738828029907842,0.4912189184489653,10.0,2.2,123.64,9.25,0.3924324324324324
242,4270.0,1.0,15.5,22.0,instock,8.25,15839,10.0,Vin,product,-0.6099971263456415,155.0,0.001078785440711692,0.7641169514776226,0.001738828029907842,0.5259954790471226,10.0,2.2,181.5,12.916666666666668,0.3612903225806452
156,5506.0,1.0,18.2,24.0,instock,9.59,14192,11.0,Vin,product,-0.5121580382021111,200.2,0.0013933731950353597,0.5988835614674548,0.0019127108328986263,0.37019648756738016,11.0,2.1818181818181817,230.16,15.166666666666666,0.36769230769230765
154,4933.0,1.0,18.4,24.0,instock,9.22,16281,11.0,Vin,product,-0.5049106983396274,202.39999999999998,0.0014086849883873966,0.5932898849597129,0.0019127108328986263,0.3663710659015829,11.0,2.1818181818181817,221.28000000000003,15.333333333333332,0.39869565217391295
180,4666.0,1.0,21.0,24.0,instock,11.18,13647,11.0,Vin,product,-0.41069528012733886,231.0,0.0016077383019638767,0.48915716233493706,0.0019127108328986263,0.4161015475569471,11.0,2.1818181818181817,268.32,17.5,0.36114285714285715
171,4250.0,1.0,19.5,24.0,instock,9.97,16317,11.0,Vin,product,-0.46505032909596683,214.5,0.0014928998518235997,0.5540255748708416,0.0019127108328986263,0.3988871500608595,11.0,2.1818181818181817,239.28000000000003,16.25,0.3864615384615384
182,4750.0,1.0,16.4,24.0,instock,8.3,13627,11.0,Vin,product,-0.5773840969644648,180.39999999999998,0.0012555670548670273,0.6769483039056907,0.0019127108328986263,0.41992696922274436,11.0,2.1818181818181817,199.20000000000002,13.666666666666666,0.3926829268292682
482,4662.0,1.0,20.8,13.0,instock,10.96,16081,6.0,Vin,product,-0.4179426199898226,124.80000000000001,0.0008685962774246399,0.8808871235473807,0.0010432968179447052,0.8563728047296142,6.0,2.1666666666666665,142.48000000000002,17.333333333333336,0.3676923076923077
111,4267.0,1.0,19.0,26.0,instock,9.33,16537,12.0,Vin,product,-0.4831686787521762,228.0,0.0015868585837565535,0.49710955100949955,0.0020865936358894104,0.27890801599721815,12.0,2.1666666666666665,242.58,15.833333333333334,0.4107368421052632
463,4725.0,1.0,23.4,13.0,instock,12.33,16010,6.0,Vin,product,-0.3237272017775341,140.39999999999998,0.0009771708121027196,0.8268730325215531,0.0010432968179447052,0.8365501651886652,6.0,2.1666666666666665,160.29,19.5,0.3676923076923077
128,4032.0,1.0,14.1,26.0,instock,6.92,19814,12.0,Vin,product,-0.6607285053830275,169.2,0.0011776161068930212,0.7110567155785669,0.0020865936358894104,0.3143801078073383,12.0,2.1666666666666665,179.92,11.75,0.41106382978723405
140,5706.0,1.0,10.3,26.0,instock,5.32,15674,12.0,Vin,product,-0.7984279627702185,123.60000000000001,0.0008602443901417106,0.8843503728073687,0.0020865936358894104,0.3394192314380114,12.0,2.1666666666666665,138.32,8.583333333333334,0.38019417475728157
488,6035.0,1.0,17.9,13.0,instock,9.34,15342,6.0,Vin,product,-0.5230290479958367,107.39999999999999,0.000747493911822166,0.9431466152932797,0.0010432968179447052,0.8626325856372823,6.0,2.1666666666666665,121.42,14.916666666666666,0.37385474860335194
57,4620.0,1.0,11.9,28.0,instock,6.03,15850,13.0,Vin,product,-0.7404492438703487,154.70000000000002,0.0010766974688909599,0.7695018308032912,0.0022604764388801948,0.1601460615545124,13.0,2.1538461538461537,168.84,9.916666666666668,0.39193277310924374
52,5629.0,1.0,10.3,28.0,instock,5.06,8365,13.0,Vin,product,-0.7984279627702185,133.9,0.0009319314226535199,0.8556118766621126,0.0022604764388801948,0.14884367936011142,13.0,2.1538461538461537,141.67999999999998,8.583333333333334,0.410485436893204
49,4242.0,1.0,8.6,30.0,instock,4.22,15310,14.0,Vin,product,-0.8600303516013302,120.39999999999999,0.0008379726907205659,0.8996419824318052,0.002434359241870979,0.14206225004347084,14.0,2.142857142857143,126.6,7.166666666666667,0.4111627906976745
424,5738.0,1.0,14.6,15.0,instock,7.17,15566,7.0,Vin,product,-0.6426101557268182,102.2,0.000711302400262806,0.9598663976430968,0.0012171796209354895,0.7901234567901262,7.0,2.142857142857143,107.55,12.166666666666666,0.4106849315068493
429,5715.0,1.0,13.7,15.0,instock,7.29,14982,7.0,Vin,product,-0.6752231851079951,95.89999999999999,0.0006674549920274275,0.9715729596513357,0.0012171796209354895,0.7962093548948036,7.0,2.142857142857143,109.35,11.416666666666666,0.3614598540145985
397,4268.0,1.0,15.2,15.0,instock,7.54,16307,7.0,Vin,product,-0.6208681361393671,106.39999999999999,0.0007405340057530582,0.9468569412187209,0.0012171796209354895,0.7572596070248682,7.0,2.142857142857143,113.1,12.666666666666666,0.4047368421052631
451,6928.0,1.0,19.0,15.0,instock,9.62,15741,7.0,Vin,product,-0.4831686787521762,133.0,0.0009256675071913229,0.8611749295831505,0.0012171796209354895,0.8229873065553842,7.0,2.142857142857143,144.29999999999998,15.833333333333334,0.392421052631579
419,4087.0,1.0,14.4,15.0,instock,7.81,16180,7.0,Vin,product,-0.6498574955893021,100.8,0.0007015585317660553,0.9612709066878427,0.0012171796209354895,0.7840375586854488,7.0,2.142857142857143,117.14999999999999,12.0,0.3491666666666667
398,4600.0,1.0,26.5,15.0,instock,13.14,15475,7.0,Vin,product,-0.21139343390903623,185.5,0.0012910625758194767,0.6591479961386444,0.0012171796209354895,0.7584767866458036,7.0,2.142857142857143,197.10000000000002,22.083333333333336,0.40498113207547176
393,4405.0,1.0,68.1,15.0,instock,32.46,13230,7.0,Cognac,product,1.2960532574875798,476.69999999999993,0.003317787223143636,0.12754723862246756,0.0012171796209354895,0.7523908885411262,7.0,2.142857142857143,486.90000000000003,56.75,0.42801762114537445
452,4793.0,1.0,18.7,15.0,instock,9.37,15730,7.0,Vin,product,-0.4940396885459018,130.9,0.0009110517044461968,0.8666795192932077,0.0012171796209354895,0.8242044861763197,7.0,2.142857142857143,140.54999999999998,15.583333333333334,0.39871657754010703
17,4059.0,1.0,8.7,34.0,instock,4.32,16275,16.0,Vin,product,-0.8564066816700884,139.2,0.0009688189248197905,0.8336624208919676,0.0027821248478525473,0.061206746652756064,16.0,2.125,146.88,7.25,0.4041379310344827
343,5614.0,1.0,19.2,17.0,instock,9.42,14856,8.0,Vin,product,-0.47592133888969246,153.6,0.0010690415722149414,0.7727145234447913,0.0013910624239262736,0.683881064162757,8.0,2.125,160.14,16.0,0.41125
381,4098.0,1.0,22.1,17.0,instock,10.96,15378,8.0,Vin,product,-0.37083491088367826,176.8,0.0012305113930182398,0.6906126874911699,0.0013910624239262736,0.7367414362719557,8.0,2.125,186.32000000000002,18.416666666666668,0.40488687782805427
316,6570.0,1.0,29.2,19.0,instock,14.33,15706,9.0,Vin,product,-0.11355434576550585,262.8,0.0018290633149615012,0.42263507611701284,0.001564945226917058,0.6444096678838486,9.0,2.111111111111111,272.27,24.333333333333332,0.4110958904109589
301,4782.0,1.0,9.8,19.0,instock,5.01,16564,9.0,Vin,product,-0.8165463124264278,88.2,0.0006138637152952983,0.9811337826184693,0.001564945226917058,0.6209354894800924,9.0,2.111111111111111,95.19,8.166666666666668,0.3865306122448981
274,4975.0,1.0,23.7,19.0,instock,12.73,14756,9.0,Vin,product,-0.3128561919838085,213.29999999999998,0.0014845479645406703,0.5569967587717437,0.001564945226917058,0.5786819683533312,9.0,2.111111111111111,241.87,19.75,0.3554430379746835
233,4784.0,1.0,28.5,21.0,instock,14.28,15734,10.0,Vin,product,-0.13892003528419888,285.0,0.001983573229695692,0.3563075192737198,0.001738828029907842,0.5103460267779517,10.0,2.1,299.88,23.75,0.39873684210526317
229,4668.0,1.0,12.3,21.0,instock,6.23,14657,10.0,Vin,product,-0.7259545641453812,123.0,0.000856068446500246,0.8869199701280832,0.001738828029907842,0.5033907146583202,10.0,2.1,130.83,10.250000000000002,0.3921951219512196
225,4893.0,1.0,27.9,21.0,instock,14.99,15808,10.0,Vin,product,-0.16066205487165014,279.0,0.0019418137932810458,0.3719568680701085,0.001738828029907842,0.4964354025386888,10.0,2.1,314.79,23.25,0.3552688172043011
257,4178.0,1.0,11.5,21.0,instock,6.18,16160,10.0,Vin,product,-0.7549439235953161,115.0,0.0008003891979473845,0.9176775350239873,0.001738828029907842,0.5520778994957408,10.0,2.1,129.78,9.583333333333334,0.35513043478260875
149,5525.0,1.0,12.0,23.0,instock,6.26,14819,11.0,Vin,product,-0.7368255739391069,132.0,0.0009187076011222152,0.8639435802174416,0.0019127108328986263,0.3568075117370898,11.0,2.090909090909091,143.98,10.0,0.374
178,4715.0,1.0,11.1,23.0,instock,5.91,15196,11.0,Vin,product,-0.7694386033202836,122.1,0.000849804531038049,0.8945835227007776,0.0019127108328986263,0.41227612589114987,11.0,2.090909090909091,135.93,9.25,0.36108108108108106
192,4719.0,1.0,12.5,23.0,instock,6.46,16527,11.0,Vin,product,-0.7187072242828975,137.5,0.0009569870845023076,0.845204033126369,0.0019127108328986263,0.4390540775517306,11.0,2.090909090909091,148.58,10.416666666666668,0.37984000000000007
162,4613.0,1.0,16.9,23.0,instock,8.38,15030,11.0,Vin,product,-0.5592657473082554,185.89999999999998,0.0012938465382471196,0.6539809618729389,0.0019127108328986263,0.3816727525647719,11.0,2.090909090909091,192.74,14.083333333333332,0.40497041420118335
186,4690.0,1.0,12.8,23.0,instock,6.94,13659,11.0,Vin,product,-0.7078362144891719,140.8,0.000979954774530363,0.82491590693492,0.0019127108328986263,0.42757781255433885,11.0,2.090909090909091,159.62,10.666666666666668,0.34937500000000005
175,5896.0,1.0,24.7,23.0,instock,12.76,15910,11.0,Vin,product,-0.27661949267138985,271.7,0.0018910064789765596,0.3911515930181006,0.0019127108328986263,0.406537993392454,11.0,2.090909090909091,293.48,20.583333333333332,0.380080971659919
116,4068.0,1.0,16.6,25.0,instock,8.92,16416,12.0,Vin,product,-0.5701367571019809,199.20000000000002,0.0013864132889662522,0.6030525452028503,0.0020865936358894104,0.28934098417666526,12.0,2.0833333333333335,223.0,13.833333333333336,0.3551807228915664
97,4219.0,1.0,16.7,25.0,instock,8.97,12599,12.0,Vin,product,-0.5665130871707391,200.39999999999998,0.0013947651762491811,0.5974901882724194,0.0020865936358894104,0.24969570509476627,12.0,2.0833333333333335,224.25000000000003,13.916666666666666,0.3554491017964071
72,5904.0,1.0,18.8,27.0,instock,9.32,15856,13.0,Vin,product,-0.4904160186146599,244.4,0.0017010010432899198,0.45956294573848433,0.0022604764388801948,0.1940532081377153,13.0,2.076923076923077,251.64000000000001,15.666666666666668,0.4051063829787234
84,4225.0,1.0,16.9,27.0,instock,9.08,16497,13.0,Vin,product,-0.5592657473082554,219.7,0.0015290913633829596,0.5298009258067052,0.0022604764388801948,0.2211789254042776,13.0,2.076923076923077,245.16,14.083333333333332,0.35526627218934903
60,4712.0,1.0,15.8,27.0,instock,8.57,15667,13.0,Vin,product,-0.5991261165519158,205.4,0.0014295647065947197,0.5847640000250559,0.0022604764388801948,0.16692749087115297,13.0,2.076923076923077,231.39000000000001,13.166666666666668,0.34911392405063296
42,4057.0,1.0,8.7,29.0,instock,4.36,16039,14.0,Vin,product,-0.8564066816700884,121.79999999999998,0.0008477165592173166,0.8962803478004261,0.002434359241870979,0.1250217353503739,14.0,2.0714285714285716,126.44000000000001,7.25,0.3986206896551724
47,4194.0,1.0,10.8,29.0,instock,5.58,15441,14.0,Vin,product,-0.7803096131140091,151.20000000000002,0.001052337797649083,0.7822565546655381,0.002434359241870979,0.13719353155972885,14.0,2.0714285714285716,161.82,9.000000000000002,0.3800000000000001
16,5695.0,1.0,6.5,33.0,instock,3.53,16304,16.0,Vin,product,-0.9361274201574095,104.0,0.0007238302311871999,0.9512507299201486,0.0027821248478525473,0.058424621804903515,16.0,2.0625,116.49,5.416666666666667,0.3483076923076924
4,4647.0,1.0,28.5,45.0,instock,14.14,16525,22.0,Vin,product,-0.13892003528419888,627.0,0.004363861105330522,0.08224242605621794,0.0038254216657972527,0.022778647191792734,22.0,2.0454545454545454,636.3000000000001,23.75,0.4046315789473684
673,5004.0,1.0,59.4,4.0,instock,29.77,15871,2.0,Vin,product,0.9807939734695377,118.8,0.0008268368410099937,0.9096155278288366,0.0003477656059815684,0.9966962267431743,2.0,2.0,119.08,49.5,0.3985858585858586
672,5580.0,1.0,83.7,4.0,instock,41.08,13982,2.0,Vin,product,1.8613457667613114,167.4,0.0011650882759686276,0.7192415651158374,0.0003477656059815684,0.9963484611371927,2.0,2.0,164.32,69.75,0.4110394265232975
478,6615.0,1.0,32.8,12.0,instock,16.95,16071,6.0,Vin,product,0.01689777175920125,196.79999999999998,0.0013697095144003936,0.6113007298853498,0.0010432968179447052,0.8521996174578355,6.0,2.0,203.39999999999998,27.333333333333332,0.3798780487804878
479,4041.0,1.0,32.7,12.0,instock,17.57,14975,6.0,Vin,product,0.013274101827959591,196.20000000000002,0.0013655335707589292,0.6126662634561088,0.0010432968179447052,0.8532429142757801,6.0,2.0,210.84,27.250000000000004,0.3552293577981652
365,6206.0,1.0,25.2,16.0,instock,13.15,16580,8.0,Vin,product,-0.2585011430151805,201.6,0.0014031170635321105,0.594693002023245,0.0013910624239262736,0.7144844374891351,8.0,2.0,210.4,21.0,0.3738095238095238
263,4263.0,1.0,15.8,18.0,instock,8.49,15664,9.0,Vin,product,-0.5991261165519158,142.20000000000002,0.0009896986430271138,0.8190132105977098,0.001564945226917058,0.5614675708572433,9.0,2.0,152.82,13.166666666666668,0.35518987341772157
538,5619.0,1.0,71.3,10.0,instock,38.31,15922,5.0,Vin,product,1.4120106952873197,356.5,0.002481206513636892,0.22551278847940673,0.000869414014953921,0.9106242392627373,5.0,2.0,383.1,59.416666666666664,0.35523141654978957
486,4217.0,1.0,17.1,12.0,instock,9.28,15672,6.0,Vin,product,-0.5520184074457716,102.60000000000001,0.0007140863626904491,0.9577310984610946,0.0010432968179447052,0.8605459920013929,6.0,2.0,111.35999999999999,14.250000000000002,0.3487719298245615
349,6664.0,1.0,35.6,16.0,instock,19.31,15661,8.0,Vin,product,0.11836052983397366,284.8,0.0019821812484818705,0.36027257776129046,0.0013910624239262736,0.6922274387063146,8.0,2.0,308.96,29.666666666666668,0.3491011235955057
342,6622.0,1.0,42.2,16.0,instock,22.02,15205,8.0,Vin,product,0.35752274529593686,337.6,0.0023496642889307565,0.2691166000023665,0.0013910624239262736,0.6824900017388307,8.0,2.0,352.32,35.16666666666667,0.3738388625592418
676,5741.0,1.0,73.3,4.0,instock,37.87,15127,2.0,Vin,product,1.484484093912157,146.6,0.0010203222297311876,0.8008589916070491,0.0003477656059815684,0.9977395235611191,2.0,2.0,151.48,61.083333333333336,0.38002728512960443
675,5951.0,1.0,74.5,4.0,instock,39.65,16472,2.0,Vin,product,1.5279681330870596,149.0,0.001037026004297046,0.7895387043856454,0.0003477656059815684,0.9973917579551375,2.0,2.0,158.6,62.083333333333336,0.3613422818791947
406,5396.0,1.0,17.1,14.0,instock,8.48,14626,7.0,Vin,product,-0.5520184074457716,119.70000000000002,0.0008331007564721907,0.9038137501296282,0.0012171796209354895,0.7682142236132875,7.0,2.0,118.72,14.250000000000002,0.40491228070175445
686,5818.0,1.0,63.5,2.0,instock,32.48,15241,1.0,Vin,product,1.1293644406504542,63.5,0.00044195403538833835,0.997561944903991,0.0001738828029907842,0.9996522343940178,1.0,2.0,64.96,52.91666666666667,0.3862047244094489
462,4205.0,1.0,23.0,12.0,instock,11.65,15413,6.0,Vin,product,-0.33822188150250154,138.0,0.0009604670375368613,0.839448190807217,0.0010432968179447052,0.8355068683707205,6.0,2.0,139.8,19.166666666666668,0.39217391304347826
371,4783.0,1.0,29.5,16.0,instock,15.85,13754,8.0,Vin,product,-0.10268333597178023,236.0,0.001642537832309415,0.4745817270450117,0.0013910624239262736,0.7228308120326928,8.0,2.0,253.6,24.583333333333336,0.35525423728813565
373,5563.0,1.0,58.0,16.0,instock,29.07,19821,8.0,Vin,product,0.9300625944321517,464.0,0.003229396416065969,0.13403387107887593,0.0013910624239262736,0.7256129368805454,8.0,2.0,465.12,48.333333333333336,0.39855172413793105
388,5069.0,1.0,65.0,14.0,instock,35.26,15344,7.0,Vin,product,1.1837194896190824,455.0,0.0031667572614439993,0.14361278980178885,0.0012171796209354895,0.7463049904364488,7.0,2.0,493.64,54.16666666666667,0.34904615384615395
648,5068.0,1.0,59.9,6.0,instock,32.5,15345,3.0,Vin,product,0.9989123231257471,179.7,0.001250695120618652,0.6819573483036275,0.0005216484089723526,0.9866110241697079,3.0,2.0,195.0,49.916666666666664,0.34891485809682804
644,5551.0,1.0,36.3,6.0,instock,17.82,13957,3.0,Vin,product,0.14372621935266658,108.89999999999999,0.0007579337709258275,0.9386261563013943,0.0005216484089723526,0.9845244305338183,3.0,2.0,106.92,30.25,0.4109090909090909
643,4202.0,1.0,38.0,6.0,instock,19.63,15655,3.0,Vin,product,0.2053286081837784,114.0,0.0007934292918782768,0.921650249408234,0.0005216484089723526,0.9840027821248459,3.0,2.0,117.78,31.666666666666668,0.3801052631578948
663,5912.0,1.0,57.0,4.0,instock,25.08,15227,2.0,Whisky,product,0.893825895119733,114.0,0.0007934292918782768,0.9208568201163557,0.0003477656059815684,0.9932185706833583,2.0,2.0,100.32,47.5,0.47200000000000003
658,5003.0,1.0,48.7,4.0,instock,24.16,15869,2.0,Vin,product,0.5930612908266581,97.4,0.0006778948511310892,0.9695650267503981,0.0003477656059815684,0.9914797426534503,2.0,2.0,96.64,40.583333333333336,0.4046817248459959
662,5827.0,1.0,55.0,4.0,instock,29.55,15328,2.0,Vin,product,0.8213524964948956,110.0,0.000765589667601846,0.9333080920739892,0.0003477656059815684,0.9928708050773767,2.0,2.0,118.2,45.833333333333336,0.3552727272727273
664,4626.0,1.0,52.9,4.0,instock,27.88,807,2.0,Vin,product,0.7452554279388164,105.8,0.0007363580621115936,0.9483324413053718,0.0003477656059815684,0.9935663362893399,2.0,2.0,111.52,44.083333333333336,0.3675614366729679
632,5771.0,1.0,38.4,6.0,instock,20.04,15184,3.0,Vin,product,0.2198232879087458,115.19999999999999,0.0008017811791612059,0.9152753234442349,0.0005216484089723526,0.9782646496261496,3.0,2.0,120.24,32.0,0.37375
81,4272.0,1.0,9.2,26.0,instock,4.85,13089,13.0,Vin,product,-0.8382883320138791,119.6,0.0008324047658652799,0.9054785596613588,0.0022604764388801948,0.21439749608763703,13.0,2.0,126.1,7.666666666666666,0.3673913043478261
88,4714.0,1.0,13.3,26.0,instock,7.22,15361,13.0,Vin,product,-0.6897178648329625,172.9,0.0012033677593487199,0.7027431077790176,0.0022604764388801948,0.23022083115979838,13.0,2.0,187.72,11.083333333333334,0.34857142857142864
82,4759.0,1.0,16.9,26.0,instock,8.3,16229,13.0,Vin,product,-0.5592657473082554,219.7,0.0015290913633829596,0.5282718344433223,0.0022604764388801948,0.21665797252651722,13.0,2.0,215.8,14.083333333333332,0.4106508875739644
655,4054.0,1.0,71.6,6.0,instock,38.47,19816,3.0,Vin,product,1.4228817050810452,214.79999999999998,0.001494987823644332,0.552532675019018,0.0005216484089723526,0.9902625630325147,3.0,2.0,230.82,59.666666666666664,0.35525139664804467
642,4286.0,1.0,69.8,6.0,instock,36.06,16066,3.0,Vin,product,1.3576556463186917,209.39999999999998,0.0014574043308711504,0.5760996129596238,0.0005216484089723526,0.9834811337158735,3.0,2.0,216.36,58.166666666666664,0.3800573065902578
609,4602.0,1.0,31.5,8.0,instock,16.93,15659,4.0,Vin,product,-0.030209937346942908,126.0,0.0008769481647075691,0.8782778547620722,0.0006955312119631368,0.9652234394018403,4.0,2.0,135.44,26.25,0.35504761904761906
615,4619.0,1.0,59.0,8.0,instock,32.01,11049,4.0,Vin,product,0.9662992937445702,236.0,0.001642537832309415,0.47293918921270234,0.0006955312119631368,0.9693966266736188,4.0,2.0,256.08,49.16666666666667,0.34894915254237296
614,4891.0,1.0,27.9,8.0,instock,14.7,15807,4.0,Vin,product,-0.16066205487165014,111.6,0.0007767255173124183,0.9279162528422517,0.0006955312119631368,0.9687010954616557,4.0,2.0,117.6,23.25,0.367741935483871
563,4919.0,1.0,24.4,10.0,instock,12.86,15531,5.0,Vin,product,-0.2874905024651155,122.0,0.0008491085404311383,0.8954326312412088,0.000869414014953921,0.9323595896365844,5.0,2.0,128.6,20.333333333333332,0.36754098360655735
603,4073.0,1.0,77.8,8.0,instock,40.6,13074,4.0,Vin,product,1.647549240818041,311.2,0.0021659227687063133,0.30912701202184567,0.0006955312119631368,0.9610502521300618,4.0,2.0,324.8,64.83333333333333,0.3737789203084832
129,4048.0,1.0,22.8,24.0,instock,11.78,16044,12.0,Vin,product,-0.34546922136498526,273.6,0.0019042303005078645,0.38735914020104384,0.0020865936358894104,0.31646670144322775,12.0,2.0,282.71999999999997,19.0,0.38000000000000006
578,5550.0,1.0,34.3,8.0,instock,17.9,13958,4.0,Vin,product,0.07125282072782925,137.2,0.0009548991126815752,0.8471159193235529,0.0006955312119631368,0.9436619718309847,4.0,2.0,143.2,28.583333333333332,0.37376093294460644
571,5522.0,1.0,48.4,8.0,instock,26.26,15861,4.0,Vin,product,0.5821902810329325,193.6,0.001347437814979249,0.6289649714887451,0.0006955312119631368,0.9387932533472431,4.0,2.0,210.08,40.333333333333336,0.34892561983471077
565,4974.0,1.0,23.0,10.0,instock,12.12,16004,5.0,Vin,product,-0.33822188150250154,115.0,0.0008003891979473845,0.91687714582604,0.000869414014953921,0.9340984176664922,5.0,2.0,121.19999999999999,19.166666666666668,0.36765217391304356
558,6629.0,1.0,37.7,10.0,instock,19.48,15793,5.0,Vin,product,0.1944575983900529,188.5,0.0013119422940267998,0.6461893470285727,0.000869414014953921,0.928012519561815,5.0,2.0,194.8,31.41666666666667,0.3799469496021221
18,4207.0,1.0,6.7,30.0,instock,3.63,16023,15.0,Vin,product,-0.9288800802949257,100.5,0.000699470559945323,0.962671935779554,0.0026082420448617634,0.06381498869761783,15.0,2.0,108.89999999999999,5.583333333333334,0.3498507462686568
244,4071.0,1.0,33.2,19.0,instock,17.15,15953,10.0,Vin,product,0.03139245148416892,332.0,0.0023106888149437535,0.2760904258836123,0.001738828029907842,0.5294731351069384,10.0,1.9,325.84999999999997,27.66666666666667,0.380120481927711
245,5770.0,1.0,34.4,19.0,instock,18.13,15178,10.0,Vin,product,0.07487649065907116,344.0,0.0023942076877730457,0.25723186439875817,0.001738828029907842,0.5312119631368463,10.0,1.9,344.46999999999997,28.666666666666668,0.36755813953488375
309,6109.0,1.0,39.2,17.0,instock,21.06,15201,9.0,Vin,product,0.2488126473586809,352.8,0.0024554548611811933,0.23785409392114845,0.001564945226917058,0.633455051295429,9.0,1.8888888888888888,358.02,32.66666666666667,0.35530612244897974
319,6204.0,1.0,31.0,17.0,instock,15.86,14604,9.0,Vin,product,-0.04832828700315224,279.0,0.0019418137932810458,0.37584049565667066,0.001564945226917058,0.6491045035645998,9.0,1.8888888888888888,269.62,25.833333333333336,0.3860645161290323
289,4901.0,1.0,41.0,17.0,instock,20.76,14802,9.0,Vin,product,0.3140387061210344,369.0,0.002568205339500738,0.20042371908148732,0.001564945226917058,0.6021561467570874,9.0,1.8888888888888888,352.92,34.16666666666667,0.39239024390243904
335,4902.0,1.0,46.0,15.0,instock,23.53,13052,8.0,Vin,product,0.49522220268312767,368.0,0.00256124543343163,0.20298496451491896,0.0013910624239262736,0.6727525647713467,8.0,1.875,352.95000000000005,38.333333333333336,0.38617391304347826
328,4042.0,1.0,31.2,15.0,instock,15.48,16042,8.0,Vin,product,-0.04108094714066853,249.6,0.0017371925548492796,0.44755501979745294,0.0013910624239262736,0.6630151278038627,8.0,1.875,232.20000000000002,26.0,0.4046153846153846
352,4918.0,1.0,37.2,15.0,instock,18.64,15533,8.0,Vin,product,0.17633924873384357,297.6,0.002071268046166449,0.3280259409619007,0.0013910624239262736,0.6964006259780935,8.0,1.875,279.6,31.000000000000004,0.39870967741935487
334,5925.0,1.0,49.5,15.0,instock,25.06,15351,8.0,Vin,product,0.622050650276593,396.0,0.0027561228033666455,0.18180945029965878,0.0013910624239262736,0.6713615023474204,8.0,1.875,375.9,41.25,0.3924848484848485
403,4108.0,1.0,31.7,13.0,instock,16.54,15353,7.0,Vin,product,-0.0229625974844592,221.9,0.0015444031567349967,0.5205929700772757,0.0012171796209354895,0.7645626847504811,7.0,1.8571428571428572,215.01999999999998,26.416666666666668,0.37388012618296534
392,5545.0,1.0,65.9,13.0,instock,32.35,14827,7.0,Vin,product,1.2163325190002592,461.30000000000007,0.0032106046696793785,0.1372444757485553,0.0012171796209354895,0.7511737089201908,7.0,1.8571428571428572,420.55,54.91666666666667,0.4109256449165402
430,4656.0,1.0,43.0,13.0,instock,22.88,10814,7.0,Vin,product,0.3865121047458717,301.0,0.002094931726801415,0.3176264493134399,0.0012171796209354895,0.7974265345157391,7.0,1.8571428571428572,297.44,35.833333333333336,0.3614883720930233
394,5554.0,1.0,38.0,13.0,instock,19.83,13969,7.0,Vin,product,0.2053286081837784,266.0,0.0018513350143826459,0.406093119367261,0.0012171796209354895,0.7536080681620617,7.0,1.8571428571428572,257.78999999999996,31.666666666666668,0.3737894736842106
502,4994.0,1.0,78.0,11.0,instock,40.7,14507,6.0,Vin,product,1.654796580680525,468.0,0.0032572360403423993,0.13080447466280995,0.0010432968179447052,0.8772387410885079,6.0,1.8333333333333333,447.70000000000005,65.0,0.37384615384615383
513,5488.0,1.0,43.5,11.0,instock,22.7,14712,6.0,Vin,product,0.404630454402081,261.0,0.0018165354840371075,0.429910961921658,0.0010432968179447052,0.8887150060858994,6.0,1.8333333333333333,249.7,36.25,0.3737931034482759
474,5608.0,1.0,30.5,11.0,instock,15.29,15944,6.0,Vin,product,-0.06644663665936157,183.0,0.0012736628106467074,0.6668449562604705,0.0010432968179447052,0.8480264301860567,6.0,1.8333333333333333,168.19,25.416666666666668,0.3984262295081968
501,6041.0,1.0,71.7,11.0,instock,36.3,13073,6.0,Vin,product,1.4265053750122874,430.20000000000005,0.002994151590930129,0.16190829488565223,0.0010432968179447052,0.8761954442705632,6.0,1.8333333333333333,399.29999999999995,59.75000000000001,0.39246861924686205
117,5573.0,1.0,34.7,22.0,instock,17.39,14729,12.0,Vin,product,0.08574750045279692,416.40000000000003,0.002898104887176443,0.16480639977282868,0.0020865936358894104,0.2914275778125547,12.0,1.8333333333333333,382.58000000000004,28.91666666666667,0.3986167146974064
510,4634.0,1.0,41.0,11.0,instock,20.12,41,6.0,Vin,product,0.3140387061210344,246.0,0.001712136893000492,0.45614980780219394,0.0010432968179447052,0.8855851156320653,6.0,1.8333333333333333,221.32000000000002,34.16666666666667,0.4111219512195122
523,6884.0,1.0,46.5,9.0,instock,24.99,15735,5.0,Vin,product,0.5133405523393371,232.5,0.001618178161067538,0.48271924922101245,0.000869414014953921,0.897583029038429,5.0,1.8,224.91,38.75,0.3550967741935484
551,5486.0,1.0,49.5,9.0,instock,26.09,16130,5.0,Vin,product,0.622050650276593,247.5,0.0017225767521041534,0.44927759654955707,0.000869414014953921,0.9219266214571378,5.0,1.8,234.81,41.25,0.3675151515151515
530,5756.0,1.0,42.2,9.0,instock,25.85,7033,5.0,Huile d'olive,product,0.35752274529593686,211.0,0.0014685401805817227,0.5687937995588814,0.000869414014953921,0.9036689271431062,5.0,1.8,232.65,35.16666666666667,0.2649289099526067
552,5968.0,1.0,71.5,9.0,instock,35.83,13215,5.0,Vin,product,1.4192580351498036,357.5,0.0024881664197059995,0.21806360101364078,0.000869414014953921,0.9227960354720917,5.0,1.8,322.46999999999997,59.583333333333336,0.3986573426573427
374,5611.0,1.0,63.4,14.0,instock,33.74,15945,8.0,Vin,product,1.1257407707192124,507.2,0.003530064358251421,0.11732383259755527,0.0013910624239262736,0.7270039993044717,8.0,1.75,472.36,52.833333333333336,0.3613880126182965
581,5393.0,1.0,35.3,7.0,instock,18.06,12494,4.0,Vin,product,0.10748952004024791,141.2,0.0009827387369580058,0.8229559973858592,0.0006955312119631368,0.9457485654668739,4.0,1.75,126.41999999999999,29.416666666666664,0.38606232294617565
574,6578.0,1.0,40.0,7.0,instock,19.63,15647,4.0,Vin,product,0.2778020068086157,160.0,0.0011135849710572306,0.7465891240331818,0.0006955312119631368,0.9408798469831323,4.0,1.75,137.41,33.333333333333336,0.4111000000000001
575,5616.0,1.0,38.4,7.0,instock,19.05,14845,4.0,Vin,product,0.2198232879087458,153.6,0.0010690415722149414,0.7737835650170063,0.0006955312119631368,0.9415753781950954,4.0,1.75,133.35,32.0,0.4046875
606,6104.0,1.0,33.2,7.0,instock,17.84,14092,4.0,Vin,product,0.03139245148416892,132.8,0.0009242755259775015,0.8630248726163193,0.0006955312119631368,0.963136845765951,4.0,1.75,124.88,27.66666666666667,0.3551807228915664
595,4597.0,1.0,61.6,7.0,instock,33.42,14000,4.0,Vin,product,1.0605147119568588,246.4,0.0017149208554281352,0.45443767090919346,0.0006955312119631368,0.9554860024343571,4.0,1.75,233.94,51.333333333333336,0.34896103896103897
582,6621.0,1.0,35.2,7.0,instock,17.46,15204,4.0,Vin,product,0.10386585010900624,140.8,0.000979954774530363,0.8239359521603896,0.0006955312119631368,0.946444096678837,4.0,1.75,122.22,29.333333333333336,0.4047727272727273
590,5743.0,1.0,57.0,7.0,instock,29.74,14323,4.0,Vin,product,0.893825895119733,228.0,0.0015868585837565535,0.495522692425743,0.0006955312119631368,0.9520083463745417,4.0,1.75,208.17999999999998,47.5,0.3738947368421053
592,6568.0,1.0,72.0,7.0,instock,35.71,15707,4.0,Vin,product,1.4373763848060128,288.0,0.002004452947903015,0.3523389808331146,0.0006955312119631368,0.9533994087984679,4.0,1.75,249.97,60.0,0.4048333333333333
608,6575.0,1.0,41.8,7.0,instock,22.03,15479,4.0,Vin,product,0.3430280655709692,167.2,0.001163696294754806,0.7227340459813155,0.0006955312119631368,0.9645279081898772,4.0,1.75,154.21,34.833333333333336,0.3675598086124402
610,6108.0,1.0,46.0,7.0,instock,24.72,14797,4.0,Vin,product,0.49522220268312767,184.0,0.001280622716715815,0.6655712934498238,0.0006955312119631368,0.9659189706138034,4.0,1.75,173.04,38.333333333333336,0.35513043478260875
605,4629.0,1.0,52.4,7.0,instock,27.07,2534,4.0,Vin,product,0.7271370782826071,209.6,0.001458796312084972,0.5746422086287526,0.0006955312119631368,0.962441314553988,4.0,1.75,189.49,43.666666666666664,0.38007633587786255
399,4040.0,1.0,34.3,12.0,instock,18.25,15303,7.0,Vin,product,0.07125282072782925,240.09999999999997,0.0016710734471927565,0.4679767761854286,0.0012171796209354895,0.7596939662667391,7.0,1.7142857142857142,219.0,28.583333333333332,0.36151603498542273
456,5008.0,1.0,105.0,12.0,instock,56.42,11602,7.0,Vin,product,2.6331874621158287,735.0,0.005115530960794153,0.05485101973063771,0.0012171796209354895,0.8290732046600616,7.0,1.7142857142857142,677.04,87.5,0.35519999999999996
6,5826.0,1.0,41.2,34.0,instock,21.71,15325,20.0,Vin,product,0.32128604598351823,824.0,0.005734962600944737,0.03869568576302494,0.003477656059815684,0.0297339593114241,20.0,1.7,738.14,34.333333333333336,0.36766990291262136
622,5548.0,1.0,48.8,5.0,instock,26.47,13965,3.0,Vin,product,0.5966849607578998,146.39999999999998,0.001018930248517366,0.8028968521040839,0.0005216484089723526,0.9730481655364256,3.0,1.6666666666666667,132.35,40.666666666666664,0.3490983606557377
618,5829.0,1.0,57.0,5.0,instock,29.74,15329,3.0,Vin,product,0.893825895119733,171.0,0.0011901439378174151,0.7075203873048532,0.0005216484089723526,0.970961571900536,3.0,1.6666666666666667,148.7,47.5,0.3738947368421053
505,4616.0,1.0,57.0,10.0,instock,27.98,14371,6.0,Vin,product,0.893825895119733,342.0,0.0023802878756348303,0.2643866478378009,0.0010432968179447052,0.8803686315423419,6.0,1.6666666666666667,279.8,47.5,0.4109473684210526
497,4213.0,1.0,58.8,10.0,instock,29.16,15718,6.0,Vin,product,0.9590519538820864,352.79999999999995,0.002455454861181193,0.24030954878232966,0.0010432968179447052,0.8720222569987844,6.0,1.6666666666666667,291.6,49.0,0.40489795918367344
499,4399.0,1.0,59.0,10.0,instock,28.12,12640,6.0,Whisky,product,0.9662992937445702,354.0,0.0024638067484641225,0.23539863905996725,0.0010432968179447052,0.8741088506346738,6.0,1.6666666666666667,281.2,49.16666666666667,0.4280677966101695
635,5552.0,1.0,57.7,5.0,instock,30.11,13520,3.0,Vin,product,0.9191915846384261,173.10000000000002,0.0012047597405625415,0.7015397400196689,0.0005216484089723526,0.9798295948530668,3.0,1.6666666666666667,150.55,48.083333333333336,0.37379549393414213
631,4401.0,1.0,62.5,5.0,instock,27.21,3506,3.0,Cognac,product,1.0931277413380356,187.5,0.0013049823879576921,0.6474943294165304,0.0005216484089723526,0.9777430012171772,3.0,1.6666666666666667,136.05,52.083333333333336,0.477568
646,4397.0,1.0,59.0,5.0,instock,27.31,12639,3.0,Whisky,product,0.9662992937445702,177.0,0.0012319033742320613,0.6881502727239196,0.0005216484089723526,0.9855677273517631,3.0,1.6666666666666667,136.54999999999998,49.16666666666667,0.444542372881356
628,4633.0,1.0,52.4,5.0,instock,27.61,804,3.0,Vin,product,0.7271370782826071,157.2,0.001094097234063729,0.7565202140031914,0.0005216484089723526,0.97617805599026,3.0,1.6666666666666667,138.05,43.666666666666664,0.36770992366412214
627,5061.0,1.0,52.6,5.0,instock,27.99,15711,3.0,Vin,product,0.7343844181450909,157.8,0.0010982731777051937,0.754331323544457,0.0005216484089723526,0.9756564075812876,3.0,1.6666666666666667,139.95,43.833333333333336,0.36144486692015215
637,5967.0,1.0,56.3,5.0,instock,30.54,11669,3.0,Vin,product,0.8684602056010398,168.89999999999998,0.0011755281350722888,0.7122322437136391,0.0005216484089723526,0.9808728916710115,3.0,1.6666666666666667,152.7,46.916666666666664,0.3490586145648312
649,4393.0,1.0,57.0,5.0,instock,26.13,13765,3.0,Whisky,product,0.893825895119733,171.0,0.0011901439378174151,0.7063302433670358,0.0005216484089723526,0.9871326725786803,3.0,1.6666666666666667,130.65,47.5,0.4498947368421053
636,4045.0,1.0,42.6,5.0,instock,22.01,16041,3.0,Vin,product,0.3720174250209043,127.80000000000001,0.000889475995631963,0.8720831903652629,0.0005216484089723526,0.9803512432620392,3.0,1.6666666666666667,110.05000000000001,35.5,0.37999999999999995
507,6279.0,1.0,45.9,10.0,instock,22.77,16247,6.0,Vin,product,0.49159853275188575,275.4,0.001916758131432258,0.3835423277127452,0.0010432968179447052,0.8824552251782313,6.0,1.6666666666666667,227.7,38.25,0.4047058823529412
500,5969.0,1.0,69.0,10.0,instock,37.43,13211,6.0,Vin,product,1.3286662868687569,414.0,0.002881401112610584,0.16768780088543928,0.0010432968179447052,0.8751521474526185,6.0,1.6666666666666667,374.3,57.5,0.34904347826086957
624,4211.0,1.0,48.5,5.0,instock,25.56,15714,3.0,Vin,product,0.5858139509641743,145.5,0.0010126663330551691,0.8089818979803048,0.0005216484089723526,0.9740914623543704,3.0,1.6666666666666667,127.8,40.41666666666667,0.3675876288659795
237,4257.0,1.0,31.7,16.0,instock,17.2,12476,10.0,Vin,product,-0.0229625974844592,317.0,0.002206290223907138,0.28736129777192526,0.001738828029907842,0.5173013388975832,10.0,1.6,275.2,26.416666666666668,0.34889589905362783
560,4107.0,1.0,35.0,8.0,instock,17.54,14800,5.0,Vin,product,0.0966185102465224,175.0,0.001217983562093846,0.6954915816456143,0.000869414014953921,0.9297513475917227,5.0,1.6,140.32,29.166666666666668,0.3986285714285715
531,6886.0,1.0,42.0,8.0,instock,20.62,14897,5.0,Vin,product,0.35027540543345304,210.0,0.0014615802745126152,0.5731834123166676,0.000869414014953921,0.9045383411580601,5.0,1.6,164.96,35.0,0.4108571428571428
564,4628.0,1.0,39.6,8.0,instock,21.07,802,5.0,Vin,product,0.2633073270836483,198.0,0.0013780614016833228,0.6058086680062169,0.000869414014953921,0.9332290036515383,5.0,1.6,168.56,33.0,0.3615151515151515
556,4072.0,1.0,32.0,8.0,instock,15.71,12045,5.0,Vin,product,-0.012091587690733575,160.0,0.0011135849710572306,0.747702709004239,0.000869414014953921,0.9262736915319072,5.0,1.6,125.68,26.666666666666668,0.410875
517,5962.0,1.0,30.0,8.0,instock,15.5,16326,5.0,Vin,product,-0.0845649863155709,150.0,0.0010439859103661537,0.7833005405759043,0.000869414014953921,0.8923665449487057,5.0,1.6,124.0,25.0,0.38
537,7025.0,1.0,69.0,8.0,instock,34.22,15887,5.0,Vin,product,1.3286662868687569,345.0,0.0024011675938421535,0.2548376567109851,0.000869414014953921,0.9097548252477834,5.0,1.6,273.76,57.5,0.4048695652173913
534,4078.0,1.0,44.0,8.0,instock,22.28,13435,5.0,Vin,product,0.42274880405829035,220.0,0.001531179335203692,0.5267427430799393,0.000869414014953921,0.9071465832029217,5.0,1.6,178.24,36.66666666666667,0.3923636363636364
442,6620.0,1.0,51.0,11.0,instock,27.14,16046,7.0,Vin,product,0.676405699245221,357.0,0.0024846864666714457,0.22054828748031222,0.0012171796209354895,0.8120326899669649,7.0,1.5714285714285714,298.54,42.5,0.3614117647058823
395,4201.0,1.0,38.0,11.0,instock,19.24,15656,7.0,Vin,product,0.2053286081837784,266.0,0.0018513350143826459,0.4079444543816437,0.0012171796209354895,0.7548252477829972,7.0,1.5714285714285714,211.64,31.666666666666668,0.392421052631579
264,4794.0,1.0,41.6,14.0,instock,22.14,12771,9.0,Vin,product,0.3357807257084856,374.40000000000003,0.00260578883227392,0.19526225274063705,0.001564945226917058,0.5630325160841604,9.0,1.5555555555555556,309.96000000000004,34.66666666666667,0.36134615384615393
313,4654.0,1.0,33.4,14.0,instock,17.43,13514,9.0,Vin,product,0.0386397913466525,300.59999999999997,0.0020921477643737717,0.3197185970778137,0.001564945226917058,0.6397148322030973,9.0,1.5555555555555556,244.01999999999998,27.833333333333332,0.3737724550898203
460,6214.0,1.0,99.0,9.0,instock,49.62,11601,6.0,Vin,product,2.4157672662413168,594.0,0.004134184205049968,0.09483428811644758,0.0010432968179447052,0.8334202747348312,6.0,1.5,446.58,82.5,0.3985454545454546
372,4635.0,1.0,62.4,12.0,instock,31.92,798,8.0,Vin,product,1.0895040714067936,499.2,0.0034743851096985592,0.12079821770725382,0.0013910624239262736,0.7242218744566191,8.0,1.5,383.04,52.0,0.3861538461538461
362,4573.0,1.0,67.2,12.0,instock,36.46,13604,8.0,Vin,product,1.2634402281064034,537.6,0.0037416455027522947,0.10649978667887898,0.0013910624239262736,0.7103112502173563,8.0,1.5,437.52,56.00000000000001,0.3489285714285715
379,6572.0,1.0,44.0,12.0,instock,22.28,15704,8.0,Vin,product,0.42274880405829035,352.0,0.002449886936325907,0.24275943571865558,0.0013910624239262736,0.7339593114241031,8.0,1.5,267.36,36.66666666666667,0.3923636363636364
477,4705.0,1.0,31.6,9.0,instock,17.14,14699,6.0,Vin,product,-0.026586267415700988,189.60000000000002,0.0013195981907028183,0.6396143237650866,0.0010432968179447052,0.8511563206398908,6.0,1.5,154.26,26.333333333333336,0.34911392405063296
677,6106.0,1.0,74.8,3.0,instock,40.19,14106,2.0,Vin,product,1.538839142880785,149.6,0.0010412019479385105,0.7853843364529951,0.0003477656059815684,0.9980872891671007,2.0,1.5,120.57,62.333333333333336,0.35524064171123
577,6753.0,1.0,46.5,6.0,instock,22.82,15256,4.0,Vin,product,0.5133405523393371,186.0,0.0012945425288540305,0.6513932687964445,0.0006955312119631368,0.9429664406190216,4.0,1.5,136.92000000000002,38.75,0.4110967741935484
589,7247.0,1.0,54.8,6.0,instock,27.18,13127-1,4.0,Vin,product,0.8141051566324118,219.2,0.0015256114103484057,0.5359110273447749,0.0006955312119631368,0.9513128151625786,4.0,1.5,163.07999999999998,45.666666666666664,0.40481751824817513
588,5010.0,1.0,55.6,6.0,instock,30.16,15073,4.0,Vin,product,0.8430945160823469,222.4,0.0015478831097695506,0.5159548886728222,0.0006955312119631368,0.9506172839506155,4.0,1.5,180.96,46.333333333333336,0.3490647482014389
579,4081.0,1.0,39.0,6.0,instock,19.14,13117,4.0,Vin,product,0.24156530749619706,156.0,0.0010857453467807998,0.7608771152024529,0.0006955312119631368,0.9443575030429477,4.0,1.5,114.84,32.5,0.41107692307692306
238,4303.0,1.0,30.0,15.0,instock,15.19,13172,10.0,Vin,product,-0.0845649863155709,300.0,0.0020879718207323073,0.321806568898546,0.001738828029907842,0.5190401669274911,10.0,1.5,227.85,25.0,0.3924
671,5067.0,1.0,59.9,3.0,instock,30.95,15346,2.0,Vin,product,0.9989123231257471,119.8,0.0008337967470791014,0.902980649373156,0.0003477656059815684,0.9960006955312111,2.0,1.5,92.85,49.916666666666664,0.37996661101836393
670,4394.0,1.0,59.8,3.0,instock,27.96,13766,2.0,Whisky,product,0.9952886531945051,119.6,0.0008324047658652799,0.9046461548954935,0.0003477656059815684,0.9956529299252295,2.0,1.5,83.88,49.833333333333336,0.4389297658862876
659,5742.0,1.0,42.1,3.0,instock,22.84,15125,2.0,Vin,product,0.35389907536469495,84.2,0.0005860240910188676,0.9877164617786313,0.0003477656059815684,0.9918275082594319,2.0,1.5,68.52,35.083333333333336,0.34897862232779103
598,4996.0,1.0,78.0,6.0,instock,40.7,14508,4.0,Vin,product,1.654796580680525,312.0,0.0021714906935615995,0.3004466171724546,0.0006955312119631368,0.9575725960702464,4.0,1.5,244.20000000000002,65.0,0.37384615384615383
593,4617.0,1.0,67.5,6.0,instock,35.57,10459,4.0,Vin,product,1.274311237900129,270.0,0.0018791746386590765,0.39491133427663255,0.0006955312119631368,0.9540949400104309,4.0,1.5,213.42000000000002,56.25,0.36764444444444444
602,5819.0,1.0,56.0,6.0,instock,28.07,11933,4.0,Vin,product,0.8575891958073143,224.0,0.0015590189594801229,0.5112945355689479,0.0006955312119631368,0.9603547209180987,4.0,1.5,168.42000000000002,46.66666666666667,0.3985000000000001
587,4711.0,1.0,55.4,6.0,instock,29.77,16119,4.0,Vin,product,0.835847176219863,221.6,0.0015423151849142643,0.5221352852621899,0.0006955312119631368,0.9499217527386524,4.0,1.5,178.62,46.166666666666664,0.35516245487364617
597,4995.0,1.0,78.0,6.0,instock,42.32,14509,4.0,Vin,product,1.654796580680525,312.0,0.0021714906935615995,0.30696108925313936,0.0006955312119631368,0.9568770648582833,4.0,1.5,253.92000000000002,65.0,0.3489230769230769
385,4258.0,1.0,32.1,12.0,instock,17.25,14485,8.0,Vin,product,-0.008467917759491657,256.8,0.0017873038785468551,0.43529236129429205,0.0013910624239262736,0.7423056859676608,8.0,1.5,207.0,26.750000000000004,0.35514018691588795
333,5465.0,1.0,54.8,12.0,instock,28.6,16034,8.0,Vin,product,0.8141051566324118,438.4,0.0030512228206968114,0.15286598492066752,0.0013910624239262736,0.6699704399234941,8.0,1.5,343.20000000000005,45.666666666666664,0.3737226277372262
331,4212.0,1.0,39.8,12.0,instock,21.39,15717,8.0,Vin,product,0.2705546669461319,318.4,0.0022160340924038888,0.28515500754801815,0.0013910624239262736,0.6671883150756416,8.0,1.5,256.68,33.166666666666664,0.35507537688442203
498,5523.0,1.0,60.4,9.0,instock,31.83,15862,6.0,Vin,product,1.0170306727819565,362.4,0.002522269959444627,0.2105810059987431,0.0010432968179447052,0.8730655538167291,6.0,1.5,286.46999999999997,50.333333333333336,0.36761589403973516
490,5524.0,1.0,38.6,9.0,instock,19.74,15864,6.0,Vin,product,0.22707062777122963,231.60000000000002,0.0016119142456053415,0.4843311634666178,0.0010432968179447052,0.8647191792731717,6.0,1.5,177.66,32.16666666666667,0.3863212435233162
454,4398.0,1.0,59.0,10.0,instock,28.39,12641,7.0,Whisky,product,0.9662992937445702,413.0,0.0028744412065414763,0.17056224209198076,0.0012171796209354895,0.8266388454181907,7.0,1.4285714285714286,283.9,49.16666666666667,0.4225762711864407
410,4687.0,1.0,30.1,10.0,instock,15.4,15582,7.0,Vin,product,-0.08094131638432898,210.70000000000002,0.0014664522087609905,0.5702602517676424,0.0012171796209354895,0.7730829420970294,7.0,1.4285714285714286,154.0,25.083333333333336,0.38604651162790704
441,6631.0,1.0,47.2,10.0,instock,24.39,15795,7.0,Vin,product,0.5387062418580302,330.40000000000003,0.0022995529652331814,0.2807006676637892,0.0012171796209354895,0.8108155103460294,7.0,1.4285714285714286,243.9,39.333333333333336,0.37991525423728817
536,4053.0,1.0,44.3,7.0,instock,22.2,13127,5.0,Vin,product,0.43361981385201587,221.5,0.0015416191943073536,0.5236769044564973,0.000869414014953921,0.9088854112328295,5.0,1.4,155.4,36.916666666666664,0.3986455981941309
541,4132.0,1.0,88.4,7.0,instock,44.3,11668,5.0,Vin,product,2.031658253529679,442.0,0.0030762784825455994,0.14981476209997072,0.000869414014953921,0.9132324813075989,5.0,1.4,310.09999999999997,73.66666666666667,0.39864253393665167
543,6107.0,1.0,62.4,7.0,instock,31.27,14101,5.0,Vin,product,1.0895040714067936,312.0,0.0021714906935615995,0.298275126478893,0.000869414014953921,0.9149713093375067,5.0,1.4,218.89,52.0,0.39865384615384614
529,4596.0,1.0,43.9,7.0,instock,22.91,15476,5.0,Vin,product,0.41912513412704844,219.5,0.0015276993821691381,0.5343854159344265,0.000869414014953921,0.9027995131281523,5.0,1.4,160.37,36.583333333333336,0.3737585421412301
527,4908.0,1.0,53.2,7.0,instock,26.11,14395,5.0,Vin,product,0.7561264377325422,266.0,0.0018513350143826459,0.40424178435287833,0.000869414014953921,0.9010606850982446,5.0,1.4,182.76999999999998,44.333333333333336,0.4110526315789474
515,6628.0,1.0,32.2,7.0,instock,16.8,15792,5.0,Vin,product,-0.00484424782824974,161.0,0.0011205448771263382,0.7410107593187921,0.000869414014953921,0.8906277169187979,5.0,1.4,117.60000000000001,26.833333333333336,0.3739130434782609
522,4391.0,1.0,49.5,7.0,instock,22.01,11467,5.0,Whisky,product,0.622050650276593,247.5,0.0017225767521041534,0.4510001733016612,0.000869414014953921,0.8967136150234751,5.0,1.4,154.07000000000002,41.25,0.4664242424242424
246,5485.0,1.0,33.4,14.0,instock,16.57,16131,10.0,Vin,product,0.0386397913466525,334.0,0.002324608627081969,0.2737797370686686,0.001738828029907842,0.5329507911667541,10.0,1.4,231.98000000000002,27.833333333333332,0.4046706586826347
566,5768.0,1.0,35.6,7.0,instock,18.21,15183,5.0,Vin,product,0.11836052983397366,178.0,0.001238863280301169,0.6844434267515128,0.000869414014953921,0.934967831681446,5.0,1.4,127.47,29.666666666666668,0.38617977528089886
568,5609.0,1.0,38.6,7.0,instock,20.54,15930,5.0,Vin,product,0.22707062777122963,193.0,0.0013432618713377844,0.6303082333600829,0.000869414014953921,0.9367066597113538,5.0,1.4,143.78,32.16666666666667,0.36145077720207264
330,6227.0,1.0,40.2,11.0,instock,21.39,15163,8.0,Vin,product,0.28504934667109955,321.6,0.0022383057918250334,0.28293897345561425,0.0013910624239262736,0.6657972526517153,8.0,1.375,235.29000000000002,33.50000000000001,0.36149253731343295
376,5474.0,1.0,42.0,11.0,instock,22.57,14679,8.0,Vin,product,0.35027540543345304,336.0,0.0023385284392201844,0.27145512844158665,0.0013910624239262736,0.7297861241523242,8.0,1.375,248.27,35.0,0.35514285714285715
654,5766.0,1.0,35.6,4.0,instock,17.66,15179,3.0,Vin,product,0.11836052983397366,106.80000000000001,0.0007433179681807015,0.9446353392014618,0.0005216484089723526,0.9897409146235423,3.0,1.3333333333333333,70.64,29.666666666666668,0.40471910112359555
645,6101.0,1.0,36.9,4.0,instock,20.02,14089,3.0,Vin,product,0.1654682389401178,110.69999999999999,0.0007704616018502213,0.9310043631651146,0.0005216484089723526,0.9850460789427907,3.0,1.3333333333333333,80.08,30.75,0.3489430894308943
619,4069.0,1.0,60.0,4.0,instock,30.07,11862,3.0,Vin,product,1.002535993056989,180.0,0.0012527830924393844,0.6807066531830088,0.0005216484089723526,0.9714832203095084,3.0,1.3333333333333333,120.28,50.0,0.3986
625,4364.0,1.0,49.5,4.0,instock,23.6,11585,3.0,Whisky,product,0.622050650276593,148.5,0.001033546051262492,0.7926414305112537,0.0005216484089723526,0.9746131107633428,3.0,1.3333333333333333,94.4,41.25,0.42787878787878786
623,4658.0,1.0,48.8,4.0,instock,25.97,13517,3.0,Vin,product,0.5966849607578998,146.39999999999998,0.001018930248517366,0.8018779218555665,0.0005216484089723526,0.973569813945398,3.0,1.3333333333333333,103.88,40.666666666666664,0.3613934426229508
633,5002.0,1.0,64.9,4.0,instock,34.54,14580,3.0,Vin,product,1.1800958196878406,194.70000000000002,0.0013550937116552676,0.626267311896359,0.0005216484089723526,0.978786298035122,3.0,1.3333333333333333,138.16,54.08333333333334,0.36135593220338996
653,4210.0,1.0,79.8,4.0,instock,39.17,15720,3.0,Vin,product,1.7200226394428784,239.39999999999998,0.0016662015129443812,0.469642977698373,0.0005216484089723526,0.9892192662145699,3.0,1.3333333333333333,156.68,66.5,0.41097744360902255
310,5520.0,1.0,38.6,12.0,instock,19.15,15863,9.0,Vin,product,0.22707062777122963,347.40000000000003,0.0024178713684080123,0.25003532152330077,0.001564945226917058,0.6350199965223461,9.0,1.3333333333333333,229.79999999999998,32.16666666666667,0.4046632124352333
293,5062.0,1.0,45.0,12.0,instock,23.25,15713,9.0,Vin,product,0.45898550337070904,405.0,0.002818761957988615,0.17624152544437263,0.001564945226917058,0.6084159276647557,9.0,1.3333333333333333,279.0,37.5,0.38
475,4603.0,1.0,31.5,8.0,instock,15.95,15147,6.0,Vin,product,-0.030209937346942908,189.0,0.0013154222470613537,0.6422465602404231,0.0010432968179447052,0.8490697270040014,6.0,1.3333333333333333,127.6,26.25,0.3923809523809524
259,6926.0,1.0,49.9,12.0,instock,27.07,15845,9.0,Vin,product,0.6365453300015604,449.09999999999997,0.003125693815636264,0.14673848361742511,0.001564945226917058,0.555207789949575,9.0,1.3333333333333333,324.84000000000003,41.583333333333336,0.3490180360721443
491,5398.0,1.0,39.0,8.0,instock,21.16,12315,6.0,Vin,product,0.24156530749619706,234.0,0.0016286180201711996,0.47948150091766356,0.0010432968179447052,0.8657624760911163,6.0,1.3333333333333333,169.28,32.5,0.3489230769230769
494,5561.0,1.0,58.0,8.0,instock,30.27,19820,6.0,Vin,product,0.9300625944321517,348.0,0.0024220473120494766,0.24761745015489275,0.0010432968179447052,0.8688923665449504,6.0,1.3333333333333333,242.16,48.333333333333336,0.37372413793103454
307,4400.0,1.0,44.0,12.0,instock,21.18,14768,9.0,Cognac,product,0.42274880405829035,396.0,0.0027561228033666455,0.18456557310302543,0.001564945226917058,0.6303251608415948,9.0,1.3333333333333333,254.16,36.66666666666667,0.42236363636363644
630,4625.0,1.0,52.4,4.0,instock,28.16,812,3.0,Vin,product,0.7271370782826071,157.2,0.001094097234063729,0.7576143112372551,0.0005216484089723526,0.9772213528082048,3.0,1.3333333333333333,112.64,43.666666666666664,0.3551145038167939
620,5950.0,1.0,46.0,4.0,instock,24.72,15432,3.0,Vin,product,0.49522220268312767,138.0,0.0009604670375368613,0.8404086578447538,0.0005216484089723526,0.9720048687184808,3.0,1.3333333333333333,98.88,38.333333333333336,0.35513043478260875
401,5773.0,1.0,32.8,9.0,instock,17.79,15264,7.0,Vin,product,0.01689777175920125,229.59999999999997,0.0015979944334671256,0.4907551567684042,0.0012171796209354895,0.7621283255086101,7.0,1.2857142857142858,160.10999999999999,27.333333333333332,0.3491463414634146
404,4395.0,1.0,27.5,9.0,instock,13.11,11587,7.0,Whisky,product,-0.17515673459661754,192.5,0.0013397819183032305,0.6329912771497239,0.0012171796209354895,0.7657798643714165,7.0,1.2857142857142858,117.99,22.916666666666668,0.42792727272727277
426,4632.0,1.0,50.0,9.0,instock,26.87,2179,7.0,Vin,product,0.6401689999328023,350.0,0.002435967124187692,0.24519540284284327,0.0012171796209354895,0.7925578160319972,7.0,1.2857142857142858,241.83,41.66666666666667,0.35512000000000005
345,4299.0,1.0,39.1,10.0,instock,19.19,16578,8.0,Vin,product,0.24518897742743898,312.8,0.002177058618416886,0.29392936112934215,0.0013910624239262736,0.6866631890106095,8.0,1.25,191.9,32.583333333333336,0.41104859335038363
601,5618.0,1.0,71.3,5.0,instock,36.84,15921,4.0,Vin,product,1.4120106952873197,285.2,0.0019849652109095134,0.3543239460440241,0.0006955312119631368,0.9596591897061356,4.0,1.25,184.20000000000002,59.416666666666664,0.37997194950911634
591,5615.0,1.0,56.4,5.0,instock,30.6,15923,4.0,Vin,product,0.8720838755322817,225.6,0.001570154809190695,0.5081695377439186,0.0006955312119631368,0.9527038775865048,4.0,1.25,153.0,47.0,0.3489361702127659
585,6105.0,1.0,34.8,5.0,instock,17.8,14090,4.0,Vin,product,0.08937117038403858,139.2,0.0009688189248197905,0.8346312398167874,0.0006955312119631368,0.9485306903147263,4.0,1.25,89.0,29.0,0.38620689655172413
572,5006.0,1.0,48.7,5.0,instock,24.91,15870,4.0,Vin,product,0.5930612908266581,194.8,0.0013557897022621784,0.6249122181847037,0.0006955312119631368,0.9394887845592061,4.0,1.25,124.55,40.583333333333336,0.3862012320328542
594,6573.0,1.0,68.3,5.0,instock,35.29,15473,4.0,Vin,product,1.3033005973500638,273.2,0.0019014463380802211,0.38926058653912404,0.0006955312119631368,0.954790471222394,4.0,1.25,176.45,56.916666666666664,0.3799707174231332
604,4604.0,1.0,49.0,5.0,instock,25.06,15660,4.0,Vin,product,0.6039323006203837,196.0,0.0013641415895451075,0.616760080205958,0.0006955312119631368,0.9617457833420249,4.0,1.25,125.3,40.833333333333336,0.38628571428571434
607,4285.0,1.0,41.0,5.0,instock,22.03,16153,4.0,Vin,product,0.3140387061210344,164.0,0.0011414245953336613,0.7319524415698485,0.0006955312119631368,0.9638323769779141,4.0,1.25,110.15,34.16666666666667,0.355219512195122
561,5769.0,1.0,33.6,6.0,instock,16.49,15254,5.0,Vin,product,0.04588713120913634,168.0,0.0011692642196100922,0.7145707721528592,0.000869414014953921,0.9306207616066766,5.0,1.2,98.94,28.000000000000004,0.4110714285714287
532,5817.0,1.0,57.6,6.0,instock,28.87,14600,5.0,Vin,product,0.9155679147071842,288.0,0.002004452947903015,0.3503345278852116,0.000869414014953921,0.905407755173014,5.0,1.2,173.22,48.0,0.3985416666666666
503,5820.0,1.0,63.5,7.0,instock,32.48,15240,6.0,Vin,product,1.1293644406504542,381.0,0.00265172421233003,0.19265646390836313,0.0010432968179447052,0.8782820379064525,6.0,1.1666666666666667,227.35999999999999,52.91666666666667,0.3862047244094489
496,6666.0,1.0,48.5,7.0,instock,25.56,16067,6.0,Vin,product,0.5858139509641743,291.0,0.0020253326661103382,0.33824725901499225,0.0010432968179447052,0.8709789601808398,6.0,1.1666666666666667,178.92,40.41666666666667,0.3675876288659795
485,6751.0,1.0,46.5,7.0,instock,24.51,16144,6.0,Vin,product,0.5133405523393371,279.0,0.0019418137932810458,0.37001505427682746,0.0010432968179447052,0.8595026951834482,6.0,1.1666666666666667,171.57000000000002,38.75,0.3674838709677419
508,4709.0,1.0,44.0,7.0,instock,22.05,10775,6.0,Vin,product,0.42274880405829035,264.0,0.0018374152022444304,0.413460527936715,0.0010432968179447052,0.883498521996176,6.0,1.1666666666666667,154.35,36.66666666666667,0.3986363636363637
511,6103.0,1.0,40.7,7.0,instock,21.87,14100,6.0,Vin,product,0.3031676963273089,244.20000000000002,0.0016996090620760983,0.46126255480056044,0.0010432968179447052,0.88662841245001,6.0,1.1666666666666667,153.09,33.91666666666667,0.35518427518427526
506,6137.0,1.0,46.0,7.0,instock,24.0,15834,6.0,Vin,product,0.49522220268312767,276.0,0.0019209340750737226,0.38162556958131294,0.0010432968179447052,0.8814119283602866,6.0,1.1666666666666667,168.0,38.333333333333336,0.37391304347826093
414,4287.0,1.0,38.6,8.0,instock,20.34,16065,7.0,Vin,product,0.22707062777122963,270.2,0.001880566619872898,0.3930321596379735,0.0012171796209354895,0.7779516605807714,7.0,1.1428571428571428,162.72,32.16666666666667,0.36766839378238353
341,5690.0,1.0,44.6,9.0,instock,21.89,14647,8.0,Vin,product,0.4444908236457416,356.8,0.0024832944854576242,0.22303158196576983,0.0013910624239262736,0.6810989393149044,8.0,1.125,197.01,37.16666666666667,0.4110313901345292
340,6920.0,1.0,50.5,9.0,instock,25.05,15740,8.0,Vin,product,0.6582873495890117,404.0,0.0028118020519195073,0.17905332749629213,0.0013910624239262736,0.6797078768909781,8.0,1.125,225.45000000000002,42.083333333333336,0.4047524752475248
312,3849.0,1.0,34.3,10.0,instock,17.54,15296,9.0,Vin,product,0.07125282072782925,308.7,0.002148523003533544,0.31342684199134035,0.001564945226917058,0.6381498869761802,9.0,1.1111111111111112,175.39999999999998,28.583333333333332,0.38635568513119534
298,5902.0,1.0,35.1,10.0,instock,18.14,14095,9.0,Vin,product,0.10024218017776433,315.90000000000003,0.00219863432723112,0.28955993209915637,0.001564945226917058,0.6162406537993411,9.0,1.1111111111111112,181.4,29.250000000000004,0.3798290598290599
321,5564.0,1.0,30.8,10.0,instock,16.07,15748,9.0,Vin,product,-0.05557562686563594,277.2,0.0019292859623566518,0.37970463550623923,0.001564945226917058,0.652234394018434,9.0,1.1111111111111112,160.7,25.666666666666668,0.3738961038961039
236,6626.0,1.0,33.2,11.0,instock,16.47,15790,10.0,Vin,product,0.03139245148416892,332.0,0.0023106888149437535,0.27840111469855605,0.001738828029907842,0.5155625108676753,10.0,1.1,181.17,27.66666666666667,0.40469879518072305
617,4708.0,1.0,32.6,3.0,instock,17.35,14700,3.0,Vin,product,0.009650431896717673,97.80000000000001,0.0006806788135587323,0.968887131899267,0.0005216484089723526,0.9704399234915636,3.0,1.0,52.050000000000004,27.166666666666668,0.3613496932515337
629,4392.0,1.0,49.5,3.0,instock,22.01,11586,3.0,Whisky,product,0.622050650276593,148.5,0.001033546051262492,0.7916078844599912,0.0005216484089723526,0.9766997043992324,3.0,1.0,66.03,41.25,0.4664242424242424
647,5799.0,1.0,40.2,3.0,instock,19.94,14461,3.0,Vin,product,0.28504934667109955,120.60000000000001,0.0008393646719343876,0.8988040097410845,0.0005216484089723526,0.9860893757607355,3.0,1.0,59.82000000000001,33.50000000000001,0.40477611940298514
688,5916.0,1.0,93.0,1.0,instock,40.49,14774,1.0,Whisky,product,2.198347070366805,93.0,0.0006472712644270153,0.9742149399951691,0.0001738828029907842,0.9999999999999994,1.0,1.0,40.49,77.5,0.47754838709677416
634,4657.0,1.0,43.0,3.0,instock,21.55,11847,3.0,Vin,product,0.3865121047458717,129.0,0.0008978278829148922,0.8702979744585368,0.0005216484089723526,0.9793079464440944,3.0,1.0,64.65,35.833333333333336,0.3986046511627907
425,4655.0,1.0,40.2,7.0,instock,20.35,13516,7.0,Vin,product,0.28504934667109955,281.40000000000003,0.0019585175678469044,0.3622310953291374,0.0012171796209354895,0.7913406364110617,7.0,1.0,142.45000000000002,33.50000000000001,0.39253731343283593
682,4139.0,1.0,77.4,1.0,instock,39.59,13217,1.0,Vin,product,1.6330545610930738,77.4,0.0005386967297489353,0.9910544327293753,0.0001738828029907842,0.9989567031820547,1.0,1.0,39.59,64.50000000000001,0.38620155038759696
684,4631.0,1.0,76.8,1.0,instock,38.49,791,1.0,Vin,product,1.6113125415056224,76.8,0.0005345207861074707,0.9915889535154828,0.0001738828029907842,0.9993044687880362,1.0,1.0,38.49,64.0,0.39859374999999997
674,4300.0,1.0,44.0,2.0,instock,23.42,15567,2.0,Vin,product,0.42274880405829035,88.0,0.0006124717340814768,0.9823587260866323,0.0003477656059815684,0.9970439923491559,2.0,1.0,46.84,36.66666666666667,0.3612727272727273
687,4630.0,1.0,62.4,1.0,instock,33.21,793,1.0,Vin,product,1.0895040714067936,62.4,0.0004342981387123199,0.9979962430427033,0.0001738828029907842,0.9998261171970086,1.0,1.0,33.21,52.0,0.3613461538461538
685,5063.0,1.0,67.0,1.0,instock,33.92,15715,1.0,Vin,product,1.2561928882439195,67.0,0.0004663137066302153,0.996211723126584,0.0001738828029907842,0.999478351591027,1.0,1.0,33.92,55.833333333333336,0.3924776119402985
443,4651.0,1.0,49.0,7.0,instock,24.81,11849,7.0,Vin,product,0.6039323006203837,343.0,0.002387247781703938,0.25961911218046213,0.0012171796209354895,0.8132498695879004,7.0,1.0,173.67,40.833333333333336,0.3924081632653062
621,4039.0,1.0,46.0,3.0,instock,23.77,19815,3.0,Vin,product,0.49522220268312767,138.0,0.0009604670375368613,0.8413691248822907,0.0005216484089723526,0.9725265171274532,3.0,1.0,71.31,38.333333333333336,0.37991304347826094
669,4627.0,1.0,58.3,2.0,instock,28.62,805,2.0,Vin,product,0.9409336042258771,116.6,0.0008115250476579567,0.9120661107557694,0.0003477656059815684,0.9953051643192479,2.0,1.0,57.24,48.583333333333336,0.4109090909090909
549,4598.0,1.0,41.8,5.0,instock,21.38,15478,5.0,Vin,product,0.3430280655709692,209.0,0.0014546203684435075,0.5775542333280672,0.000869414014953921,0.92018779342723,5.0,1.0,106.89999999999999,34.833333333333336,0.38622009569377996
576,6627.0,1.0,41.8,4.0,instock,22.24,15791,4.0,Vin,product,0.3430280655709692,167.2,0.001163696294754806,0.7215703496865608,0.0006955312119631368,0.9422709094070585,4.0,1.0,88.96,34.833333333333336,0.361531100478469
573,5922.0,1.0,48.5,4.0,instock,24.31,15343,4.0,Vin,product,0.5858139509641743,194.0,0.001350221777406892,0.6276175336737658,0.0006955312119631368,0.9401843157711692,4.0,1.0,97.24,40.41666666666667,0.3985154639175259
375,4653.0,1.0,36.2,8.0,instock,19.64,13515,8.0,Vin,product,0.14010254942142492,289.6,0.0020155887976135876,0.34632423000819174,0.0013910624239262736,0.728395061728398,8.0,1.0,157.12,30.16666666666667,0.348950276243094
314,4605.0,1.0,32.2,9.0,instock,16.47,15148,9.0,Vin,product,-0.00484424782824974,289.8,0.002016980778827409,0.34430864121057814,0.001564945226917058,0.6412797774300144,9.0,1.0,148.23,26.833333333333336,0.3862111801242237
509,5905.0,1.0,43.9,6.0,instock,22.23,12881,6.0,Vin,product,0.41912513412704844,263.4,0.0018332392586029656,0.4208060128020513,0.0010432968179447052,0.8845418188141206,6.0,1.0,133.38,36.583333333333336,0.3923462414578588
492,6663.0,1.0,50.4,6.0,instock,26.04,16152,6.0,Vin,product,0.6546636796577697,302.4,0.0021046755952981657,0.3155315175866385,0.0010432968179447052,0.866805772909061,6.0,1.0,156.24,42.0,0.38
668,5574.0,1.0,59.6,2.0,instock,30.18,8463,2.0,Vin,product,0.9880413133320215,119.2,0.0008296208034376368,0.9063081804647964,0.0003477656059815684,0.9949573987132663,2.0,1.0,60.36,49.66666666666667,0.3923489932885907
547,4253.0,1.0,59.6,5.0,instock,30.18,6616,5.0,Vin,product,0.9880413133320215,298.0,0.002074052008594092,0.3238806209071401,0.000869414014953921,0.9184489653973222,5.0,1.0,150.9,49.66666666666667,0.3923489932885907
546,4797.0,1.0,78.0,5.0,instock,42.32,14506,5.0,Vin,product,1.654796580680525,390.0,0.0027143633669519996,0.1900047396960331,0.000869414014953921,0.9175795513823684,5.0,1.0,211.6,65.0,0.3489230769230769
666,4046.0,1.0,80.0,2.0,instock,40.92,15269,2.0,Vin,product,1.727269979305362,160.0,0.0011135849710572306,0.7454755390621246,0.0003477656059815684,0.9942618675013031,2.0,1.0,81.84,66.66666666666667,0.38620000000000004
580,5914.0,1.0,36.0,4.0,instock,17.16,14265,4.0,Gin,product,0.13285520955894106,144.0,0.0010022264739515075,0.8150251844201111,0.0006955312119631368,0.9450530342549108,4.0,1.0,68.64,30.0,0.428
255,5913.0,1.0,36.0,7.0,instock,17.16,10014,10.0,Gin,product,0.13285520955894106,360.0,0.002505566184878769,0.21308657218362187,0.001738828029907842,0.5486002434359251,10.0,0.7,120.12,30.0,0.428
348,5700.0,1.0,44.5,1.0,instock,22.3,14736,8.0,Vin,product,0.4408671537144997,356.0,0.002477726560602338,0.23047102556303903,0.0013910624239262736,0.6908363762823884,8.0,0.125,22.3,37.083333333333336,0.39865168539325846
519,5709.0,1.0,31.7,0.0,outofstock,16.54,15035,5.0,Vin,product,-0.0229625974844592,158.5,0.001103145111953569,0.7521306012454052,0.000869414014953921,0.8941053729786135,5.0,0.0,0.0,26.416666666666668,0.37388012618296534
3,4726.0,1.0,12.7,0.0,outofstock,6.82,14950,22.0,Vin,product,-0.7114598844204137,279.4,0.0019445977557086887,0.3680732404835464,0.0038254216657972527,0.01895322552599548,22.0,0.0,0.0,10.583333333333334,0.3555905511811024
683,5565.0,1.0,92.0,0.0,outofstock,46.11,19822,1.0,Vin,product,2.162110371054386,92.0,0.0006403113583579075,0.974855251353527,0.0001738828029907842,0.9991305859850454,1.0,0.0,0.0,76.66666666666667,0.3985652173913044
15,4870.0,1.0,9.3,0.0,outofstock,4.81,16149,16.0,Vin,product,-0.8346646620826371,148.8,0.0010356340230832245,0.7905743384087287,0.0027821248478525473,0.055642496957050966,16.0,0.0,0.0,7.750000000000001,0.37935483870967757
512,6050.0,1.0,38.5,0.0,outofstock,20.09,15134,6.0,Vin,product,0.22344695783998772,231.0,0.0016077383019638767,0.4875494240329732,0.0010432968179447052,0.8876717092679547,6.0,0.0,0.0,32.083333333333336,0.3738181818181819
405,4976.0,1.0,16.45,0.0,outofstock,8.07,16005,7.0,Vin,product,-0.5755722619988438,115.14999999999999,0.0008014331838577506,0.9160767566280926,0.0012171796209354895,0.766997043992352,7.0,0.0,0.0,13.708333333333334,0.41130699088145894
383,4274.0,1.0,12.9,0.0,outofstock,6.33,12942,8.0,Vin,product,-0.70421254455793,103.2,0.0007182623063319137,0.9555818794669542,0.0013910624239262736,0.7395235611198082,8.0,0.0,0.0,10.75,0.4111627906976744
471,4179.0,1.0,24.0,0.0,outofstock,13.02,16166,6.0,Vin,product,-0.30198518219008286,144.0,0.0010022264739515075,0.8140229579461595,0.0010432968179447052,0.8448965397322227,6.0,0.0,0.0,20.0,0.34900000000000003
367,4283.0,1.0,27.0,0.0,outofstock,13.25,16154,8.0,Vin,product,-0.19327508425282688,216.0,0.0015033397109272613,0.5480379676795882,0.0013910624239262736,0.7172665623369877,8.0,0.0,0.0,22.5,0.4111111111111111
278,4256.0,1.0,24.4,0.0,outofstock,12.61,14253,9.0,Vin,product,-0.2874905024651155,219.6,0.0015283953727760488,0.5313293211794813,0.001564945226917058,0.5849417492609995,9.0,0.0,0.0,20.333333333333332,0.3798360655737705
282,5617.0,1.0,27.8,0.0,outofstock,14.65,14844,9.0,Vin,product,-0.16428572480289194,250.20000000000002,0.0017413684984907444,0.44407785072532674,0.001564945226917058,0.5912015301686678,9.0,0.0,0.0,23.166666666666668,0.36762589928057554
230,4706.0,1.0,16.8,0.0,outofstock,8.68,15349,10.0,Vin,product,-0.5628894172394973,168.0,0.0011692642196100922,0.7134015079332492,0.001738828029907842,0.5051295426882281,10.0,0.0,0.0,14.000000000000002,0.3800000000000001
206,4885.0,1.0,18.7,0.0,outofstock,9.66,14981,10.0,Vin,product,-0.4940396885459018,187.0,0.0013015024349231383,0.6500987262675905,0.001738828029907842,0.46339766997044013,10.0,0.0,0.0,15.583333333333334,0.38010695187165777
553,4612.0,1.0,20.6,0.0,outofstock,10.22,15038,5.0,Vin,product,-0.4251899598523063,103.0,0.0007168703251180922,0.9570170120984042,0.000869414014953921,0.9236654494870455,5.0,0.0,0.0,17.166666666666668,0.4046601941747573
265,5487.0,1.0,43.5,0.0,outofstock,23.37,16129,9.0,Vin,product,0.404630454402081,391.5,0.002724803226055661,0.1872903763290811,0.001564945226917058,0.5645974613110775,9.0,0.0,0.0,36.25,0.35531034482758617
545,4858.0,1.0,6.5,0.0,outofstock,3.19,16342,5.0,Vin,product,-0.9361274201574095,32.5,0.00022619694724599997,0.9999053452774596,0.000869414014953921,0.9167101373674145,5.0,0.0,0.0,5.416666666666667,0.4110769230769231
570,4636.0,1.0,50.0,0.0,outofstock,25.58,2361,4.0,Vin,product,0.6401689999328023,200.0,0.0013919812138215382,0.6002755426812764,0.0006955312119631368,0.93809772213528,4.0,0.0,0.0,41.66666666666667,0.3860800000000001
155,4352.0,1.0,225.0,0.0,outofstock,137.81,15940,11.0,Champagne,product,6.981591379606068,2475.0,0.017225767521041536,0.017225767521041536,0.0019127108328986263,0.36828377673448154,11.0,0.0,0.0,187.5,0.2650133333333333
596,6299.0,1.0,78.0,0.0,outofstock,41.51,15710,4.0,Vin,product,1.654796580680525,312.0,0.0021714906935615995,0.3026181078660162,0.0006955312119631368,0.9561815336463202,4.0,0.0,0.0,65.0,0.3613846153846154
45,5930.0,1.0,14.1,0.0,outofstock,6.92,16323,14.0,Vin,product,-0.6607285053830275,197.4,0.0013738854580418582,0.608560614865942,0.002434359241870979,0.13232481307598687,14.0,0.0,0.0,11.75,0.41106382978723405
25,4241.0,1.0,8.9,0.0,outofstock,4.37,14725,15.0,Vin,product,-0.8491593418076047,133.5,0.0009291474602258768,0.8574708675731713,0.0026082420448617634,0.08207268301165017,15.0,0.0,0.0,7.416666666666667,0.4107865168539326
665,6632.0,1.0,52.7,0.0,outofstock,26.41,15794,2.0,Vin,product,0.7380080880763328,105.4,0.0007335740996839506,0.9498009814859535,0.0003477656059815684,0.9939141018953215,2.0,0.0,0.0,43.91666666666667,0.39863377609108164
701,4355.0,1.0,12.65,97.0,instock,77.48,12589,0.0,Champagne,product,-0.7132717193860347,0.0,0.0,0.9999999999999994,0.0,0.9999999999999994,0.0,0.0,7515.56,10.541666666666668,-6.3498814229249
707,4337.0,1.0,83.0,145.0,instock,48.9,4679,0.0,Champagne,product,1.8359800772426182,0.0,0.0,0.9999999999999994,0.0,0.9999999999999994,0.0,0.0,7090.5,69.16666666666667,0.29301204819277116
713,5932.0,1.0,59.9,13.0,instock,27.18,523,0.0,Cognac,product,0.9989123231257471,0.0,0.0,0.9999999999999994,0.0,0.9999999999999994,0.0,0.0,353.34,49.916666666666664,0.45549248747913185
689,4138.0,1.0,25.7,0.0,outofstock,13.01,15341,0.0,Vin,product,-0.24038279335897117,0.0,0.0,0.9999999999999994,0.0,0.9999999999999994,0.0,,0.0,21.416666666666668,0.3925291828793775
690,4079.0,1.0,37.0,0.0,outofstock,19.5,13078,0.0,Vin,product,0.16909190887135972,0.0,0.0,0.9999999999999994,0.0,0.9999999999999994,0.0,,0.0,30.833333333333336,0.36756756756756764
691,4396.0,1.0,62.0,0.0,outofstock,28.42,9636,0.0,Whisky,product,1.0750093916818262,0.0,0.0,0.9999999999999994,0.0,0.9999999999999994,0.0,,0.0,51.66666666666667,0.44993548387096777
692,4052.0,1.0,33.7,0.0,outofstock,18.11,16030,0.0,Vin,product,0.04951080114037825,0.0,0.0,0.9999999999999994,0.0,0.9999999999999994,0.0,,0.0,28.083333333333336,0.3551335311572701
693,4196.0,1.0,27.2,0.0,outofstock,14.05,13032,0.0,Vin,product,-0.18602774439034317,0.0,0.0,0.9999999999999994,0.0,0.9999999999999994,0.0,,0.0,22.666666666666668,0.3801470588235294
694,6301.0,1.0,40.5,0.0,outofstock,20.51,15745,0.0,Vin,product,0.29592035646482506,0.0,0.0,0.9999999999999994,0.0,0.9999999999999994,0.0,,0.0,33.75,0.39229629629629625
695,4051.0,1.0,7.7,0.0,outofstock,4.14,16045,0.0,Vin,product,-0.8926433809825071,0.0,0.0,0.9999999999999994,0.0,0.9999999999999994,0.0,,0.0,6.416666666666667,0.3548051948051949
696,4923.0,1.0,7.0,0.0,outofstock,3.65,15928,0.0,Vin,product,-0.9180090705012002,0.0,0.0,0.9999999999999994,0.0,0.9999999999999994,0.0,,0.0,5.833333333333334,0.3742857142857144
697,3850.0,1.0,20.8,0.0,outofstock,10.64,15300,0.0,Vin,product,-0.4179426199898226,0.0,0.0,0.9999999999999994,0.0,0.9999999999999994,0.0,,0.0,17.333333333333336,0.3861538461538462
698,4100.0,1.0,15.8,0.0,outofstock,8.57,13416,0.0,Vin,product,-0.5991261165519158,0.0,0.0,0.9999999999999994,0.0,0.9999999999999994,0.0,,0.0,13.166666666666668,0.34911392405063296
699,4047.0,1.0,18.3,0.0,outofstock,9.93,14977,0.0,Vin,product,-0.5085343682708692,0.0,0.0,0.9999999999999994,0.0,0.9999999999999994,0.0,,0.0,15.250000000000002,0.34885245901639356
700,4065.0,1.0,19.5,0.0,outofstock,9.67,15022,0.0,Vin,product,-0.46505032909596683,0.0,0.0,0.9999999999999994,0.0,0.9999999999999994,0.0,,0.0,16.25,0.40492307692307694
702,6038.0,1.0,48.5,0.0,outofstock,25.31,15318,0.0,Vin,product,0.5858139509641743,0.0,0.0,0.9999999999999994,0.0,0.9999999999999994,0.0,,0.0,40.41666666666667,0.37377319587628877
703,4043.0,1.0,60.0,0.0,outofstock,29.45,14980,0.0,Vin,product,1.002535993056989,0.0,0.0,0.9999999999999994,0.0,0.9999999999999994,0.0,,0.0,50.0,0.41100000000000003
704,5707.0,1.0,10.8,0.0,outofstock,5.69,13557,0.0,Vin,product,-0.7803096131140091,0.0,0.0,0.9999999999999994,0.0,0.9999999999999994,0.0,,0.0,9.000000000000002,0.36777777777777787
705,4606.0,1.0,50.1,0.0,outofstock,24.59,15149,0.0,Vin,product,0.6437926698640443,0.0,0.0,0.9999999999999994,0.0,0.9999999999999994,0.0,,0.0,41.75,0.4110179640718563
706,5384.0,1.0,28.8,0.0,outofstock,15.18,14149,0.0,Vin,product,-0.12804902549047326,0.0,0.0,0.9999999999999994,0.0,0.9999999999999994,0.0,,0.0,24.0,0.3675
708,5712.0,1.0,57.6,0.0,outofstock,30.36,14241,0.0,Vin,product,0.9155679147071842,0.0,0.0,0.9999999999999994,0.0,0.9999999999999994,0.0,,0.0,48.0,0.3675
709,5544.0,1.0,61.6,0.0,outofstock,31.51,14828,0.0,Vin,product,1.0605147119568588,0.0,0.0,0.9999999999999994,0.0,0.9999999999999994,0.0,,0.0,51.333333333333336,0.38616883116883116
710,4876.0,1.0,22.8,0.0,outofstock,11.9,16289,0.0,Vin,product,-0.34546922136498526,0.0,0.0,0.9999999999999994,0.0,0.9999999999999994,0.0,,0.0,19.0,0.3736842105263158
711,4618.0,1.0,30.6,0.0,outofstock,16.44,14372,0.0,Vin,product,-0.06282296672811966,0.0,0.0,0.9999999999999994,0.0,0.9999999999999994,0.0,,0.0,25.500000000000004,0.35529411764705887
712,4198.0,1.0,5.8,0.0,outofstock,2.97,16322,0.0,Vin,product,-0.9614931096761025,0.0,0.0,0.9999999999999994,0.0,0.9999999999999994,0.0,,0.0,4.833333333333333,0.38551724137931026
